raw,normalised,signed
714331737845250,0.3172270170,714331737845250.0000
1966111678935286,0.8731289820,-285688134618891.0000
1768792376325255,0.7855016088,-483007437228922.0000
153365738844454,0.0681080698,153365738844454.0000
1541932687784228,0.6847556690,-709867125769949.0000
181195847070927,0.0804671206,181195847070927.0000
52242530898148,0.0232003443,52242530898148.0000
115512756112353,0.0512979686,115512756112353.0000
1838311512839036,0.8163743072,-413488300715141.0000
1462770419394915,0.6496005598,-789029394159262.0000
823302023040331,0.3656195449,823302023040331.0000
1085050371647333,0.4818591622,1085050371647333.0000
1776874367197223,0.7890907338,-474925446356954.0000
460056701247509,0.2043062170,460056701247509.0000
2247732150477428,0.9981935947,-4067663076749.0000
1440544995989123,0.6397304891,-811254817565054.0000
587774605822673,0.2610243603,587774605822673.0000
1278902844557055,0.5679469537,-972896968997122.0000
1952087345930340,0.8669009271,-299712467623837.0000
223028242170871,0.0990444358,223028242170871.0000
1826287933158709,0.8110347652,-425511880395468.0000
484357390987129,0.2150978911,484357390987129.0000
2198428919867483,0.9762985620,-53370893686694.0000
1318439096094537,0.5855045765,-933360717459640.0000
2034850126119954,0.9036549847,-216949687434223.0000
686150262003585,0.3047119277,686150262003585.0000
1890988614771457,0.8397676398,-360811198782720.0000
1456244500742673,0.6467024697,-795555312811504.0000
1544169989851785,0.6857492307,-707629823702392.0000
2186449174130833,0.9709784862,-65350639423344.0000
2098609143823999,0.9319696765,-153190669730178.0000
574475708610473,0.2551184635,574475708610473.0000
1805187793434193,0.8016644209,-446612020119984.0000
1214625487473864,0.5394020730,-1037174326080313.0000
39528971282708,0.0175543896,39528971282708.0000
1773361703261630,0.7875307976,-478438110292547.0000
410213300597100,0.1821713005,410213300597100.0000
841730941803171,0.3738036289,841730941803171.0000
1617929424725376,0.7185049999,-633870388828801.0000
487353040853892,0.2164282268,487353040853892.0000
151020227106338,0.0670664533,151020227106338.0000
1555966526769542,0.6909879455,-695833286784635.0000
172945926514420,0.0768034199,172945926514420.0000
557822967970206,0.2477231611,557822967970206.0000
553778410047478,0.2459270166,553778410047478.0000
1135250991794886,0.5041527160,-1116548821759291.0000
656303058984814,0.2914571069,656303058984814.0000
1554313665876139,0.6902539278,-697486147678038.0000
1026849511762699,0.4560127883,1026849511762699.0000
3978576850541,0.0017668430,3978576850541.0000
1338752487888782,0.5945255346,-913047325665395.0000
1752175330579420,0.7781221581,-499624482974757.0000
51591620922047,0.0229112822,51591620922047.0000
2179668075768837,0.9679670736,-72131737785340.0000
273097244927501,0.1212795397,273097244927501.0000
1542817287794024,0.6851485103,-708982525760153.0000
592490960147096,0.2631188424,592490960147096.0000
267130997593394,0.1186299937,267130997593394.0000
1219099867773016,0.5413890970,-1032699945781161.0000
1915110260929646,0.8504798026,-336689552624531.0000
659984203433336,0.2930918634,659984203433336.0000
1658770170893960,0.7366419346,-593029642660217.0000
694737763253482,0.3085255444,694737763253482.0000
1344583629332642,0.5971150816,-907216184221535.0000
1078516852560134,0.4789576969,1078516852560134.0000
1791219792660397,0.7954613824,-460580020893780.0000
1700315916257501,0.7550919518,-551483897296676.0000
1185803283285251,0.5266024431,-1065996530268926.0000
542440555038699,0.2408919975,542440555038699.0000
451357245438812,0.2004428825,451357245438812.0000
1003035920743227,0.4454374295,1003035920743227.0000
477503634342956,0.2120542117,477503634342956.0000
539644690293564,0.2396503841,539644690293564.0000
1334341740625802,0.5925667693,-917458072928375.0000
1096355120691708,0.4868794793,1096355120691708.0000
1517966204749531,0.6741124125,-733833608804646.0000
1077947096442557,0.4787046743,1077947096442557.0000
1958629238935628,0.8698061112,-293170574618549.0000
353767046649008,0.1571041282,353767046649008.0000
604740356455074,0.2685586671,604740356455074.0000
146239066479250,0.0649431915,146239066479250.0000
97641371529556,0.0433614795,97641371529556.0000
2198337867992096,0.9762581268,-53461945562081.0000
2166811091758510,0.9622574257,-84988721795667.0000
1189123368467504,0.5280768571,-1062676445086673.0000
881220294618221,0.3913404244,881220294618221.0000
26933472837688,0.0119608647,26933472837688.0000
1946573942021956,0.8644524839,-305225871532221.0000
942232048849122,0.4184350861,942232048849122.0000
2215062636455409,0.9836854160,-36737177098768.0000
1973214277538426,0.8762831694,-278585536015751.0000
423540576240614,0.1880897999,423540576240614.0000
1248100069950472,0.5542677739,-1003699743603705.0000
149579619197096,0.0664266949,149579619197096.0000
645450966369342,0.2866378097,645450966369342.0000
947498425647538,0.4207738272,947498425647538.0000
451541324956275,0.2005246302,451541324956275.0000
1696878560664659,0.7535654593,-554921252889518.0000
1068097089575662,0.4743303926,1068097089575662.0000
1775792401151670,0.7886102443,-476007412402507.0000
249572502571097,0.1108324555,249572502571097.0000
268924157384622,0.1194263166,268924157384622.0000
1519193142281141,0.6746572822,-732606671273036.0000
1702667824185138,0.7561364087,-549131989369039.0000
1131314829920338,0.5024047089,-1120484983633839.0000
236597360102563,0.1050703347,236597360102563.0000
2226132841467414,0.9886015746,-25666972086763.0000
1892255943874187,0.8403304470,-359543869679990.0000
2208021945979684,0.9805587214,-43777867574493.0000
111642512595871,0.0495792352,111642512595871.0000
960320820137232,0.4264681142,960320820137232.0000
1347393436615271,0.5983628867,-904406376938906.0000
36093513483883,0.0160287399,36093513483883.0000
843472823570270,0.3745771798,843472823570270.0000
802503481675542,0.3563831371,802503481675542.0000
2056851426188530,0.9134255247,-194948387365647.0000
1558316869193791,0.6920317072,-693482944360386.0000
1394266476967104,0.6191786981,-857533336587073.0000
493415263059292,0.2191203943,493415263059292.0000
385071824048469,0.1710062421,385071824048469.0000
1367501459699917,0.6072926427,-884298353854260.0000
319560774740053,0.1419134920,319560774740053.0000
1881719751790343,0.8356514378,-370080061763834.0000
1240457534844919,0.5508738065,-1011342278709258.0000
1785280521299141,0.7928238161,-466519292255036.0000
618171893950701,0.2745234680,618171893950701.0000
790762518869887,0.3511691022,790762518869887.0000
1773897911390003,0.7877689219,-477901902164174.0000
1925133366022850,0.8549309554,-326666447531327.0000
1180011112052136,0.5240302024,-1071788701502041.0000
1647512068793039,0.7316423329,-604287744761138.0000
1828092587477735,0.8118361928,-423707226076442.0000
1637650215734617,0.7272627904,-614149597819560.0000
2247021192308516,0.9978778659,-4778621245661.0000
1263141359633102,0.5609474484,-988658453921075.0000
727863621014573,0.3232363804,727863621014573.0000
2120334712198508,0.9416177670,-131465101355669.0000
711854298869262,0.3161268131,711854298869262.0000
1923034662381328,0.8539989438,-328765151172849.0000
333468185128376,0.1480896229,333468185128376.0000
1905365429092744,0.8461522279,-346434384461433.0000
2087169696535874,0.9268895414,-164630117018303.0000
425193442713340,0.1888238200,425193442713340.0000
1220024653028920,0.5417997842,-1031775160525257.0000
1257251993810900,0.5583320445,-994547819743277.0000
337625548170154,0.1499358629,337625548170154.0000
1233032677775297,0.5475765076,-1018767135778880.0000
1900085793558923,0.8438075988,-351714019995254.0000
307898729537075,0.1367345035,307898729537075.0000
2039731593115734,0.9058227915,-212068220438443.0000
1853404195026837,0.8230768046,-398395618527340.0000
29193330322571,0.0129644430,29193330322571.0000
345476954521820,0.1534225878,345476954521820.0000
47545257012204,0.0211143356,47545257012204.0000
2242106881457444,0.9956954734,-9692932096733.0000
278719394419941,0.1237762756,278719394419941.0000
985498877777135,0.4376494180,985498877777135.0000
1840751122118737,0.8174577114,-411048691435440.0000
1764059480125439,0.7833997807,-487740333428738.0000
610193413712969,0.2709803110,610193413712969.0000
585406496213562,0.2599727084,585406496213562.0000
855245604685893,0.3798053448,855245604685893.0000
822801282157959,0.3653971713,822801282157959.0000
672408018034440,0.2986091454,672408018034440.0000
686776589736186,0.3049900731,686776589736186.0000
1566540441437654,0.6956837069,-685259372116523.0000
951439832050535,0.4225241633,951439832050535.0000
1355463839975460,0.6019468657,-896335973578717.0000
1207647004198353,0.5363030039,-1044152809355824.0000
2129001010008749,0.9454663764,-122798803545428.0000
1263366166509989,0.5610472827,-988433647044188.0000
953266904973919,0.4233355466,953266904973919.0000
671278234035453,0.2981074206,671278234035453.0000
1392298904915200,0.6183049206,-859500908638977.0000
1827455367686936,0.8115532103,-424344445867241.0000
2012190510016036,0.8935920937,-239609303538141.0000
187820398689868,0.0834090125,187820398689868.0000
418360544808424,0.1857894038,418360544808424.0000
1476657318389082,0.6557675818,-775142495165095.0000
1917211715814041,0.8514130360,-334588097740136.0000
1708927908972278,0.7589164448,-542871904581899.0000
1858563324777639,0.8253679184,-393236488776538.0000
1723307229897265,0.7653021461,-528492583656912.0000
425315086104943,0.1888778405,425315086104943.0000
1610419947222208,0.7151701219,-641379866331969.0000
1347653524004973,0.5984783887,-904146289549204.0000
2106563706013772,0.9355022118,-145236107540405.0000
1758069635965793,0.7807397555,-493730177588384.0000
1122408609874423,0.4984495527,1122408609874423.0000
470713121471859,0.2090386182,470713121471859.0000
327379690519262,0.1453857881,327379690519262.0000
1722507820530123,0.7649471370,-529291993024054.0000
626038338294129,0.2780168710,626038338294129.0000
4078638747952,0.0018112795,4078638747952.0000
661147281255497,0.2936083737,661147281255497.0000
1544298291041022,0.6858062079,-707501522513155.0000
981803553883801,0.4360083645,981803553883801.0000
2149205082950414,0.9544387871,-102594730603763.0000
2209317964826903,0.9811342694,-42481848727274.0000
1048803153221747,0.4657621636,1048803153221747.0000
1103817613353252,0.4901934918,1103817613353252.0000
1038822881863655,0.4613300328,1038822881863655.0000
668333384562339,0.2967996447,668333384562339.0000
1339856461452865,0.5950157973,-911943352101312.0000
1608286720062990,0.7142227788,-643513093491187.0000
676640018201061,0.3004885311,676640018201061.0000
1810480816246280,0.8040149952,-441318997307897.0000
1067369374801509,0.4740072223,1067369374801509.0000
109254507659756,0.0485187480,109254507659756.0000
626395121313925,0.2781753145,626395121313925.0000
2068637925096024,0.9186597817,-183161888458153.0000
181821997466019,0.0807451872,181821997466019.0000
2107096324579658,0.9357387419,-144703488974519.0000
806079336506903,0.3579711356,806079336506903.0000
2070602873527074,0.9195323941,-181196940027103.0000
211895459477332,0.0941004872,211895459477332.0000
2136457740512478,0.9487778299,-115342073041699.0000
1321125238790898,0.5866974634,-930674574763279.0000
296969258263026,0.1318808433,296969258263026.0000
1524628682407736,0.6770711469,-727171131146441.0000
725795462132889,0.3223179333,725795462132889.0000
1097776433145657,0.4875106688,1097776433145657.0000
791859213381434,0.3516561324,791859213381434.0000
1755571171080043,0.7796302142,-496228642474134.0000
1720429304709333,0.7640240906,-531370508844844.0000
728163989788223,0.3233697709,728163989788223.0000
1188599882282629,0.5278443826,-1063199931271548.0000
2125070588830150,0.9437209187,-126729224724027.0000
1316250238994552,0.5845325286,-935549574559625.0000
380446735769883,0.1689522903,380446735769883.0000
1261159596637533,0.5600673688,-990640216916644.0000
2154163961145833,0.9566409714,-97635852408344.0000
1056111699832176,0.4690078103,1056111699832176.0000
362639194307316,0.1610441533,362639194307316.0000
789946465605587,0.3508067018,789946465605587.0000
23933146774765,0.0106284522,23933146774765.0000
1698309264284696,0.7542008193,-553490549269481.0000
46797432899562,0.0207822350,46797432899562.0000
1205566020500208,0.5353788615,-1046233793053969.0000
2224710308951478,0.9879698433,-27089504602699.0000
552812334385341,0.2454979928,552812334385341.0000
558298660944989,0.2479344112,558298660944989.0000
1324394827938150,0.5881494527,-927404985616027.0000
840132042858361,0.3730935751,840132042858361.0000
1692926287692967,0.7518102975,-558873525861210.0000
1468990900706147,0.6523630084,-782808912848030.0000
17877742530842,0.0079393126,17877742530842.0000
313719922809581,0.1393196326,313719922809581.0000
1983159031799949,0.8806995275,-268640781754228.0000
1322642645441299,0.5873713274,-929157168112878.0000
949616125697055,0.4217142749,949616125697055.0000
2098410668051901,0.9318815356,-153389145502276.0000
1664481674828358,0.7391783518,-587318138725819.0000
2054068570945397,0.9121896887,-197731242608780.0000
1820639053946618,0.8085261589,-431160759607559.0000
148831113602981,0.0660942916,148831113602981.0000
637729504584104,0.2832087918,637729504584104.0000
1594218152861308,0.7079750799,-657581660692869.0000
1064306248487636,0.4726469210,1064306248487636.0000
922091080930396,0.4094906996,922091080930396.0000
209115444832377,0.0928659127,209115444832377.0000
880754398016996,0.3911335247,880754398016996.0000
889374986176782,0.3949618349,889374986176782.0000
833938737474132,0.3703431950,833938737474132.0000
966913499514862,0.4293958520,966913499514862.0000
1857385847958908,0.8248450137,-394413965595269.0000
1127650889472451,0.5007775925,-1124148924081726.0000
1634821380798363,0.7260065353,-616978432755814.0000
797149117590933,0.3540053218,797149117590933.0000
898755267673749,0.3991275167,898755267673749.0000
230092278801851,0.1021814983,230092278801851.0000
692704723398608,0.3076226933,692704723398608.0000
2010418162083277,0.8928050131,-241381651470900.0000
179393002854590,0.0796664969,179393002854590.0000
2234157209899253,0.9921651101,-17642603654924.0000
842688233043410,0.3742287516,842688233043410.0000
1738678831255231,0.7721285084,-513120982298946.0000
637628763637164,0.2831640538,637628763637164.0000
764704167965713,0.3395968697,764704167965713.0000
843281220793749,0.3744920910,843281220793749.0000
1497677010710057,0.6651022003,-754122802844120.0000
298202150381245,0.1324283573,298202150381245.0000
311961586618032,0.1385387745,311961586618032.0000
1398185121529834,0.6209189259,-853614692024343.0000
1898034112506449,0.8428964693,-353765701047728.0000
1274389781850210,0.5659427513,-977410031703967.0000
2068896034217333,0.9187744052,-182903779336844.0000
841007728144778,0.3734824575,841007728144778.0000
2073408744939834,0.9207784513,-178391068614343.0000
2048975396583112,0.9099278649,-202824416971065.0000
1061550525357350,0.4714231340,1061550525357350.0000
1321298101073711,0.5867742297,-930501712480466.0000
240221568212549,0.1066798064,240221568212549.0000
1028709327518493,0.4568387124,1028709327518493.0000
230765045836973,0.1024802669,230765045836973.0000
243470985651065,0.1081228376,243470985651065.0000
2145356354519182,0.9527296084,-106443459034995.0000
1480633801271458,0.6575334949,-771166012282719.0000
54947713773466,0.0244016868,54947713773466.0000
1150461149747518,0.5109073830,-1101338663806659.0000
1400379407144161,0.6218933844,-851420406410016.0000
166862065974667,0.0741016430,166862065974667.0000
1632951546276714,0.7251761620,-618848267277463.0000
1913122891866375,0.8495972334,-338676921687802.0000
1211732967408976,0.5381175361,-1040066846145201.0000
698410530702636,0.3101565807,698410530702636.0000
800670899248355,0.3555693070,800670899248355.0000
117592037984534,0.0522213552,117592037984534.0000
1043441285089173,0.4633810158,1043441285089173.0000
54829672230206,0.0243492658,54829672230206.0000
411038884401573,0.1825379334,411038884401573.0000
160612636119623,0.0713263387,160612636119623.0000
157339282553403,0.0698726777,157339282553403.0000
534941832588761,0.2375618958,534941832588761.0000
340467141292755,0.1511977838,340467141292755.0000
1178462508781605,0.5233424844,-1073337304772572.0000
1848457800046454,0.8208801639,-403342013507723.0000
1726233898808213,0.7666018482,-525565914745964.0000
1431016282979333,0.6354988904,-820783530574844.0000
1216510807798541,0.5402393234,-1035289005755636.0000
2192633960659606,0.9737250831,-59165852894571.0000
29007835400795,0.0128820667,29007835400795.0000
950404446813118,0.4220643598,950404446813118.0000
1403367684185269,0.6232204460,-848432129368908.0000
1543453493801560,0.6854310425,-708346319752617.0000
1104300377433809,0.4904078821,1104300377433809.0000
394346787270175,0.1751251532,394346787270175.0000
839749012445145,0.3729234754,839749012445145.0000
572988303537188,0.2544579230,572988303537188.0000
302983009512325,0.1345514853,302983009512325.0000
1481368846476131,0.6578599206,-770430967078046.0000
76882117263809,0.0341425187,76882117263809.0000
494677688541161,0.2196810238,494677688541161.0000
1583716683136775,0.7033114905,-668083130417402.0000
218572566299878,0.0970657183,218572566299878.0000
1123828713189114,0.4990802053,1123828713189114.0000
1647352911546686,0.7315716529,-604446902007491.0000
339265409995224,0.1506641079,339265409995224.0000
1211029637583288,0.5378051949,-1040770175970889.0000
1603664567431033,0.7121701307,-648135246123144.0000
1754605480642428,0.7792013615,-497194332911749.0000
525117611373383,0.2331990651,525117611373383.0000
1783432428309758,0.7920030980,-468367385244419.0000
1146350651410799,0.5090819550,-1105449162143378.0000
1584300177545460,0.7035706141,-667499636008717.0000
1543198054374590,0.6853176046,-708601759179587.0000
235719659228637,0.1046805572,235719659228637.0000
1344208931767331,0.5969486824,-907590881786846.0000
1908343705126782,0.8474748482,-343456108427395.0000
2124330874535658,0.9433924196,-127468939018519.0000
1558951319909040,0.6923134599,-692848493645137.0000
1384780414543862,0.6149660401,-867019399010315.0000
1289034286901010,0.5724462180,-962765526653167.0000
1412842324254493,0.6274280315,-838957489299684.0000
595319567092783,0.2643749962,595319567092783.0000
866873655734188,0.3849692368,866873655734188.0000
666660727198701,0.2960568356,666660727198701.0000
1269884762974832,0.5639421210,-981915050579345.0000
153741543913107,0.0682749608,153741543913107.0000
2114500501912216,0.9390268572,-137299311641961.0000
1095319889973061,0.4864197445,1095319889973061.0000
244825001991032,0.1087241417,244825001991032.0000
1219505511860654,0.5415692392,-1032294301693523.0000
767611286416041,0.3408878897,767611286416041.0000
1152020889498136,0.5116000466,-1099778924056041.0000
331492057555318,0.1472120459,331492057555318.0000
97568576184865,0.0433291519,97568576184865.0000
1202613657734200,0.5340677490,-1049186155819977.0000
2169063145340579,0.9632575384,-82736668213598.0000
1259326513221160,0.5592533162,-992473300333017.0000
1511857422426235,0.6713995682,-739942391127942.0000
1251098249195429,0.5555992330,-1000701564358748.0000
448448864787294,0.1991513020,448448864787294.0000
69241077722147,0.0307492155,69241077722147.0000
453405432771824,0.2013524604,453405432771824.0000
1932982433129347,0.8584166414,-318817380424830.0000
738670469210626,0.3280355850,738670469210626.0000
948052730507706,0.4210199880,948052730507706.0000
972568694287998,0.4319072630,972568694287998.0000
1893607222216361,0.8409305351,-358192591337816.0000
769381264433182,0.3416739178,769381264433182.0000
966580406511088,0.4292479290,966580406511088.0000
1659973594929703,0.7371763622,-591826218624474.0000
111977921658888,0.0497281868,111977921658888.0000
2080414547977797,0.9238896528,-171385265576380.0000
1004104362467332,0.4459119130,1004104362467332.0000
1321997097106396,0.5870846463,-929802716447781.0000
2084661433785772,0.9257756490,-167138379768405.0000
1058724159452450,0.4701679754,1058724159452450.0000
1542374936178905,0.6849520667,-709424877375272.0000
2034830011955201,0.9036460522,-216969801598976.0000
1146613219949213,0.5091985589,-1105186593604964.0000
183266922571584,0.0813868628,183266922571584.0000
1972607105184707,0.8760135307,-279192708369470.0000
345409806576534,0.1533927681,345409806576534.0000
409722819518840,0.1819534832,409722819518840.0000
1228761676240405,0.5456798019,-1023038137313772.0000
668378179231702,0.2968195375,668378179231702.0000
1151108762685401,0.5111949809,-1100691050868776.0000
1861256356211797,0.8265638646,-390543457342380.0000
1192846872317686,0.5297304250,-1058952941236491.0000
782916227780610,0.3476846490,782916227780610.0000
1052609716539811,0.4674526173,1052609716539811.0000
1461909115647215,0.6492180641,-789890697906962.0000
313254943102153,0.1391131402,313254943102153.0000
1723613675118142,0.7654382351,-528186138436035.0000
2046435181468354,0.9087997828,-205364632085823.0000
1878511927920580,0.8342268778,-373287885633597.0000
1780753489580950,0.7908134102,-471046323973227.0000
2137101732397654,0.9490638198,-114698081156523.0000
2047216371142938,0.9091467007,-204583442411239.0000
2164823173373272,0.9613746126,-86976640180905.0000
235249111542540,0.1044715921,235249111542540.0000
1970097595014211,0.8748990843,-281702218539966.0000
470793179315050,0.2090741710,470793179315050.0000
629325723174075,0.2794767632,629325723174075.0000
1274139489820456,0.5658315993,-977660323733721.0000
2161517756080662,0.9599067124,-90282057473515.0000
2046939621664002,0.9090237992,-204860191890175.0000
2126071027081651,0.9441652026,-125728786472526.0000
2180470714571844,0.9683235168,-71329098982333.0000
2234830776327288,0.9924642337,-16969037226889.0000
1376940061853378,0.6114842241,-874859751700799.0000
336909291380217,0.1496177810,336909291380217.0000
1114079738630265,0.4947507909,1114079738630265.0000
710739005278752,0.3156315233,710739005278752.0000
1083769303837497,0.4812902538,1083769303837497.0000
707387396729044,0.3141431101,707387396729044.0000
1491426472084933,0.6623264036,-760373341469244.0000
1471598383840779,0.6535209635,-780201429713398.0000
297319594564825,0.1320364238,297319594564825.0000
1221949046379090,0.5426543865,-1029850767175087.0000
163220974171025,0.0724846735,163220974171025.0000
728754116783842,0.3236318399,728754116783842.0000
961485730294423,0.4269854383,961485730294423.0000
144255543701272,0.0640623304,144255543701272.0000
2220288339892538,0.9860060946,-31511473661639.0000
689909561137826,0.3063813919,689909561137826.0000
234281754702063,0.1040419993,234281754702063.0000
1114070246019025,0.4947465753,1114070246019025.0000
252148745914084,0.1119765373,252148745914084.0000
28532066588147,0.0126707829,28532066588147.0000
1798654703105379,0.7987631459,-453145110448798.0000
1999187896765067,0.8878177735,-252611916789110.0000
2003614267599015,0.8897834770,-248185545955162.0000
255529010333199,0.1134776763,255529010333199.0000
1958320877888722,0.8696691713,-293478935665455.0000
1534134207247597,0.6812924479,-717665606306580.0000
1288559818964926,0.5722355119,-963239994589251.0000
2242989195034118,0.9960872994,-8810618520059.0000
2043410092540643,0.9074563734,-208389721013534.0000
853502587609627,0.3790312898,853502587609627.0000
761028608370356,0.3379645934,761028608370356.0000
333029961034275,0.1478950123,333029961034275.0000
1951369782449104,0.8665822649,-300430031105073.0000
1712058597437450,0.7603067498,-539741216116727.0000
268729888262513,0.1193400437,268729888262513.0000
350517866248219,0.1556612023,350517866248219.0000
354747722978,0.0001575396,354747722978.0000
1152836838088865,0.5119624005,-1098962975465312.0000
525369827093502,0.2333110714,525369827093502.0000
1942633768177578,0.8627026952,-309166045376599.0000
6448310454650,0.0028636251,6448310454650.0000
1394058900666345,0.6190865157,-857740912887832.0000
153746176454659,0.0682770180,153746176454659.0000
1995732414771426,0.8862832312,-256067398782751.0000
152247072025417,0.0676112819,152247072025417.0000
737460963162729,0.3274984564,737460963162729.0000
1048855484409549,0.4657854033,1048855484409549.0000
1455369936425574,0.6463140851,-796429877128603.0000
1547843725873023,0.6873806972,-703956087681154.0000
964976701905785,0.4285357411,964976701905785.0000
253998575292149,0.1127980266,253998575292149.0000
725598256775053,0.3222303565,725598256775053.0000
828300867439500,0.3678394778,828300867439500.0000
1468068179159980,0.6519532377,-783731634394197.0000
1889737627512640,0.8392120899,-362062186041537.0000
916352531254098,0.4069422716,916352531254098.0000
2241044069228711,0.9952234900,-10755744325466.0000
317173093874092,0.1408531487,317173093874092.0000
182462992739975,0.0810298463,182462992739975.0000
551890006876835,0.2450883971,551890006876835.0000
1203265747857494,0.5343573352,-1048534065696683.0000
952206923090856,0.4228648201,952206923090856.0000
1801180304060856,0.7998847381,-450619509493321.0000
949821875654106,0.4218056463,949821875654106.0000
1921183950119450,0.8531770624,-330615863434727.0000
205609813790050,0.0913090997,205609813790050.0000
2067847708702021,0.9183088551,-183952104852156.0000
2242550405192593,0.9958924375,-9249408361584.0000
571122410914913,0.2536293002,571122410914913.0000
142765643862164,0.0634006820,142765643862164.0000
2046030028782396,0.9086198589,-205769784771781.0000
1140992259027989,0.5067023508,-1110807554526188.0000
1069952592568930,0.4751544014,1069952592568930.0000
1715164756940146,0.7616861617,-536635056614031.0000
40422028425108,0.0179509867,40422028425108.0000
924860268870315,0.4107204660,924860268870315.0000
1159226447322519,0.5147999571,-1092573366231658.0000
2063758883208475,0.9164930518,-188040930345702.0000
1115109831613735,0.4952082440,1115109831613735.0000
690672070468253,0.3067200141,690672070468253.0000
348139020381159,0.1546047825,348139020381159.0000
1314140022804847,0.5835954044,-937659790749330.0000
1282842506897249,0.5696965153,-968957306656928.0000
1445270145117751,0.6418288768,-806529668436426.0000
1708128698725143,0.7585615242,-543671114829034.0000
944328876269930,0.4193662645,944328876269930.0000
1003714559828979,0.4457388058,1003714559828979.0000
1076228400561344,0.4779414201,1076228400561344.0000
477539177478897,0.2120699960,477539177478897.0000
1854739333783187,0.8236697253,-397060479770990.0000
1022020280680268,0.4538681789,1022020280680268.0000
1159069521422735,0.5147302680,-1092730292131442.0000
1021286979428919,0.4535425278,1021286979428919.0000
2230337901296307,0.9904689963,-21461912257870.0000
2230350311802614,0.9904745077,-21449501751563.0000
76972256145561,0.0341825484,76972256145561.0000
851291044761309,0.3780491674,851291044761309.0000
80080576053441,0.0355629197,80080576053441.0000
1335638543619798,0.5931426655,-916161269934379.0000
1944889763639685,0.8637045584,-306910049914492.0000
1262470749406170,0.5606496376,-989329064148007.0000
1586270193621935,0.7044454769,-665529619932242.0000
1493644934357454,0.6633115987,-758154879196723.0000
327226122745605,0.1453175903,327226122745605.0000
759768479337880,0.3374049837,759768479337880.0000
240046114272249,0.1066018892,240046114272249.0000
805601011059913,0.3577587165,805601011059913.0000
1580424757523052,0.7018495818,-671375056031125.0000
1998890598890661,0.8876857467,-252909214663516.0000
1218042851471678,0.5409196875,-1033756962082499.0000
1386681444640384,0.6158102671,-865118368913793.0000
844567311402773,0.3750632300,844567311402773.0000
964386411828913,0.4282735996,964386411828913.0000
872402960220446,0.3874247413,872402960220446.0000
815402198631095,0.3621113181,815402198631095.0000
678660624914606,0.3013858607,678660624914606.0000
173060283508372,0.0768542046,173060283508372.0000
440806949686644,0.1957576100,440806949686644.0000
1174925656423006,0.5217718064,-1076874157131171.0000
2243093768609377,0.9961337394,-8706044944800.0000
1429214878756880,0.6346989063,-822584934797297.0000
2126890307243602,0.9445290360,-124909506310575.0000
229199994300952,0.1017852444,229199994300952.0000
1165398009454485,0.5175406812,-1086401804099692.0000
1009062800221972,0.4481139017,1009062800221972.0000
73617178930464,0.0326925948,73617178930464.0000
733301999788878,0.3256515057,733301999788878.0000
1710225911915776,0.7594928739,-541573901638401.0000
2066068084872052,0.9175185434,-185731728682125.0000
2063565168554056,0.9164070252,-188234645000121.0000
532283003143998,0.2363811383,532283003143998.0000
1928817691561257,0.8565671246,-322982121992920.0000
1751385410415851,0.7777713631,-500414403138326.0000
209338866993610,0.0929651320,209338866993610.0000
1156203797138673,0.5134576307,-1095596016415504.0000
2174144033016374,0.9655139058,-77655780537803.0000
1991033438316376,0.8841964665,-260766375237801.0000
836046005978762,0.3712790102,836046005978762.0000
1652016299103619,0.7336426130,-599783514450558.0000
1970600788601694,0.8751225472,-281199024952483.0000
1242889480931876,0.5519538076,-1008910332622301.0000
1591994414612743,0.7069875417,-659805398941434.0000
2175030347048615,0.9659075083,-76769466505562.0000
1754525534137810,0.7791658582,-497274279416367.0000
607331972427204,0.2697095758,607331972427204.0000
1408517216602821,0.6255072978,-843282596951356.0000
1863206112546981,0.8274297304,-388593701007196.0000
1767782067492424,0.7850529416,-484017746061753.0000
1986691732167372,0.8822683616,-265108081386805.0000
1052165751033776,0.4672554570,1052165751033776.0000
637228750190088,0.2829864122,637228750190088.0000
1049791733688233,0.4662011815,1049791733688233.0000
297483056816009,0.1321090157,297483056816009.0000
1305818911104941,0.5799000885,-945980902449236.0000
1259739017344888,0.5594365049,-992060796209289.0000
1519101122817103,0.6746164174,-732698690737074.0000
447645708523435,0.1987946290,447645708523435.0000
1514255179525452,0.6724643862,-737544634028725.0000
2144658749141429,0.9524198094,-107141064412748.0000
86212767011906,0.0382861596,86212767011906.0000
18613301963152,0.0082659666,18613301963152.0000
1615699487128253,0.7175147086,-636100326425924.0000
2234478230816625,0.9923076720,-17321582737552.0000
1050391955871891,0.4664677337,1050391955871891.0000
1923311692200499,0.8541219697,-328488121353678.0000
1098325961895206,0.4877547086,1098325961895206.0000
1539622876367000,0.6837299067,-712176937187177.0000
1491078264858616,0.6621717685,-760721548695561.0000
265767546511556,0.1180244997,265767546511556.0000
1546889212234701,0.6869568080,-704910601319476.0000
1549548223867563,0.6881376464,-702251589686614.0000
2178824603263429,0.9675924965,-72975210290748.0000
1390670248011797,0.6175816516,-861129565542380.0000
240445944513130,0.1067794495,240445944513130.0000
866081184635405,0.3846173090,866081184635405.0000
2222856455379115,0.9871465669,-28943358175062.0000
55063940772384,0.0244533020,55063940772384.0000
160206404897356,0.0711459358,160206404897356.0000
2104674607360385,0.9346632834,-147125206193792.0000
1992900888950160,0.8850257811,-258898924604017.0000
2072958197371156,0.9205783680,-178841616183021.0000
2136669307435770,0.9488717845,-115130506118407.0000
1583835115830092,0.7033640852,-667964697724085.0000
688006265648731,0.3055361589,688006265648731.0000
133159426395790,0.0591346645,133159426395790.0000
45139108774861,0.0200457912,45139108774861.0000
750989014742786,0.3335061182,750989014742786.0000
1412327234388376,0.6271992856,-839472579165801.0000
1747282532601764,0.7759493193,-504517280952413.0000
511694279925213,0.2272379085,511694279925213.0000
390831897175074,0.1735642284,390831897175074.0000
725025686584956,0.3219760843,725025686584956.0000
1298425955169763,0.5766169565,-953373858384414.0000
546192514397378,0.2425582022,546192514397378.0000
1650366980630568,0.7329101684,-601432832923609.0000
1346106819239521,0.5977915138,-905692994314656.0000
788161326939925,0.3500139409,788161326939925.0000
1732177607113395,0.7692413849,-519622206440782.0000
664506776607383,0.2951002894,664506776607383.0000
1480886067626044,0.6576455237,-770913745928133.0000
1379196958654882,0.6124864876,-872602854899295.0000
916753538571927,0.4071203546,916753538571927.0000
1238160663155251,0.5498537906,-1013639150398926.0000
1437469932375185,0.6383648865,-814329881178992.0000
1073866918637802,0.4768927114,1073866918637802.0000
1882649138358340,0.8360641683,-369150675195837.0000
1089884943334207,0.4840061433,1089884943334207.0000
1154220939870533,0.5125770652,-1097578873683644.0000
134996911726386,0.0599506719,134996911726386.0000
769518770039421,0.3417349826,769518770039421.0000
142820539372931,0.0634250605,142820539372931.0000
2203938137736760,0.9787451462,-47861675817417.0000
1270152261204960,0.5640609141,-981647552349217.0000
1718449684434099,0.7631449626,-533350129120078.0000
1377058238309962,0.6115367050,-874741575244215.0000
1341059612330915,0.5955501036,-910740201223262.0000
2195785743858331,0.9751247560,-56014069695846.0000
719365239555441,0.3194623408,719365239555441.0000
1035901802961315,0.4600328132,1035901802961315.0000
160219810374435,0.0711518890,160219810374435.0000
2111512393912103,0.9376998707,-140287419642074.0000
2081681080701501,0.9244521063,-170118732852676.0000
646296802214614,0.2870134362,646296802214614.0000
2138969798994395,0.9498934080,-112830014559782.0000
952880340098774,0.4231638773,952880340098774.0000
1145303158718343,0.5086167748,-1106496654835834.0000
1455739782257102,0.6464783297,-796060031297075.0000
566371656496432,0.2515195414,566371656496432.0000
1117426662744722,0.4962371238,1117426662744722.0000
1418952193234609,0.6301413583,-832847620319568.0000
395272857946784,0.1755364112,395272857946784.0000
1149754980733474,0.5105937809,-1102044832820703.0000
150071282297861,0.0666450372,150071282297861.0000
326751231254280,0.1451066961,326751231254280.0000
858913769170658,0.3814343371,858913769170658.0000
1159131346667266,0.5147577239,-1092668466886911.0000
1738862776177085,0.7722101964,-512937037377092.0000
9262390726446,0.0041133278,9262390726446.0000
439489471122021,0.1951725320,439489471122021.0000
400970443150425,0.1780666473,400970443150425.0000
1347693038343181,0.5984959366,-904106775210996.0000
211460335888815,0.0939072535,211460335888815.0000
360085482044190,0.1599100772,360085482044190.0000
1131351445386191,0.5024209695,-1120448368167986.0000
1644265996649106,0.7302007873,-607533816905071.0000
431109611539674,0.1914511268,431109611539674.0000
1158331244916408,0.5144024073,-1093468568637769.0000
179078590877675,0.0795268699,179078590877675.0000
1674015939994351,0.7434124161,-577783873559826.0000
842858166661494,0.3743042173,842858166661494.0000
1355110950009032,0.6017901511,-896688863545145.0000
1419242387100316,0.6302702303,-832557426453861.0000
2219826928024007,0.9858011865,-31972885530170.0000
1686153287146504,0.7488024810,-565646526407673.0000
2011465777141075,0.8932702477,-240334036413102.0000
1275567450556873,0.5664657413,-976232362997304.0000
1099877047864556,0.4884435291,1099877047864556.0000
18721714419096,0.0083141114,18721714419096.0000
960472620092488,0.4265355270,960472620092488.0000
1728051167942804,0.7674088778,-523748645611373.0000
1067278068342455,0.4739666741,1067278068342455.0000
485051505058166,0.2154061396,485051505058166.0000
762960317855610,0.3388224447,762960317855610.0000
1978097670450267,0.8784518315,-273702143103910.0000
72661866397687,0.0322683508,72661866397687.0000
1442414552597398,0.6405607390,-809385260956779.0000
1831724812681803,0.8134492248,-420075000872374.0000
2018293423522648,0.8963023317,-233506390031529.0000
360910094187134,0.1602762786,360910094187134.0000
1580904261160199,0.7020625242,-670895552393978.0000
1152757704875953,0.5119272583,-1099042108678224.0000
2123491626877796,0.9430197188,-128308186676381.0000
306126878636921,0.1359476437,306126878636921.0000
2208702174406450,0.9808608035,-43097639147727.0000
1169830256821204,0.5195089944,-1081969556732973.0000
1035112532298593,0.4596823066,1035112532298593.0000
1547367238871453,0.6871690945,-704432574682724.0000
355323732998098,0.1577954358,355323732998098.0000
168921996544770,0.0750164360,168921996544770.0000
1490822704254575,0.6620582768,-760977109299602.0000
1595308595880286,0.7084593339,-656491217673891.0000
1389694519428694,0.6171483411,-862105294125483.0000
148037185165241,0.0657417166,148037185165241.0000
1153728951507658,0.5123585785,-1098070862046519.0000
1961960582017672,0.8712855247,-289839231536505.0000
2105857539997249,0.9351886110,-145942273556928.0000
1832570796607556,0.8138249171,-419229016946621.0000
1385152545196811,0.6151312994,-866647268357366.0000
1558098450646171,0.6919347099,-693701362908006.0000
312553538324684,0.1388016539,312553538324684.0000
1631136018675181,0.7243699057,-620663794878996.0000
935387322088321,0.4153954168,935387322088321.0000
647726648575348,0.2876484156,647726648575348.0000
1182893758570966,0.5253103546,-1068906054983211.0000
1088272381278134,0.4832900219,1088272381278134.0000
1052557868470853,0.4674295922,1052557868470853.0000
1527863367108588,0.6785076355,-723936446445589.0000
743729376108078,0.3302821910,743729376108078.0000
205576886101943,0.0912944769,205576886101943.0000
288565093156096,0.1281486442,288565093156096.0000
548474574063878,0.2435716402,548474574063878.0000
1331972115069523,0.5915144442,-919827698484654.0000
780357603700337,0.3465483916,780357603700337.0000
2054940313858130,0.9125768203,-196859499696047.0000
486237920132242,0.2159330138,486237920132242.0000
530826137526492,0.2357341600,530826137526492.0000
955495507686741,0.4243252450,955495507686741.0000
244964744511452,0.1087861998,244964744511452.0000
77465993269684,0.0344018117,77465993269684.0000
413325992172509,0.1835536133,413325992172509.0000
1371574143904876,0.6091012779,-880225669649301.0000
917688812286474,0.4075356996,917688812286474.0000
481976048120471,0.2140403624,481976048120471.0000
564492328338457,0.2506849521,564492328338457.0000
2146935922815483,0.9534310776,-104863890738694.0000
2243607773418932,0.9963620034,-8192040135245.0000
1740901127639430,0.7731154062,-510898685914747.0000
1445303967346433,0.6418438969,-806495846207744.0000
1787321806216814,0.7937303287,-464478007337363.0000
1668417713897955,0.7409263043,-583382099656222.0000
2034941910341315,0.9036957451,-216857903212862.0000
753045516634469,0.3344193885,753045516634469.0000
2222556462484420,0.9870133433,-29243351069757.0000
1083806115198243,0.4813066014,1083806115198243.0000
868646130678597,0.3857563738,868646130678597.0000
2116348327264099,0.9398474565,-135451486290078.0000
1817579180748197,0.8071673023,-434220632805980.0000
724458669141512,0.3217242780,724458669141512.0000
1567144356949420,0.6959518992,-684655456604757.0000
1524837435211327,0.6771638518,-726962378342850.0000
2017011936261239,0.8957332371,-234787877292938.0000
388609759080387,0.1725774009,388609759080387.0000
846065012623270,0.3757283430,846065012623270.0000
2204221885304985,0.9788711554,-47577928249192.0000
1930037217045694,0.8571087027,-321762596508483.0000
1914475351771045,0.8501978463,-337324461783132.0000
1391781141398094,0.6180749874,-860018672156083.0000
1992191390988556,0.8847107007,-259608422565621.0000
2230766796053846,0.9906594639,-21033017500331.0000
1660272281941944,0.7373090059,-591527531612233.0000
1248861760394456,0.5546060324,-1002938053159721.0000
1726228685587907,0.7665995330,-525571127966270.0000
1712943774785226,0.7606998475,-538856038768951.0000
1956068315035999,0.8686688325,-295731498518178.0000
1038333717673468,0.4611128003,1038333717673468.0000
495068748162433,0.2198546892,495068748162433.0000
1378771992841817,0.6122977649,-873027820712360.0000
311694830452577,0.1384203110,311694830452577.0000
158260494040706,0.0702817778,158260494040706.0000
131490128008725,0.0583933471,131490128008725.0000
507614516218776,0.2254261294,507614516218776.0000
849841415806077,0.3774054029,849841415806077.0000
595399248929290,0.2644103820,595399248929290.0000
1399795868328775,0.6216342412,-852003945225402.0000
886372644344409,0.3936285273,886372644344409.0000
1881266519160194,0.8354501621,-370533294393983.0000
1765730391765185,0.7841418145,-486069421788992.0000
2148176585586013,0.9539820426,-103623227968164.0000
984288570382450,0.4371119335,984288570382450.0000
2101287013584977,0.9331588896,-150512799969200.0000
1610141456971992,0.7150464474,-641658356582185.0000
1248815246965018,0.5545853763,-1002984566589159.0000
1861508329861186,0.8266757634,-390291483692991.0000
2143830153797679,0.9520518391,-107969659756498.0000
83132078186582,0.0369180589,83132078186582.0000
363554474570644,0.1614506194,363554474570644.0000
1549746215601321,0.6882255724,-702053597952856.0000
591412943031327,0.2626401066,591412943031327.0000
1470961872546419,0.6532382957,-780837941007758.0000
419685971234063,0.1863780114,419685971234063.0000
582894493769312,0.2588571552,582894493769312.0000
80317707195958,0.0356682271,80317707195958.0000
1074360430242089,0.4771118746,1074360430242089.0000
832429770350219,0.3696730790,832429770350219.0000
1417267554360143,0.6293932284,-834532259194034.0000
2005059886158248,0.8904254606,-246739927395929.0000
860751257654436,0.3822503459,860751257654436.0000
2067621441768503,0.9182083724,-184178371785674.0000
1614532265569271,0.7169963581,-637267547984906.0000
652345492654774,0.2896995944,652345492654774.0000
1846699121053705,0.8200991535,-405100692500472.0000
1891811821931447,0.8401332172,-359987991622730.0000
1328879271348509,0.5901409456,-922920542205668.0000
1541672096724529,0.6846399433,-710127716829648.0000
1666710919577570,0.7401683354,-585088893976607.0000
1106235169333866,0.4912671023,1106235169333866.0000
203546505167329,0.0903928067,203546505167329.0000
2136257977876462,0.9486891175,-115541835677715.0000
1388283313020708,0.6165216396,-863516500533469.0000
1606318076461378,0.7133485254,-645481737092799.0000
364202746766827,0.1617385100,364202746766827.0000
1905280269761603,0.8461144096,-346519543792574.0000
1492796344244403,0.6629347490,-759003469309774.0000
818555248693085,0.3635115536,818555248693085.0000
1980009544224902,0.8793008740,-271790269329275.0000
685277462230957,0.3043243267,685277462230957.0000
1174972554189992,0.5217926332,-1076827259364185.0000
1246085965341695,0.5533733318,-1005713848212482.0000
2245680912384769,0.9972826620,-6118901169408.0000
1106503858481160,0.4913864242,1106503858481160.0000
776088141051481,0.3446523694,776088141051481.0000
1528563033645119,0.6788183499,-723236779909058.0000
2049108634367185,0.9099870344,-202691179186992.0000
1679055564307009,0.7456504589,-572744249247168.0000
2136161893046270,0.9486464472,-115637920507907.0000
864183466491139,0.3837745528,864183466491139.0000
2224209035019462,0.9877472330,-27590778534715.0000
1438728799104299,0.6389239356,-813071014449878.0000
589447925356806,0.2617674634,589447925356806.0000
1697506291976216,0.7538442280,-554293521577961.0000
1739328494900131,0.7724170170,-512471318654046.0000
558728630331621,0.2481253560,558728630331621.0000
1474154761829622,0.6546562234,-777645051724555.0000
840477249316202,0.3732468776,840477249316202.0000
414021008744593,0.1838622626,414021008744593.0000
1722158964895360,0.7647922140,-529640848658817.0000
804554718179754,0.3572940691,804554718179754.0000
1570805992530138,0.6975779921,-680993821024039.0000
138849956170462,0.0616617673,138849956170462.0000
1422053766066321,0.6315187334,-829746047487856.0000
1027098926271262,0.4561235506,1027098926271262.0000
1156251131276347,0.5134786513,-1095548682277830.0000
1366980801170562,0.6070614239,-884819012383615.0000
1137655708143142,0.5052206245,-1114144105411035.0000
1916812383195479,0.8512356967,-334987430358698.0000
1583536523167604,0.7032314834,-668263290386573.0000
1957463254372895,0.8692883100,-294336559181282.0000
1519565603682017,0.6748226883,-732234209872160.0000
1388771659141723,0.6167385088,-863028154412454.0000
302949510239066,0.1345366086,302949510239066.0000
761020411333669,0.3379609532,761020411333669.0000
734939437505295,0.3263786741,734939437505295.0000
522462575497375,0.2320199923,522462575497375.0000
144830998110614,0.0643178835,144830998110614.0000
1488935067429417,0.6612199977,-762864746124760.0000
2043953722789423,0.9076977938,-207846090764754.0000
1411233901736381,0.6267137484,-840565911817796.0000
2217437343874882,0.9847399980,-34362469679295.0000
1783211173679182,0.7919048412,-468588639874995.0000
185289663448188,0.0822851402,185289663448188.0000
990649117747740,0.4399365840,990649117747740.0000
855815310289518,0.3800583449,855815310289518.0000
1817047320634869,0.8069311089,-434752492919308.0000
1566370608055633,0.6956082857,-685429205498544.0000
1923291513729406,0.8541130087,-328508299824771.0000
419191546168965,0.1861584425,419191546168965.0000
355011798256073,0.1576569090,355011798256073.0000
163389162808490,0.0725593642,163389162808490.0000
779164786061243,0.3460186742,779164786061243.0000
1760456415269339,0.7817996985,-491343398284838.0000
795810600766315,0.3534109009,795810600766315.0000
754248114767844,0.3349534493,754248114767844.0000
1635946459145721,0.7265061704,-615853354408456.0000
1061410519904497,0.4713609591,1061410519904497.0000
143561201950138,0.0637539807,143561201950138.0000
1030268703950907,0.4575312147,1030268703950907.0000
2219828827453358,0.9858020300,-31970986100819.0000
1518772197033961,0.6744703450,-733027616520216.0000
815387035839644,0.3621045845,815387035839644.0000
1023263960796988,0.4544204838,1023263960796988.0000
1056872674905009,0.4693457511,1056872674905009.0000
32113801110966,0.0142613926,32113801110966.0000
313541387359913,0.1392403470,313541387359913.0000
1265284915666546,0.5618993785,-986514897887631.0000
1979365807886450,0.8790149977,-272434005667727.0000
1756582940538896,0.7800795301,-495216873015281.0000
359697773237325,0.1597378999,359697773237325.0000
467518653020295,0.2076199892,467518653020295.0000
603169560384954,0.2678610935,603169560384954.0000
1354126438515586,0.6013529402,-897673375038591.0000
2016718670415329,0.8956030009,-235081143138848.0000
64600079751731,0.0286881984,64600079751731.0000
470969095138894,0.2091522933,470969095138894.0000
1308520970515247,0.5811000439,-943278843038930.0000
1439969310787138,0.6394748335,-811830502767039.0000
2223195732152644,0.9872972361,-28604081401533.0000
742920911254484,0.3299231605,742920911254484.0000
181243056841693,0.0804880859,181243056841693.0000
1349809212263059,0.5994357066,-901990601291118.0000
1591954661703743,0.7069698879,-659845151850434.0000
626993491924602,0.2784410444,626993491924602.0000
694860921360169,0.3085802375,694860921360169.0000
1318248764283539,0.5854200522,-933551049270638.0000
1725420340334763,0.7662405556,-526379473219414.0000
1481615123137724,0.6579692894,-770184690416453.0000
1237158243225173,0.5494086267,-1014641570329004.0000
1597973706392153,0.7096428807,-653826107162024.0000
1336452850087508,0.5935042902,-915346963466669.0000
961871954113785,0.4271569561,961871954113785.0000
302783157609471,0.1344627332,302783157609471.0000
2056849753052075,0.9134247817,-194950060502102.0000
28034517889052,0.0124498269,28034517889052.0000
1850501716771831,0.8217878453,-401298096782346.0000
1239471106841665,0.5504357445,-1012328706712512.0000
1371460224900042,0.6090506877,-880339588654135.0000
802706626106540,0.3564733513,802706626106540.0000
1439532139973317,0.6392806906,-812267673580860.0000
1236731343160509,0.5492190450,-1015068470393668.0000
696155897175920,0.3091553223,696155897175920.0000
1986281988807327,0.8820863990,-265517824746850.0000
1061723681395032,0.4715000308,1061723681395032.0000
1334061429174239,0.5924422860,-917738384379938.0000
1428462073791504,0.6343645937,-823337739762673.0000
2044215316356132,0.9078139647,-207584497198045.0000
497229309119737,0.2208141710,497229309119737.0000
1535130370369868,0.6817348332,-716669443184309.0000
1327169122578181,0.5893814870,-924630690975996.0000
304382302985785,0.1351728964,304382302985785.0000
1396281550704243,0.6200735706,-855518262849934.0000
1137600037356219,0.5051959017,-1114199776197958.0000
571101857551455,0.2536201727,571101857551455.0000
436910441074369,0.1940272126,436910441074369.0000
574918135248061,0.2553149404,574918135248061.0000
1124902237721810,0.4995569459,1124902237721810.0000
281202232499751,0.1248788772,281202232499751.0000
2208998809837920,0.9809925361,-42801003716257.0000
151675740705555,0.0673575598,151675740705555.0000
314730692848103,0.1397685047,314730692848103.0000
624586538675182,0.2773721425,624586538675182.0000
1829500746784428,0.8124615411,-422299066769749.0000
2120003499467160,0.9414706790,-131796314087017.0000
1511804048930870,0.6713758656,-739995764623307.0000
278000091005962,0.1234568408,278000091005962.0000
582310798437803,0.2585979424,582310798437803.0000
1962428968901673,0.8714935302,-289370844652504.0000
1129436654042528,0.5015706313,-1122363159511649.0000
189073562637729,0.0839655290,189073562637729.0000
1063614159856476,0.4723395719,1063614159856476.0000
1517334985564003,0.6738320949,-734464827990174.0000
1185412619184052,0.5264289534,-1066387194370125.0000
1756664091133459,0.7801155682,-495135722420718.0000
569226094511061,0.2527871666,569226094511061.0000
736991700351268,0.3272900619,736991700351268.0000
1550657420309305,0.6886302286,-701142393244872.0000
1993174667106712,0.8851473631,-258625146447465.0000
844324876259626,0.3749555672,844324876259626.0000
1322894418382410,0.5874831370,-928905395171767.0000
649545660622568,0.2884562192,649545660622568.0000
1509462613969369,0.6703360596,-742337199584808.0000
56185230727587,0.0249512547,56185230727587.0000
1994540926460465,0.8857541041,-257258887093712.0000
763191186489493,0.3389249710,763191186489493.0000
408684682768246,0.1814924579,408684682768246.0000
1732246457133823,0.7692719605,-519553356420354.0000
1235570521374606,0.5487035366,-1016229292179571.0000
2236045913571357,0.9930038630,-15753899982820.0000
2202247998304782,0.9779945735,-49551815249395.0000
1745147663056566,0.7750012468,-506652150497611.0000
395770820803599,0.1757575511,395770820803599.0000
931655350997885,0.4137380887,931655350997885.0000
102263152028671,0.0454139624,102263152028671.0000
1334237520827064,0.5925204864,-917562292727113.0000
1500695945453244,0.6664428767,-751103868100933.0000
588319014301612,0.2612661262,588319014301612.0000
809785296042091,0.3596169123,809785296042091.0000
1185688954553677,0.5265516710,-1066110859000500.0000
1536082422385323,0.6821576293,-715717391168854.0000
1917355919501851,0.8514770753,-334443894052326.0000
2076316603402519,0.9220697999,-175483210151658.0000
806311132048890,0.3580740735,806311132048890.0000
1192851124938621,0.5297323136,-1058948688615556.0000
1453088747755388,0.6453010339,-798711065798789.0000
378092142847243,0.1679066410,378092142847243.0000
1040298232139497,0.4619852199,1040298232139497.0000
308871796380270,0.1371666320,308871796380270.0000
935110420361991,0.4152724477,935110420361991.0000
1395914718580817,0.6199106644,-855885094973360.0000
507712809569481,0.2254697804,507712809569481.0000
1106524213517260,0.4913954637,1106524213517260.0000
1296001996395560,0.5755405026,-955797817158617.0000
723571605931875,0.3213303428,723571605931875.0000
831092551692851,0.3690792346,831092551692851.0000
1286756628541985,0.5714347345,-965043185012192.0000
520624532514023,0.2312037373,520624532514023.0000
566968226822096,0.2517844719,566968226822096.0000
604620183346389,0.2685052995,604620183346389.0000
1272262283557674,0.5649979523,-979537529996503.0000
1859882733166889,0.8259538534,-391917080387288.0000
378517963152264,0.1680957432,378517963152264.0000
537709635625281,0.2387910472,537709635625281.0000
1201253523678912,0.5334637282,-1050546289875265.0000
544189235048521,0.2416685674,544189235048521.0000
947054555371144,0.4205767092,947054555371144.0000
1950830634934449,0.8663428353,-300969178619728.0000
1154983399353059,0.5129156652,-1096816414201118.0000
900773207502386,0.4000236620,900773207502386.0000
1168341643535601,0.5188479173,-1083458170018576.0000
1888588457142857,0.8387017557,-363211356411320.0000
1972880454073963,0.8761349220,-278919359480214.0000
2112129641912451,0.9379739838,-139670171641726.0000
303530169664373,0.1347944732,303530169664373.0000
111680916421885,0.0495962899,111680916421885.0000
1373968177118208,0.6101644422,-877831636435969.0000
519788805081465,0.2308325998,519788805081465.0000
491423306804231,0.2182357880,491423306804231.0000
1053559337389226,0.4678743337,1053559337389226.0000
1932834546313742,0.8583509665,-318965267240435.0000
875601757738935,0.3888452928,875601757738935.0000
212008326682257,0.0941506103,212008326682257.0000
500103735962824,0.2220906730,500103735962824.0000
2186973265213418,0.9712112294,-64826548340759.0000
1268587511033216,0.5633660254,-983212302520961.0000
1038401645495930,0.4611429663,1038401645495930.0000
1649673437873602,0.7326021736,-602126375680575.0000
1519984964319045,0.6750089218,-731814849235132.0000
1860163483169487,0.8260785315,-391636330384690.0000
194110187016267,0.0862022396,194110187016267.0000
2010319299028281,0.8927611091,-241480514525896.0000
621054551435706,0.2758036250,621054551435706.0000
1699846755584458,0.7548836026,-551953057969719.0000
1700786986213159,0.7553011489,-551012827341018.0000
566518422699962,0.2515847187,566518422699962.0000
1651564639861863,0.7334420360,-600235173692314.0000
920880575867624,0.4089531273,920880575867624.0000
551496385168248,0.2449135939,551496385168248.0000
1006366427187568,0.4469164715,1006366427187568.0000
1309608219103737,0.5815828793,-942191594450440.0000
1442010133868590,0.6403811410,-809789679685587.0000
2186511060661996,0.9710059693,-65288752892181.0000
868590879488657,0.3857318374,868590879488657.0000
1910103232641214,0.8482562354,-341696580912963.0000
2076094982703616,0.9219713805,-175704830850561.0000
863580551613676,0.3835068048,863580551613676.0000
1797529556835681,0.7982634806,-454270256718496.0000
1526622627887002,0.6779566366,-725177185667175.0000
569505342936524,0.2529111778,569505342936524.0000
1617887192603947,0.7184862450,-633912620950230.0000
935210719281540,0.4153169894,935210719281540.0000
2042323552853948,0.9069738529,-209476260700229.0000
330302519851171,0.1466837851,330302519851171.0000
1897685058394462,0.8427414582,-354114755159715.0000
1295250486087785,0.5752067650,-956549327466392.0000
461097387874005,0.2047683747,461097387874005.0000
606575124338460,0.2693734677,606575124338460.0000
319660005988152,0.1419575595,319660005988152.0000
53716241709391,0.0238548033,53716241709391.0000
1497187761159276,0.6648849299,-754612052394901.0000
1190460023015459,0.5286704510,-1061339790538718.0000
1860624930070648,0.8262834551,-391174883483529.0000
1577098934122453,0.7003726196,-674700879431724.0000
1119604346130931,0.4972042094,1119604346130931.0000
137837129194177,0.0612119818,137837129194177.0000
2015745993007606,0.8951710453,-236053820546571.0000
1568416883963111,0.6965170148,-683382929591066.0000
1958196879346608,0.8696141049,-293602934207569.0000
1800896277141969,0.7997586048,-450903536412208.0000
767403754466163,0.3407957270,767403754466163.0000
1104682664015085,0.4905776514,1104682664015085.0000
2158311977648663,0.9584830608,-93487835905514.0000
1926452311602833,0.8555166849,-325347501951344.0000
2143452351822894,0.9518840613,-108347461731283.0000
2157398822716848,0.9580775386,-94400990837329.0000
541516404842326,0.2404815924,541516404842326.0000
1926337225020431,0.8554655762,-325462588533746.0000
1305558109154310,0.5797842691,-946241704399867.0000
1247473522442560,0.5539895309,-1004326291111617.0000
829635489413614,0.3684321690,829635489413614.0000
878938366634786,0.3903270448,878938366634786.0000
313292157637590,0.1391296667,313292157637590.0000
178020721789635,0.0790570817,178020721789635.0000
955134211897349,0.4241647975,955134211897349.0000
1440868542102508,0.6398741724,-810931271451669.0000
1877709824094277,0.8338706722,-374089989459900.0000
2224126288121016,0.9877104860,-27673525433161.0000
1717076694664231,0.7625352326,-534723118889946.0000
86543085986113,0.0384328507,86543085986113.0000
452691563396040,0.2010354387,452691563396040.0000
1324687255566393,0.5882793167,-927112557987784.0000
409208245831626,0.1817249666,409208245831626.0000
862677263564577,0.3831056644,862677263564577.0000
459456459881577,0.2040396562,459456459881577.0000
291768351056162,0.1295711765,291768351056162.0000
574562527159269,0.2551570187,574562527159269.0000
628757916578483,0.2792246064,628757916578483.0000
1210518225863378,0.5375780825,-1041281587690799.0000
389656109393361,0.1730420737,389656109393361.0000
508693181193143,0.2259051529,508693181193143.0000
1385272251403468,0.6151844596,-866527562150709.0000
655641209543935,0.2911631867,655641209543935.0000
222102664992486,0.0986333970,222102664992486.0000
1274441268731883,0.5659656161,-977358544822294.0000
1542961305403250,0.6852124670,-708838508150927.0000
1644425729733887,0.7302717230,-607374083820290.0000
574635781465326,0.2551895502,574635781465326.0000
1251877213024970,0.5559451624,-999922600529207.0000
2089129888592323,0.9277600416,-162669924961854.0000
875839609371315,0.3889509201,875839609371315.0000
1780993853788871,0.7909201533,-470805959765306.0000
219698225655892,0.0975656114,219698225655892.0000
1772525138271733,0.7871592881,-479274675282444.0000
1694382964606996,0.7524571920,-557416848947181.0000
907722077383814,0.4031095801,907722077383814.0000
92394451323660,0.0410313789,92394451323660.0000
644731942545640,0.2863184989,644731942545640.0000
1794044525123762,0.7967158156,-457755288430415.0000
1731825709783467,0.7690851111,-519974103770710.0000
1540652790489304,0.6841872804,-711147023064873.0000
1501834645599575,0.6669485611,-749965167954602.0000
63467403842873,0.0281851892,63467403842873.0000
991196409724973,0.4401796304,991196409724973.0000
813897250647309,0.3614429870,813897250647309.0000
324953498444044,0.1443083424,324953498444044.0000
36653895996331,0.0162775997,36653895996331.0000
1444565234455497,0.6415158336,-807234579098680.0000
1212084634001852,0.5382737074,-1039715179552325.0000
1552910518291459,0.6896308051,-698889295262718.0000
1818040560747711,0.8073721961,-433759252806466.0000
1113488746476253,0.4944883376,1113488746476253.0000
74686465016490,0.0331674532,74686465016490.0000
1126613183225115,0.5003167584,-1125186630329062.0000
425919662538434,0.1891463264,425919662538434.0000
315309422583741,0.1400255123,315309422583741.0000
469310541241078,0.2084157474,469310541241078.0000
1453354655530028,0.6454191206,-798445158024149.0000
908748444296392,0.4035653786,908748444296392.0000
1920498181467281,0.8528725200,-331301632086896.0000
1184225688077590,0.5259018501,-1067574125476587.0000
1527680244381880,0.6784263127,-724119569172297.0000
1793217642501878,0.7963486060,-458582171052299.0000
1152793372572357,0.5119430980,-1099006440981820.0000
1256321369551148,0.5579187644,-995478444003029.0000
578469390341747,0.2568920145,578469390341747.0000
2044793851766897,0.9080708860,-207005961787280.0000
1435724177866640,0.6375896157,-816075635687537.0000
1934092451460671,0.8589095886,-317707362093506.0000
2234200120975290,0.9921841664,-17599692578887.0000
91182402452427,0.0404931211,91182402452427.0000
268147331924871,0.1190813368,268147331924871.0000
739971892324715,0.3286135330,739971892324715.0000
1537859761903062,0.6829469266,-713940051651115.0000
530664961464923,0.2356625834,530664961464923.0000
944126547015265,0.4192764123,944126547015265.0000
819615907790889,0.3639825809,819615907790889.0000
579951266555085,0.2575500997,579951266555085.0000
396025412082492,0.1758706123,396025412082492.0000
1367260901479251,0.6071858134,-884538912074926.0000
527321291281289,0.2341776956,527321291281289.0000
1332592585265368,0.5917899883,-919207228288809.0000
799572653620593,0.3550815880,799572653620593.0000
2190528313897490,0.9727899881,-61271499656687.0000
2160179285998211,0.9593123123,-91620527555966.0000
696201948972144,0.3091757734,696201948972144.0000
57091782972415,0.0253538448,57091782972415.0000
1117769909274810,0.4963895558,1117769909274810.0000
728891525121104,0.3236928615,728891525121104.0000
341687405247083,0.1517396898,341687405247083.0000
1183984102539724,0.5257945646,-1067815711014453.0000
2110758465029617,0.9373650590,-141041348524560.0000
1630349767507494,0.7240207401,-621450046046683.0000
1960541294308586,0.8706552343,-291258519245591.0000
1384873419870207,0.6150073428,-866926393683970.0000
248781314073103,0.1104810972,248781314073103.0000
645920291487206,0.2868462319,645920291487206.0000
1034151584713061,0.4592555601,1034151584713061.0000
434844183962263,0.1931096101,434844183962263.0000
27450435453325,0.0121904422,27450435453325.0000
753024676039505,0.3344101334,753024676039505.0000
1151778481505617,0.5114923958,-1100021332048560.0000
296126333091942,0.1315065093,296126333091942.0000
1605262861634266,0.7128799159,-646536951919911.0000
982149627569465,0.4361620521,982149627569465.0000
1617255515726282,0.7182057241,-634544297827895.0000
1146622566885151,0.5092027098,-1105177246669026.0000
1457558600860778,0.6472860474,-794241212693399.0000
545674329232703,0.2423280817,545674329232703.0000
2210934606538591,0.9818522025,-40865207015586.0000
2018846554097909,0.8965479711,-232953259456268.0000
1780584374458135,0.7907383080,-471215439096042.0000
235828267490377,0.1047287890,235828267490377.0000
933811545538894,0.4146956314,933811545538894.0000
637738096913698,0.2832126076,637738096913698.0000
2170296300431540,0.9638051693,-81503513122637.0000
904718299175806,0.4017756346,904718299175806.0000
195554198067907,0.0868435093,195554198067907.0000
1684131138203778,0.7479044665,-567668675350399.0000
239358886477322,0.1062966988,239358886477322.0000
295778512925,0.0001313520,295778512925.0000
10823723705697,0.0048066989,10823723705697.0000
2015871221132243,0.8952266578,-235928592421934.0000
416357181138104,0.1848997316,416357181138104.0000
1450592759890794,0.6441925926,-801207053663383.0000
722298378847774,0.3207649164,722298378847774.0000
2157142389651159,0.9579636594,-94657423903018.0000
118867503133581,0.0527877755,118867503133581.0000
1926933022926360,0.8557301636,-324866790627817.0000
1397390577976505,0.6205660777,-854409235577672.0000
367478112096161,0.1631930644,367478112096161.0000
1484350403997640,0.6591839981,-767449409556537.0000
246658000235352,0.1095381564,246658000235352.0000
462840748308214,0.2055425822,462840748308214.0000
1625777406062886,0.7219902037,-626022407491291.0000
1540392859839851,0.6840718480,-711406953714326.0000
87921472647934,0.0390449773,87921472647934.0000
807450683968979,0.3585801363,807450683968979.0000
595229068897391,0.2643348069,595229068897391.0000
46800363590981,0.0207835365,46800363590981.0000
2203964921056356,0.9787570404,-47834892497821.0000
727400791412039,0.3230308427,727400791412039.0000
821036161507507,0.3646133002,821036161507507.0000
1184725936212640,0.5261240049,-1067073877341537.0000
1697693511248878,0.7539273700,-554106302305299.0000
2141320251128125,0.9509372184,-110479562426052.0000
449257936304012,0.1995106020,449257936304012.0000
205390176491435,0.0912115612,205390176491435.0000
306161601538122,0.1359630637,306161601538122.0000
1237369995458309,0.5495026636,-1014429818095868.0000
2066163230030636,0.9175607963,-185636583523541.0000
1539430907749667,0.6836446555,-712368905804510.0000
1528966925937381,0.6789977141,-722832887616796.0000
354573417074403,0.1574622286,354573417074403.0000
502583038068993,0.2231917043,502583038068993.0000
1806504023992757,0.8022489447,-445295789561420.0000
95242326278705,0.0422960894,95242326278705.0000
2228079609329449,0.9894661132,-23720204224728.0000
803093031028238,0.3566449496,803093031028238.0000
314737592984642,0.1397715690,314737592984642.0000
1793332965793888,0.7963998198,-458466847760289.0000
1106730982302048,0.4914872875,1106730982302048.0000
844241633010807,0.3749185997,844241633010807.0000
981024667828816,0.4356624696,981024667828816.0000
521601521200482,0.2316376074,521601521200482.0000
1931372499454113,0.8577016873,-320427314100064.0000
585210098519120,0.2598854903,585210098519120.0000
911443617982081,0.4047622762,911443617982081.0000
2048887225879791,0.9098887093,-202912587674386.0000
779721673392062,0.3462659819,779721673392062.0000
1017762931913567,0.4519775363,1017762931913567.0000
275332934376112,0.1222723853,275332934376112.0000
24355157496290,0.0108158626,24355157496290.0000
891532772124530,0.3959200844,891532772124530.0000
942956036727038,0.4187566013,942956036727038.0000
1249107702934591,0.5547152528,-1002692110619586.0000
1454030160484761,0.6457191051,-797769653069416.0000
1934549955766356,0.8591127613,-317249857787821.0000
2105278777469855,0.9349315889,-146521036084322.0000
716522079236140,0.3181997240,716522079236140.0000
1081841148758729,0.4804339810,1081841148758729.0000
1252538627049695,0.5562388892,-999261186504482.0000
672000964503769,0.2984283774,672000964503769.0000
1244428522395688,0.5526372793,-1007371291158489.0000
460088569248762,0.2043203692,460088569248762.0000
89432548707474,0.0397160299,89432548707474.0000
1205278105257912,0.5352510014,-1046521708296265.0000
1276081881764581,0.5666941946,-975717931789596.0000
555130779534280,0.2465275893,555130779534280.0000
1991229415936337,0.8842834980,-260570397617840.0000
1285487399226312,0.5708710834,-966312414327865.0000
680353573993406,0.3021376811,680353573993406.0000
1814057240581984,0.8056032466,-437742572972193.0000
2135976760788929,0.9485642320,-115823052765248.0000
344508605214053,0.1529925543,344508605214053.0000
1674314688801571,0.7435450872,-577485124752606.0000
1540839769289008,0.6842703157,-710960044265169.0000
174854900215,0.0000776512,174854900215.0000
352238134915089,0.1564251550,352238134915089.0000
1352668409755953,0.6007054453,-899131403798224.0000
765669976570874,0.3400257749,765669976570874.0000
1068981010358651,0.4747229323,1068981010358651.0000
194751021820830,0.0864868274,194751021820830.0000
640691976085568,0.2845243934,640691976085568.0000
1745168003067787,0.7750102796,-506631810486390.0000
1635467125019036,0.7262933033,-616332688535141.0000
2143474006127859,0.9518936778,-108325807426318.0000
377692229042195,0.1677290436,377692229042195.0000
1283858651365096,0.5701477741,-967941162189081.0000
320190606469716,0.1421931934,320190606469716.0000
2116971058296463,0.9401240046,-134828755257714.0000
1391766210710643,0.6180683568,-860033602843534.0000
1579399578496318,0.7013943109,-672400235057859.0000
1382169027664278,0.6138063514,-869630785889899.0000
2100378211962922,0.9327553006,-151421601591255.0000
945805097450687,0.4200218384,945805097450687.0000
983036087372386,0.4365557193,983036087372386.0000
182032255971753,0.0808385607,182032255971753.0000
708085360607449,0.3144530683,708085360607449.0000
1254413917628832,0.5570716855,-997385895925345.0000
218483481224520,0.0970261565,218483481224520.0000
2160162187472552,0.9593047190,-91637626081625.0000
1948453498893862,0.8652871748,-303346314660315.0000
1149844012190191,0.5106333189,-1101955801363986.0000
1045470102906228,0.4642819919,1045470102906228.0000
2054596558880445,0.9124241624,-197203254673732.0000
1339209020716470,0.5947282759,-912590792837707.0000
352121070801891,0.1563731681,352121070801891.0000
2114000707061292,0.9388049037,-137799106492885.0000
1892128001162012,0.8402736290,-359671812392165.0000
329092554681137,0.1461464526,329092554681137.0000
1292275991504959,0.5738858240,-959523822049218.0000
2150796768331285,0.9551456375,-101003045222892.0000
889661452712408,0.3950890516,889661452712408.0000
331153774385754,0.1470618180,331153774385754.0000
1574166397802050,0.6990703118,-677633415752127.0000
1946078341344013,0.8642323930,-305721472210164.0000
1329998460936873,0.5906379657,-921801352617304.0000
378509980736352,0.1680921983,378509980736352.0000
542273928665743,0.2408180005,542273928665743.0000
1349960220812442,0.5995027678,-901839592741735.0000
599050871926960,0.2660320284,599050871926960.0000
1588695075822843,0.7055223410,-663104737731334.0000
1996435295168346,0.8865953728,-255364518385831.0000
2032742908192844,0.9027191920,-219056905361333.0000
1537653054488301,0.6828551300,-714146759065876.0000
2183132029825576,0.9695053782,-68667783728601.0000
238837615949497,0.1060652082,238837615949497.0000
1673591487967337,0.7432239215,-578208325586840.0000
966404733977660,0.4291699147,966404733977660.0000
981892325993295,0.4360477872,981892325993295.0000
1027273012364967,0.4562008604,1027273012364967.0000
1852184796604551,0.8225352829,-399615016949626.0000
1342194851352543,0.5960542510,-909604962201634.0000
204962820539420,0.0910217770,204962820539420.0000
2248003073848572,0.9983139089,-3796739705605.0000
455997573895636,0.2025036023,455997573895636.0000
238536389863616,0.1059314369,238536389863616.0000
1167099667928663,0.5182963694,-1084700145625514.0000
2020132799818388,0.8971191789,-231667013735789.0000
1919127142291358,0.8522636563,-332672671262819.0000
416272289226451,0.1848620320,416272289226451.0000
1288613850983874,0.5722595069,-963185962570303.0000
1349161414348030,0.5991480265,-902638399206147.0000
1793591082001819,0.7965144464,-458208731552358.0000
1664601151720641,0.7392314102,-587198661833536.0000
844750650155576,0.3751446488,844750650155576.0000
718097420409251,0.3188993160,718097420409251.0000
429466714460227,0.1907215339,429466714460227.0000
1506039410766308,0.6688158520,-745760402787869.0000
1630508997467049,0.7240914524,-621290816087128.0000
1847708089034527,0.8205472253,-404091724519650.0000
813139241152690,0.3611063631,813139241152690.0000
1301798728801518,0.5781147689,-950001084752659.0000
1863086762546677,0.8273767283,-388713051007500.0000
1818350812240820,0.8075099755,-433449001313357.0000
1276572534902761,0.5669120884,-975227278651416.0000
1994195236681271,0.8856005870,-257604576872906.0000
714249434886871,0.3171904672,714249434886871.0000
969823922451310,0.4306883394,969823922451310.0000
364545456420158,0.1618907037,364545456420158.0000
1609794638685601,0.7148924292,-642005174868576.0000
178453350139309,0.0792492073,178453350139309.0000
1547032055594961,0.6870202432,-704767757959216.0000
1079797900692430,0.4795265965,1079797900692430.0000
922658613162057,0.4097427345,922658613162057.0000
892181828050995,0.3962083231,892181828050995.0000
2085359390468354,0.9260856040,-166440423085823.0000
1315898130770365,0.5843761612,-935901682783812.0000
1532264637658006,0.6804621923,-719535175896171.0000
1182846564391655,0.5252893962,-1068953249162522.0000
2025787591093844,0.8996304107,-226012222460333.0000
1913816765871904,0.8499053754,-337983047682273.0000
928725206526116,0.4124368432,928725206526116.0000
320744260379366,0.1424390652,320744260379366.0000
139765475445742,0.0620683396,139765475445742.0000
1094682647544129,0.4861367520,1094682647544129.0000
1978546764128949,0.8786512692,-273253049425228.0000
2060559075167133,0.9150720516,-191240738387044.0000
1697073681329669,0.7536521102,-554726132224508.0000
1589263689872117,0.7057748563,-662536123682060.0000
2062092808699456,0.9157531661,-189707004854721.0000
1670605593925167,0.7418979182,-581194219629010.0000
512294991333772,0.2275046779,512294991333772.0000
555571190312691,0.2467231709,555571190312691.0000
1703925937825116,0.7566951234,-547873875729061.0000
135872405423260,0.0603394692,135872405423260.0000
445182812335182,0.1977008834,445182812335182.0000
827401258773332,0.3674399713,827401258773332.0000
651044319969556,0.2891217576,651044319969556.0000
2197981311594828,0.9760997840,-53818501959349.0000
1123538398338928,0.4989512796,1123538398338928.0000
1706564840392988,0.7578670316,-545234973161189.0000
782242783141265,0.3473855795,782242783141265.0000
411767709213985,0.1828615966,411767709213985.0000
1516422283800918,0.6734267739,-735377529753259.0000
928433891620188,0.4123074734,928433891620188.0000
1515660597426198,0.6730885172,-736139216127979.0000
631981998333624,0.2806563863,631981998333624.0000
516406958809755,0.2293307583,516406958809755.0000
711041377709288,0.3157658036,711041377709288.0000
468201573253017,0.2079232667,468201573253017.0000
2099348963573955,0.9322982225,-152450849980222.0000
67494932840948,0.0299737714,67494932840948.0000
441072269375453,0.1958754356,441072269375453.0000
1383519982249043,0.6144062958,-868279831305134.0000
1365883925567132,0.6065743133,-885915887987045.0000
1162519517942120,0.5162623742,-1089280295612057.0000
358749610955403,0.1593168313,358749610955403.0000
424501618980431,0.1885165886,424501618980431.0000
989711102446793,0.4395200215,989711102446793.0000
1566960023110488,0.6958700386,-684839790443689.0000
1180513007488825,0.5242530887,-1071286806065352.0000
164777594743335,0.0731759519,164777594743335.0000
632080302974919,0.2807000423,632080302974919.0000
805213279359556,0.3575865290,805213279359556.0000
2234048822304522,0.9921169763,-17750991249655.0000
853024283415664,0.3788188800,853024283415664.0000
1757832593234012,0.7806344874,-493967220320165.0000
93579240736759,0.0415575311,93579240736759.0000
1028529026266392,0.4567586426,1028529026266392.0000
2106980502649246,0.9356873066,-144819310904931.0000
949602432699974,0.4217081940,949602432699974.0000
681549065475870,0.3026685860,681549065475870.0000
2192409591986806,0.9736254434,-59390221567371.0000
1772526113220401,0.7871597211,-479273700333776.0000
1752459957731282,0.7782485580,-499339855822895.0000
843153896619119,0.3744355478,843153896619119.0000
1735602774297514,0.7707624647,-516197039256663.0000
508323998052684,0.2257412027,508323998052684.0000
886984222557668,0.3939001226,886984222557668.0000
443979026158277,0.1971662949,443979026158277.0000
655753909440250,0.2912132355,655753909440250.0000
971875531628972,0.4315994369,971875531628972.0000
158458230700595,0.0703695905,158458230700595.0000
273941501363711,0.1216544649,273941501363711.0000
137390518844272,0.0610136470,137390518844272.0000
1577452495283409,0.7005296322,-674347318270768.0000
978052050743110,0.4343423624,978052050743110.0000
1769290142327579,0.7857226613,-482509671226598.0000
1413894228544222,0.6278951708,-837905585009955.0000
79696775272076,0.0353924780,79696775272076.0000
93001774001456,0.0413010843,93001774001456.0000
1442409573853027,0.6405585280,-809390239701150.0000
1728873344182535,0.7677739974,-522926469371642.0000
1357012395384999,0.6026345625,-894787418169178.0000
1262991583703874,0.5608809345,-988808229850303.0000
2085382747681753,0.9260959767,-166417065872424.0000
706353587885421,0.3136840067,706353587885421.0000
1377454144504309,0.6117125227,-874345669049868.0000
54452454732847,0.0241817476,54452454732847.0000
80369517359138,0.0356912355,80369517359138.0000
1421700089228633,0.6313616693,-830099724325544.0000
2233590693512329,0.9919135263,-18209120041848.0000
1936029735622214,0.8597699156,-315770077931963.0000
947377785306240,0.4207202521,947377785306240.0000
70450105250951,0.0312861316,70450105250951.0000
2201648038438616,0.9777281378,-50151775115561.0000
565147457932283,0.2509758881,565147457932283.0000
1241478923790867,0.5513273943,-1010320889763310.0000
550817040713916,0.2446119044,550817040713916.0000
21213274954122,0.0094205865,21213274954122.0000
1657147420172418,0.7359212885,-594652393381759.0000
1959125730151305,0.8700265976,-292674083402872.0000
1456804472896847,0.6469511473,-794995340657330.0000
1127110438276158,0.5005375840,-1124689375278019.0000
1162286692078643,0.5161589787,-1089513121475534.0000
2158439822379221,0.9585398353,-93359991174956.0000
2039145060315020,0.9055623187,-212654753239157.0000
1526319896456254,0.6778221968,-725479917097923.0000
1800451226897462,0.7995609628,-451348586656715.0000
572374891006787,0.2541855131,572374891006787.0000
1262980044866258,0.5608758102,-988819768687919.0000
172348917632925,0.0765382947,172348917632925.0000
2033822175199116,0.9031984828,-217977638355061.0000
1270814058611636,0.5643548112,-980985754942541.0000
1557165078939422,0.6915202096,-694634734614755.0000
187795662043810,0.0833980272,187795662043810.0000
158455091936806,0.0703681966,158455091936806.0000
1619489127159056,0.7191976469,-632310686395121.0000
1460248832572569,0.6484807503,-791550980981608.0000
407718515049937,0.1810633932,407718515049937.0000
68254458989863,0.0303110688,68254458989863.0000
81328667919661,0.0361171839,81328667919661.0000
274980439095715,0.1221158459,274980439095715.0000
258420076048654,0.1147615674,258420076048654.0000
183547256794643,0.0815113562,183547256794643.0000
82996432458383,0.0368578201,82996432458383.0000
906441448755618,0.4025408668,906441448755618.0000
595891984288345,0.2646292005,595891984288345.0000
405084140536475,0.1798934959,405084140536475.0000
1637268079781787,0.7270930879,-614531733772390.0000
580811137128914,0.2579319590,580811137128914.0000
1191909064742914,0.5293139548,-1059890748811263.0000
53042469439007,0.0235555883,53042469439007.0000
2136083919859834,0.9486118202,-115715893694343.0000
16189868897853,0.0071897461,16189868897853.0000
2209753497666469,0.9813276848,-42046315887708.0000
307031908715740,0.1363495577,307031908715740.0000
1502422795638046,0.6672097522,-749377017916131.0000
1001833963503142,0.4449036533,1001833963503142.0000
346938487528934,0.1540716388,346938487528934.0000
565295578073802,0.2510416666,565295578073802.0000
1623809249274633,0.7211161665,-627990564279544.0000
1817931188783033,0.8073236252,-433868624771144.0000
1370503382273645,0.6086257642,-881296431280532.0000
2247330832215746,0.9980153736,-4468981338431.0000
2036233927366286,0.9042695159,-215565886187891.0000
1550167378051756,0.6884126061,-701632435502421.0000
1898351490497557,0.8430374135,-353448323056620.0000
1592911105662805,0.7073946343,-658888707891372.0000
1769771395277785,0.7859363806,-482028418276392.0000
40999004804302,0.0182072156,40999004804302.0000
1708432941828492,0.7586966353,-543366871725685.0000
1256186593164408,0.5578589116,-995613220389769.0000
1751277055016048,0.7777232436,-500522758538129.0000
1433342960089582,0.6365321426,-818456853464595.0000
1264520758715353,0.5615600246,-987279054838824.0000
1609735055476038,0.7148659689,-642064758078139.0000
1382721797154531,0.6140518304,-869078016399646.0000
1962452215195015,0.8715038537,-289347598359162.0000
1546318081284282,0.6867031749,-705481732269895.0000
707952409639723,0.3143940262,707952409639723.0000
636147123310365,0.2825060734,636147123310365.0000
1349408498160194,0.5992577537,-902391315393983.0000
606086685537387,0.2691565573,606086685537387.0000
534198725373745,0.2372318899,534198725373745.0000
878737994194198,0.3902380615,878737994194198.0000
897444232309252,0.3985453000,897444232309252.0000
127734480346664,0.0567255045,127734480346664.0000
1109805881876832,0.4928528172,1109805881876832.0000
1792882695101480,0.7961998595,-458917118452697.0000
1362116915720748,0.6049014249,-889682897833429.0000
1070374297920395,0.4753416762,1070374297920395.0000
699525005062419,0.3106515068,699525005062419.0000
513882523191084,0.2282096837,513882523191084.0000
91091568930060,0.0404527829,91091568930060.0000
2189813742603113,0.9724726547,-61986070951064.0000
1259726472741159,0.5594309339,-992073340813018.0000
2208133270184561,0.9806081593,-43666543369616.0000
793574471071951,0.3524178598,793574471071951.0000
239496457785832,0.1063577927,239496457785832.0000
1682702791977163,0.7472701533,-569097021577014.0000
1743903818269503,0.7744488688,-507895995284674.0000
368213236793467,0.1635195254,368213236793467.0000
59584751364562,0.0264609452,59584751364562.0000
1549014160533371,0.6879004746,-702785653020806.0000
396348747650781,0.1760142022,396348747650781.0000
993153982812528,0.4410489675,993153982812528.0000
855665070340944,0.3799916250,855665070340944.0000
2077208015185927,0.9224656662,-174591798368250.0000
120676231381109,0.0535910122,120676231381109.0000
830857561383563,0.3689748780,830857561383563.0000
1585555656043833,0.7041281585,-666244157510344.0000
245817925139625,0.1091650881,245817925139625.0000
776554562442996,0.3448595021,776554562442996.0000
1112315898832666,0.4939674886,1112315898832666.0000
204504352967931,0.0908181765,204504352967931.0000
1322160495566188,0.5871572098,-929639317987989.0000
1618281341788487,0.7186612824,-633518471765690.0000
1665300607492036,0.7395420310,-586499206062141.0000
1887483705675264,0.8382111475,-364316107878913.0000
404159452858681,0.1794828521,404159452858681.0000
1160496867103899,0.5153641368,-1091302946450278.0000
241324249638685,0.1071694953,241324249638685.0000
648561339613008,0.2880190929,648561339613008.0000
1473628720274785,0.6544226140,-778171093279392.0000
70676860053063,0.0313868309,70676860053063.0000
582156503364144,0.2585294216,582156503364144.0000
1690052783971531,0.7505342055,-561747029582646.0000
1774954207834062,0.7882380117,-476845605720115.0000
804784441237060,0.3573960866,804784441237060.0000
2035948400362324,0.9041427165,-215851413191853.0000
1768861463359860,0.7855322896,-482938350194317.0000
2188488913522204,0.9718843124,-63310900031973.0000
908127194348074,0.4032894882,908127194348074.0000
1062611922866013,0.4718944892,1062611922866013.0000
18550245664193,0.0082379639,18550245664193.0000
1811192425820428,0.8043310133,-440607387733749.0000
1744759681979153,0.7748289486,-507040131575024.0000
1193037702865717,0.5298151708,-1058762110688460.0000
1963822680302132,0.8721124624,-287977133252045.0000
1752514546052293,0.7782728001,-499285267501884.0000
2088656831165158,0.9275499619,-163142982389019.0000
134140827340259,0.0595704940,134140827340259.0000
44404531454916,0.0197195733,44404531454916.0000
2093623607945818,0.9297556538,-158176205608359.0000
648190392342026,0.2878543592,648190392342026.0000
686793437306672,0.3049975549,686793437306672.0000
8341520564855,0.0037043793,8341520564855.0000
1521765826309467,0.6757997834,-730033987244710.0000
571460325962914,0.2537793646,571460325962914.0000
914187767804463,0.4059809235,914187767804463.0000
447245573535537,0.1986169334,447245573535537.0000
739967195427407,0.3286114472,739967195427407.0000
41774241742356,0.0185514900,41774241742356.0000
87205252151156,0.0387269115,87205252151156.0000
353069698509088,0.1567944434,353069698509088.0000
184130201634610,0.0817702358,184130201634610.0000
513926494917076,0.2282292111,513926494917076.0000
448069214415041,0.1989827034,448069214415041.0000
1193976977528315,0.5302322926,-1057822836025862.0000
65269222803443,0.0289853576,65269222803443.0000
1538440058549721,0.6832046300,-713359755004456.0000
2071322693098275,0.9198520582,-180477120455902.0000
815499721742986,0.3621546271,815499721742986.0000
1716969343662114,0.7624875592,-534830469892063.0000
504027657520828,0.2238332442,504027657520828.0000
1018565726241960,0.4523340486,1018565726241960.0000
1332428846148743,0.5917172735,-919370967405434.0000
1294558833901163,0.5748996097,-957240979653014.0000
477844136975757,0.2122054252,477844136975757.0000
148863949056650,0.0661088735,148863949056650.0000
378364282129575,0.1680274951,378364282129575.0000
938348522498948,0.4167104539,938348522498948.0000
1607971496008514,0.7140827912,-643828317545663.0000
385034485828873,0.1709896606,385034485828873.0000
2190987055593906,0.9729937104,-60812757960271.0000
306826792405330,0.1362584678,306826792405330.0000
39968728651106,0.0177496811,39968728651106.0000
603927960699026,0.2681978909,603927960699026.0000
274712992831948,0.1219970759,274712992831948.0000
1415953706446715,0.6288097627,-835846107107462.0000
2092368694788659,0.9291983604,-159431118765518.0000
2119833923766384,0.9413953723,-131965889787793.0000
1536503952337074,0.6823448262,-715295861217103.0000
1146615546838769,0.5091995922,-1105184266715408.0000
1496102155354001,0.6644028241,-755697658200176.0000
1827803750134031,0.8117079232,-423996063420146.0000
525906827904084,0.2335495477,525906827904084.0000
1858920294865142,0.8255264450,-392879518689035.0000
595982987270728,0.2646696139,595982987270728.0000
332965031160013,0.1478661776,332965031160013.0000
330085923145265,0.1465875968,330085923145265.0000
903840073742222,0.4013856242,903840073742222.0000
2078966774534859,0.9232467123,-172833039019318.0000
2096834047250383,0.9311813753,-154965766303794.0000
801385916182356,0.3558868383,801385916182356.0000
1890416030719412,0.8395133614,-361383782834765.0000
109631718742802,0.0486862634,109631718742802.0000
116303587217993,0.0516491682,116303587217993.0000
373223142998737,0.1657443707,373223142998737.0000
809255887461631,0.3593818077,809255887461631.0000
2225861972961030,0.9884812849,-25937840593147.0000
802302395767691,0.3562938370,802302395767691.0000
62585387915561,0.0277934955,62585387915561.0000
444062814802302,0.1972035046,444062814802302.0000
1681954323938204,0.7469377668,-569845489615973.0000
360802554720627,0.1602285214,360802554720627.0000
1385314853116569,0.6152033785,-866484960437608.0000
1512573684288587,0.6717176523,-739226129265590.0000
1603122686353755,0.7119294871,-648677127200422.0000
2124194641715518,0.9433319201,-127605171838659.0000
1107220849049283,0.4917048320,1107220849049283.0000
248342638888678,0.1102862863,248342638888678.0000
238115922075389,0.1057447117,238115922075389.0000
535101559883536,0.2376328289,535101559883536.0000
248113165793032,0.1101843798,248113165793032.0000
1455750051045401,0.6464828899,-796049762508776.0000
1331438499962879,0.5912774714,-920361313591298.0000
2114791810748240,0.9391562243,-137008002805937.0000
1187217852295144,0.5272306380,-1064581961259033.0000
966849141261171,0.4293672712,966849141261171.0000
863957801937502,0.3836743376,863957801937502.0000
495072691166312,0.2198564403,495072691166312.0000
1618586942218622,0.7187969963,-633212871335555.0000
1728015938515905,0.7673932328,-523783875038272.0000
1732286106417097,0.7692895683,-519513707137080.0000
2157712762354456,0.9582169558,-94087051199721.0000
200109372678742,0.0888664132,200109372678742.0000
1429158470863501,0.6346738561,-822641342690676.0000
84942584487378,0.0377220852,84942584487378.0000
1552990200459846,0.6896661911,-698809613094331.0000
1529380308761069,0.6791812929,-722419504793108.0000
218824150184129,0.0971774440,218824150184129.0000
695749560262666,0.3089748725,695749560262666.0000
1407172650310369,0.6249101904,-844627163243808.0000
1343851497685838,0.5967899498,-907948315868339.0000
1811302493514749,0.8043798932,-440497320039428.0000
1655146218578843,0.7350325764,-596653594975334.0000
609266675848715,0.2705687567,609266675848715.0000
1097629715354050,0.4874455130,1097629715354050.0000
1557503512881386,0.6916705044,-694296300672791.0000
254988649870022,0.1132377080,254988649870022.0000
1975971388513072,0.8775075727,-275828425041105.0000
157673134172948,0.0700209376,157673134172948.0000
2089085523821200,0.9277403396,-162714289732977.0000
898309603385315,0.3989296020,898309603385315.0000
1625751645971937,0.7219787639,-626048167582240.0000
1166348211675915,0.5179626558,-1085451601878262.0000
1014491526374122,0.4505247404,1014491526374122.0000
661574200869802,0.2937979641,661574200869802.0000
1096164959656925,0.4867950308,1096164959656925.0000
589935296721577,0.2619838998,589935296721577.0000
434815583059834,0.1930969087,434815583059834.0000
137404426197176,0.0610198231,137404426197176.0000
864158050611103,0.3837632659,864158050611103.0000
1967793676689289,0.8738759391,-284006136864888.0000
1834485005550729,0.8146749966,-417314808003448.0000
906599456855636,0.4026110365,906599456855636.0000
953868891073727,0.4236028822,953868891073727.0000
1927453964472756,0.8559615082,-324345849081421.0000
81453859670961,0.0361727802,81453859670961.0000
1947473280513430,0.8648518704,-304326533040747.0000
696408402328727,0.3092674571,696408402328727.0000
351076016003806,0.1559090706,351076016003806.0000
815008006069362,0.3619362615,815008006069362.0000
2153610274323202,0.9563950851,-98189539230975.0000
2160081621551380,0.9592689406,-91718192002797.0000
1648460264028189,0.7320634162,-603339549525988.0000
1950863532003542,0.8663574445,-300936281550635.0000
1378376086403334,0.6121219471,-873423727150843.0000
1029733722970316,0.4572936354,1029733722970316.0000
466110267435627,0.2069945404,466110267435627.0000
871089784368623,0.3868415741,871089784368623.0000
1794786816665489,0.7970454593,-457012996888688.0000
728029465162614,0.3233100300,728029465162614.0000
3590419549901,0.0015944666,3590419549901.0000
1636597709203120,0.7267953836,-615202104351057.0000
2192027704589898,0.9734558514,-59772108964279.0000
1063676069971158,0.4723670655,1063676069971158.0000
567346127738923,0.2519522936,567346127738923.0000
2080791288414962,0.9240569592,-171008525139215.0000
2008203246663400,0.8918213931,-243596566890777.0000
2100175910528573,0.9326654607,-151623903025604.0000
70537551375045,0.0313249655,70537551375045.0000
1612780934699431,0.7162186110,-639018878854746.0000
1731357313582219,0.7688771014,-520442499971958.0000
1263475056971915,0.5610956397,-988324756582262.0000
947870448974137,0.4209390387,947870448974137.0000
1188432186898645,0.5277699109,-1063367626655532.0000
401515742474976,0.1783088088,401515742474976.0000
1254804143457417,0.5572449806,-996995670096760.0000
1536986921824353,0.6825593077,-714812891729824.0000
1530925978475464,0.6798677082,-720873835078713.0000
484330189231490,0.2150858111,484330189231490.0000
352124168680658,0.1563745438,352124168680658.0000
1124370500935686,0.4993208074,1124370500935686.0000
1870296000705884,0.8305782732,-381503812848293.0000
602497592871675,0.2675626800,602497592871675.0000
1705208714564350,0.7572647907,-546591098989827.0000
1500760903254671,0.6664717237,-751038910299506.0000
355586013865199,0.1579119119,355586013865199.0000
70049198827252,0.0311080934,70049198827252.0000
1377220783470191,0.6116088896,-874579030083986.0000
1709284376614831,0.7590747483,-542515436939346.0000
1424864831427189,0.6327670972,-826934982126988.0000
1312759552503851,0.5829823524,-939040261050326.0000
273598218285127,0.1215020166,273598218285127.0000
1000564276284284,0.4443397989,1000564276284284.0000
1261933743577930,0.5604111591,-989866069976247.0000
258202707667324,0.1146650364,258202707667324.0000
931497867327998,0.4136681519,931497867327998.0000
1705361788287234,0.7573327691,-546438025266943.0000
1530742929022478,0.6797864179,-721056884531699.0000
1430433369561105,0.6352400249,-821366443993072.0000
1092749428907544,0.4852782305,1092749428907544.0000
382219651890937,0.1697396232,382219651890937.0000
51789290879119,0.0229990653,51789290879119.0000
984187508530848,0.4370670530,984187508530848.0000
1375863325765533,0.6110060572,-875936487788644.0000
951605102162395,0.4225975579,951605102162395.0000
679600784872233,0.3018033756,679600784872233.0000
1214633016280137,0.5394054165,-1037166797274040.0000
1685801676193693,0.7486463344,-565998137360484.0000
1585872843288731,0.7042690179,-665926970265446.0000
198513957058625,0.0881579063,198513957058625.0000
342693548429256,0.1521865072,342693548429256.0000
675949688750751,0.3001819632,675949688750751.0000
1059110978174091,0.4703397575,1059110978174091.0000
601560357967555,0.2671464641,601560357967555.0000
364278586064148,0.1617721895,364278586064148.0000
670998016795701,0.2979829791,670998016795701.0000
136357113961181,0.0605547230,136357113961181.0000
1698253623855491,0.7541761100,-553546189698686.0000
2203430735784537,0.9785198145,-48369077769640.0000
1790931487225115,0.7953333491,-460868326329062.0000
1549964313452869,0.6883224273,-701835500101308.0000
953191569323127,0.4233020909,953191569323127.0000
2089906961872664,0.9281051314,-161892851681513.0000
1408723218216645,0.6255987809,-843076595337532.0000
1445301101370407,0.6418426241,-806498712183770.0000
861984789819933,0.3827981442,861984789819933.0000
279338576179409,0.1240512476,279338576179409.0000
1515381481120749,0.6729645646,-736418332433428.0000
1073889737780481,0.4769028451,1073889737780481.0000
1660281782644005,0.7373132250,-591518030910172.0000
1294555634316552,0.5748981888,-957244179237625.0000
2041450650083296,0.9065862062,-210349163470881.0000
714593659085554,0.3173433334,714593659085554.0000
2019423395773135,0.8968041402,-232376417781042.0000
1163098015590944,0.5165192788,-1088701797963233.0000
1662317012369124,0.7382170486,-589482801185053.0000
644188216743387,0.2860770362,644188216743387.0000
2018593567019959,0.8964356222,-233206246534218.0000
607420281322013,0.2697487928,607420281322013.0000
824899767579293,0.3663290860,824899767579293.0000
561841435979049,0.2495077194,561841435979049.0000
527271936819894,0.2341557778,527271936819894.0000
1936687141724300,0.8600618625,-315112671829877.0000
1529279776938013,0.6791366478,-722520036616164.0000
1391460059856852,0.6179323986,-860339753697325.0000
2132855210462356,0.9471779852,-118944603091821.0000
943061769730789,0.4188035562,943061769730789.0000
460291175458212,0.2044103444,460291175458212.0000
526781208816977,0.2339378508,526781208816977.0000
881119121959968,0.3912954947,881119121959968.0000
2163502141404657,0.9607879565,-88297672149520.0000
2165253673210058,0.9615657929,-86546140344119.0000
937568516684500,0.4163640618,937568516684500.0000
1953139642157641,0.8673682405,-298660171396536.0000
1213779510030247,0.5390263836,-1038020303523930.0000
289896948203312,0.1287401067,289896948203312.0000
2174059638785962,0.9654764272,-77740174768215.0000
2150761172787979,0.9551298299,-101038640766198.0000
567456209237225,0.2520011796,567456209237225.0000
1838583451651530,0.8164950723,-413216361902647.0000
963137398492690,0.4277189263,963137398492690.0000
1434286759042583,0.6369512736,-817513054511594.0000
1561845229770068,0.6935986140,-689954583784109.0000
1722275669679534,0.7648440413,-529524143874643.0000
801367467053564,0.3558786453,801367467053564.0000
240704262793470,0.1068941659,240704262793470.0000
1921621357455166,0.8533713103,-330178456099011.0000
139289775853002,0.0618570865,139289775853002.0000
1067296181754748,0.4739747181,1067296181754748.0000
1298317500298021,0.5765687929,-953482313256156.0000
245731407794549,0.1091266667,245731407794549.0000
509234222138758,0.2261454234,509234222138758.0000
1008407000003113,0.4478226679,1008407000003113.0000
634994745516276,0.2819943148,634994745516276.0000
75742915652423,0.0336366116,75742915652423.0000
869824991900589,0.3862798934,869824991900589.0000
2072772358774963,0.9204958391,-179027454779214.0000
1100122500905363,0.4885525322,1100122500905363.0000
1689826067974724,0.7504335234,-561973745579453.0000
1086381614497910,0.4824503528,1086381614497910.0000
1973736205843747,0.8765149522,-278063607710430.0000
680565570084443,0.3022318263,680565570084443.0000
1498712882959705,0.6655622200,-753086930594472.0000
444776183155386,0.1975203037,444776183155386.0000
384661625643808,0.1708240774,384661625643808.0000
561872417705292,0.2495214780,561872417705292.0000
1791392497256922,0.7955380787,-460407316297255.0000
317454609357886,0.1409781666,317454609357886.0000
1851201143483282,0.8220984531,-400598670070895.0000
546512023983880,0.2427000929,546512023983880.0000
687926977761803,0.3055009480,687926977761803.0000
2242918774182310,0.9960560262,-8881039371867.0000
615086196715555,0.2731531431,615086196715555.0000
1166181133148939,0.5178884580,-1085618680405238.0000
1672498875775501,0.7427387043,-579300937778676.0000
227150227778348,0.1008749652,227150227778348.0000
1211204986402208,0.5378830654,-1040594827151969.0000
2112910965604189,0.9383209613,-138888847949988.0000
1941122174430392,0.8620314127,-310677639123785.0000
762756548856466,0.3387319531,762756548856466.0000
1020472894094163,0.4531810012,1020472894094163.0000
1877343174594732,0.8337078471,-374456638959445.0000
1953343671673712,0.8674588478,-298456141880465.0000
1531953329848667,0.6803239438,-719846483705510.0000
1270516166825175,0.5642225207,-981283646729002.0000
1491528037581171,0.6623715077,-760271775973006.0000
1158129508196060,0.5143128182,-1093670305358117.0000
1457454424374372,0.6472397838,-794345389179805.0000
646327364454066,0.2870270086,646327364454066.0000
1279570367340856,0.5682433934,-972229446213321.0000
36387167237364,0.0161591483,36387167237364.0000
1112524317574114,0.4940600452,1112524317574114.0000
2068010942933167,0.9183813457,-183788870621010.0000
1233593802043215,0.5478256969,-1018206011510962.0000
857680974054014,0.3808868661,857680974054014.0000
730576123231185,0.3244409733,730576123231185.0000
715985898311123,0.3179616119,715985898311123.0000
2204053051790803,0.9787961783,-47746761763374.0000
1686892005286173,0.7491305378,-564907808268004.0000
1099774365931265,0.4883979292,1099774365931265.0000
1150770464108351,0.5110447462,-1101029349445826.0000
1053962947237094,0.4680535725,1053962947237094.0000
1802374385893628,0.8004150169,-449425427660549.0000
1885458435471140,0.8373117469,-366341378083037.0000
474954633437322,0.2109222279,474954633437322.0000
1223369793061836,0.5432853248,-1028430020492341.0000
1135652509019434,0.5043310254,-1116147304534743.0000
1823333703097262,0.8097228235,-428466110456915.0000
302225285911322,0.1342149884,302225285911322.0000
1588634670806774,0.7054955157,-663165142747403.0000
1624099852738605,0.7212452204,-627699960815572.0000
1769653659495984,0.7858840954,-482146154058193.0000
72734541268660,0.0323006250,72734541268660.0000
957177360807437,0.4250721379,957177360807437.0000
1317285522227348,0.5849922867,-934514291326829.0000
573967426300245,0.2548927408,573967426300245.0000
708438043852735,0.3146096911,708438043852735.0000
865990722561770,0.3845771357,865990722561770.0000
1445640545284843,0.6419933675,-806159268269334.0000
1642894238081063,0.7295916041,-608905575473114.0000
2118481630502705,0.9407948334,-133318183051472.0000
1855323574030915,0.8239291801,-396476239523262.0000
387322672255941,0.1720058195,387322672255941.0000
1064924155906344,0.4729213270,1064924155906344.0000
952320018262333,0.4229150445,952320018262333.0000
1034437367597162,0.4593824732,1034437367597162.0000
1889580168815566,0.8391421642,-362219644738611.0000
2182933099230999,0.9694170352,-68866714323178.0000
764128755614759,0.3393413353,764128755614759.0000
484526632126294,0.2151730492,484526632126294.0000
1383147327243175,0.6142408037,-868652486311002.0000
1756816624139227,0.7801833065,-494983189414950.0000
1062406783140239,0.4718033889,1062406783140239.0000
2113313013608996,0.9384995064,-138486799945181.0000
83438609874053,0.0370541863,83438609874053.0000
692785812653443,0.3076587042,692785812653443.0000
23633483826619,0.0104953752,23633483826619.0000
460323536477723,0.2044247156,460323536477723.0000
1953584708436081,0.8675658896,-298215105118096.0000
202189215820740,0.0897900491,202189215820740.0000
2068524354775718,0.9186093463,-183275458778459.0000
171309526494729,0.0760767123,171309526494729.0000
2222029310782106,0.9867792409,-29770502772071.0000
2020032353677375,0.8970745719,-231767459876802.0000
2099075353547131,0.9321767152,-152724460007046.0000
74812704115896,0.0332235147,74812704115896.0000
7406805892321,0.0032892826,7406805892321.0000
1043639207294199,0.4634689110,1043639207294199.0000
2130970237745831,0.9463408891,-120829575808346.0000
778775724087324,0.3458458960,778775724087324.0000
588610262352271,0.2613954663,588610262352271.0000
2180974479859938,0.9685472335,-70825333694239.0000
191037229596119,0.0848375723,191037229596119.0000
806506571810039,0.3581608662,806506571810039.0000
539570644778649,0.2396175013,539570644778649.0000
1047290814464704,0.4650905503,1047290814464704.0000
1501991917428253,0.6670184039,-749807896125924.0000
81755118509905,0.0363065660,81755118509905.0000
1925481583247067,0.8550855949,-326318230307110.0000
23745501822555,0.0105451211,23745501822555.0000
646049399792023,0.2869035675,646049399792023.0000
781291562284813,0.3469631526,781291562284813.0000
411362811651779,0.1826817860,411362811651779.0000
1521783228465144,0.6758075115,-730016585089033.0000
696452242743451,0.3092869262,696452242743451.0000
298449942711814,0.1325383992,298449942711814.0000
460638428465140,0.2045645557,460638428465140.0000
974202205307812,0.4326326876,974202205307812.0000
813103854510330,0.3610906483,813103854510330.0000
1893809390332267,0.8410203158,-357990423221910.0000
739952884276008,0.3286050917,739952884276008.0000
978953275457786,0.4347425866,978953275457786.0000
1582153778643474,0.7026174215,-669646034910703.0000
800165077344152,0.3553446770,800165077344152.0000
848383554649137,0.3767579825,848383554649137.0000
1666456076593046,0.7400551623,-585343736961131.0000
27063945104705,0.0120188060,27063945104705.0000
590127685164965,0.2620693374,590127685164965.0000
1194726134187223,0.5305649849,-1057073679366954.0000
2161970441660615,0.9601077452,-89829371893562.0000
1342419621243592,0.5961540689,-909380192310585.0000
1514209283057176,0.6724440041,-737590530497001.0000
919972565663168,0.4085498898,919972565663168.0000
1310813323857141,0.5821180533,-940986489697036.0000
1645337341267830,0.7306765599,-606462472286347.0000
798942434787859,0.3548017146,798942434787859.0000
1478978246728445,0.6567982810,-772821566825732.0000
402438909720124,0.1787187774,402438909720124.0000
1625448968577774,0.7218443481,-626350844976403.0000
1006407366804472,0.4469346523,1006407366804472.0000
1780133967777114,0.7905382872,-471665845777063.0000
1668603857535907,0.7410089687,-583195956018270.0000
1528170629481949,0.6786440874,-723629184072228.0000
785538448394499,0.3488491489,785538448394499.0000
1449971266911622,0.6439165943,-801828546642555.0000
293488321791645,0.1303349969,293488321791645.0000
1438754758175303,0.6389354638,-813045055378874.0000
729665438579405,0.3240365481,729665438579405.0000
849257920215615,0.3771462788,849257920215615.0000
948245036887398,0.4211053892,948245036887398.0000
1544413807782146,0.6858575076,-707386005772031.0000
1638755080096919,0.7277534487,-613044733457258.0000
888244779959864,0.3944599225,888244779959864.0000
1164025833247423,0.5169313126,-1087773980306754.0000
1878214213815811,0.8340946662,-373585599738366.0000
1846439980752436,0.8199840721,-405359832801741.0000
1034405243864895,0.4593682074,1034405243864895.0000
662103234013052,0.2940329020,662103234013052.0000
1255869053419062,0.5577178956,-995930760135115.0000
1575289615834123,0.6995691208,-676510197720054.0000
1318387056326098,0.5854814662,-933412757228079.0000
847733131663265,0.3764691366,847733131663265.0000
792640152406576,0.3520029390,792640152406576.0000
2066198179313611,0.9175763169,-185601634240566.0000
1975919735518760,0.8774846341,-275880078035417.0000
247467865081672,0.1098978087,247467865081672.0000
551630627496154,0.2449732095,551630627496154.0000
1385064054163419,0.6150920014,-866735759390758.0000
1702065750677461,0.7558690344,-549734062876716.0000
975575117370117,0.4332423830,975575117370117.0000
1446863914519949,0.6425366526,-804935899034228.0000
330502988098174,0.1467728108,330502988098174.0000
249343725985733,0.1107308583,249343725985733.0000
2111218151701878,0.9375692009,-140581661852299.0000
2187192829820861,0.9713087356,-64606983733316.0000
285819562861512,0.1269293838,285819562861512.0000
916015669499592,0.4067926749,916015669499592.0000
1997595599430908,0.8871106514,-254204214123269.0000
627327704481096,0.2785894646,627327704481096.0000
697090766495433,0.3095704877,697090766495433.0000
721453005341566,0.3203894951,721453005341566.0000
616426493450104,0.2737483544,616426493450104.0000
1494639806988938,0.6637534109,-757160006565239.0000
784075243561186,0.3481993554,784075243561186.0000
1374242696238242,0.6102863532,-877557117315935.0000
1005619774510433,0.4465848911,1005619774510433.0000
510327580859129,0.2266309722,510327580859129.0000
2025023898798658,0.8992912632,-226775914755519.0000
1858120548924179,0.8251712864,-393679264629998.0000
1988258864197227,0.8829643080,-263540949356950.0000
270384302676527,0.1200747513,270384302676527.0000
1753179093938351,0.7785679186,-498620719615826.0000
719350891561012,0.3194559691,719350891561012.0000
1219559808590048,0.5415933518,-1032240004964129.0000
844728589392002,0.3751348518,844728589392002.0000
632608014253830,0.2809343932,632608014253830.0000
1479493013737140,0.6570268835,-772306799817037.0000
565519184268799,0.2511409677,565519184268799.0000
648938549972957,0.2881866079,648938549972957.0000
2198301382483637,0.9762419240,-53498431070540.0000
1610030454299729,0.7149971523,-641769359254448.0000
2118407360226219,0.9407618508,-133392453327958.0000
908826781125621,0.4036001671,908826781125621.0000
1981876274585377,0.8801298689,-269923538968800.0000
1396178169499467,0.6200276601,-855621644054710.0000
1142074330479533,0.5071828870,-1109725483074644.0000
2154670720795318,0.9568660179,-97129092758859.0000
1653525025273052,0.7343126220,-598274788281125.0000
531802000768043,0.2361675303,531802000768043.0000
343114153616150,0.1523732934,343114153616150.0000
748500946892620,0.3324011941,748500946892620.0000
1126397200447780,0.5002208428,-1125402613106397.0000
1459224772672538,0.6480259763,-792575040881639.0000
2018993608698724,0.8966132764,-232806204855453.0000
2189727416564367,0.9724343183,-62072396989810.0000
763217652148253,0.3389367241,763217652148253.0000
1495713608241300,0.6642302745,-756086205312877.0000
1461049650388054,0.6488363848,-790750163166123.0000
1568214097942953,0.6964269597,-683585715611224.0000
767839744836736,0.3409893456,767839744836736.0000
1759186386858248,0.7812356926,-492613426695929.0000
964553805515756,0.4283479374,964553805515756.0000
1599501323733434,0.7103212791,-652298489820743.0000
859788193984327,0.3818226597,859788193984327.0000
347260508209813,0.1542146447,347260508209813.0000
974896751602460,0.4329411281,974896751602460.0000
2149623054860705,0.9546244040,-102176758693472.0000
1460885393165727,0.6487634400,-790914420388450.0000
1429356151692112,0.6347616440,-822443661862065.0000
1634071864965842,0.7256736834,-617727948588335.0000
1643864544069458,0.7300225065,-607935269484719.0000
306154223975293,0.1359597874,306154223975293.0000
1660749721665095,0.7375210317,-591050091889082.0000
465679349768335,0.2068031745,465679349768335.0000
1997552555925487,0.8870915362,-254247257628690.0000
1300903343865798,0.5777171381,-950896469688379.0000
319476149245146,0.1418759107,319476149245146.0000
1612373679708893,0.7160377534,-639426133845284.0000
734442943870357,0.3261581866,734442943870357.0000
898056209821214,0.3988170726,898056209821214.0000
128323847876047,0.0569872362,128323847876047.0000
691977051675549,0.3072995421,691977051675549.0000
1312713813468088,0.5829620402,-939086000086089.0000
305254632747201,0.1355602887,305254632747201.0000
1433814002716258,0.6367413276,-817985810837919.0000
510493493238352,0.2267046521,510493493238352.0000
1065987065782871,0.4733933538,1065987065782871.0000
51148277113171,0.0227143980,51148277113171.0000
811607454641577,0.3604261133,811607454641577.0000
1099050155407908,0.4880763151,1099050155407908.0000
812666108478117,0.3608962500,812666108478117.0000
931601250883678,0.4137140634,931601250883678.0000
682517382409621,0.3030986051,682517382409621.0000
1696011283310335,0.7531803107,-555788530243842.0000
2020844650049793,0.8974353039,-230955163504384.0000
106456809513104,0.0472763204,106456809513104.0000
1632140898779051,0.7248161621,-619658914775126.0000
1624431081017909,0.7213923153,-627368732536268.0000
488266657595403,0.2168339542,488266657595403.0000
63943058453612,0.0283964223,63943058453612.0000
1165731495054660,0.5176887786,-1086068318499517.0000
971274569509329,0.4313325561,971274569509329.0000
1276942336494717,0.5670763133,-974857477059460.0000
519902326859992,0.2308830135,519902326859992.0000
1460546025601649,0.6486127305,-791253787952528.0000
1860065044024815,0.8260348157,-391734769529362.0000
1983994796638628,0.8810706816,-267805016915549.0000
2082778462285422,0.9249394417,-169021351268755.0000
2198289552770211,0.9762366706,-53510260783966.0000
1415929046152416,0.6287988113,-835870767401761.0000
175652388037886,0.0780053302,175652388037886.0000
1515804002292309,0.6731522017,-735995811261868.0000
722476450396054,0.3208439960,722476450396054.0000
457785165860501,0.2032974526,457785165860501.0000
1449695676702613,0.6437942076,-802104136851564.0000
1953850857601955,0.8676840836,-297948955952222.0000
1271395090307245,0.5646128411,-980404723246932.0000
1744486627095170,0.7747076879,-507313186459007.0000
619106595743110,0.2749385589,619106595743110.0000
656321835721835,0.2914654455,656321835721835.0000
231952528565387,0.1030076151,231952528565387.0000
206823122779647,0.0918479172,206823122779647.0000
2104499175605868,0.9345853761,-147300637948309.0000
1673074479486993,0.7429943237,-578725334067184.0000
345244267719919,0.1533192541,345244267719919.0000
225550793982291,0.1001646739,225550793982291.0000
1589065265793220,0.7056867383,-662734547760957.0000
1629270399682615,0.7235414045,-622529413871562.0000
936685320814609,0.4159718440,936685320814609.0000
66254724790092,0.0294230084,66254724790092.0000
985511807788337,0.4376551600,985511807788337.0000
1037537180178545,0.4607590666,1037537180178545.0000
1718050567874663,0.7629677192,-533749245679514.0000
1782286488007663,0.7914941982,-469513325546514.0000
122044894825096,0.0541988209,122044894825096.0000
2007382796943272,0.8914570402,-244417016610905.0000
62452311045835,0.0277343975,62452311045835.0000
463502014422197,0.2058362434,463502014422197.0000
227683489191190,0.1011117808,227683489191190.0000
1758351698386173,0.7808650164,-493448115168004.0000
1368306140113881,0.6076499926,-883493673440296.0000
1266280273425351,0.5623414061,-985519540128826.0000
96660392751764,0.0429258374,96660392751764.0000
756042461350491,0.3357502993,756042461350491.0000
1469863444733665,0.6527504958,-781936368820512.0000
1981280991961846,0.8798655103,-270518821592331.0000
766020017194358,0.3401812242,766020017194358.0000
1369572116806293,0.6082121992,-882227696747884.0000
968611589698961,0.4301499555,968611589698961.0000
1007164277729723,0.4472707883,1007164277729723.0000
548859652152515,0.2437426493,548859652152515.0000
2184939419705721,0.9703080205,-66860393848456.0000
2155506398071463,0.9572371332,-96293415482714.0000
827907758232060,0.3676649022,827907758232060.0000
86950842188256,0.0386139308,86950842188256.0000
1747204846729531,0.7759148199,-504594966824646.0000
355662111921080,0.1579457063,355662111921080.0000
497930062088955,0.2211253678,497930062088955.0000
1547501263411277,0.6872286134,-704298550142900.0000
1441158158938894,0.6400027881,-810641654615283.0000
328565063229753,0.1459121993,328565063229753.0000
1229682666171759,0.5460888036,-1022117147382418.0000
2044109016408004,0.9077667580,-207690797146173.0000
1288338744247576,0.5721373350,-963461069306601.0000
1349614349923341,0.5993491703,-902185463630836.0000
1163597219132086,0.5167409697,-1088202594422091.0000
1125784532552352,0.4999487636,1125784532552352.0000
962674164455052,0.4275132091,962674164455052.0000
1521407755960311,0.6756407682,-730392057593866.0000
1723461132321384,0.7653704925,-528338681232793.0000
1229036536377941,0.5458018643,-1022763277176236.0000
1265965338520805,0.5622015469,-985834475033372.0000
1456356813660625,0.6467523467,-795442999893552.0000
1429337582970979,0.6347533979,-822462230583198.0000
431884053462436,0.1917950481,431884053462436.0000
1897267620770538,0.8425560786,-354532192783639.0000
1147511108707928,0.5095973016,-1104288704846249.0000
2073015556597162,0.9206038406,-178784256957015.0000
1065043732249775,0.4729744295,1065043732249775.0000
175114758493443,0.0777665747,175114758493443.0000
1284442516952826,0.5704070625,-967357296601351.0000
1651561557004201,0.7334406669,-600238256549976.0000
550014979067591,0.2442557175,550014979067591.0000
1628482110809300,0.7231913339,-623317702744877.0000
1425181819179686,0.6329078680,-826617994374491.0000
1358346822078781,0.6032271670,-893452991475396.0000
150781414830318,0.0669603994,150781414830318.0000
638168005797414,0.2834035255,638168005797414.0000
1573937579627072,0.6989686961,-677862233927105.0000
382323315747109,0.1697856592,382323315747109.0000
100291283127562,0.0445382767,100291283127562.0000
1178504345663165,0.5233610637,-1073295467891012.0000
1737670637224013,0.7716807803,-514129176330164.0000
1602572621887093,0.7116852094,-649227191667084.0000
110688108989147,0.0491553949,110688108989147.0000
2028238527805803,0.9007188453,-223561285748374.0000
1193799956497987,0.5301536794,-1057999857056190.0000
1606123036555752,0.7132619103,-645676776998425.0000
2119730268732746,0.9413493402,-132069544821431.0000
1227378047243301,0.5450653472,-1024421766310876.0000
109355212105509,0.0485634697,109355212105509.0000
1096035865969060,0.4867377017,1096035865969060.0000
135913554780225,0.0603577432,135913554780225.0000
1897558627571988,0.8426853116,-354241185982189.0000
312095657935280,0.1385983141,312095657935280.0000
663941235078519,0.2948491385,663941235078519.0000
1771811416583100,0.7868423320,-479988396971077.0000
909654591053558,0.4039677886,909654591053558.0000
820905567846731,0.3645553050,820905567846731.0000
297703506239599,0.1322069149,297703506239599.0000
615564286440151,0.2733654576,615564286440151.0000
1386419434267062,0.6156939111,-865380379287115.0000
1697119441862657,0.7536724320,-554680371691520.0000
1848579300141312,0.8209341208,-403220513412865.0000
1009142372417695,0.4481492388,1009142372417695.0000
1928244498512360,0.8563125758,-323555315041817.0000
515496318587649,0.2289263528,515496318587649.0000
1594759631381436,0.7082155446,-657040182172741.0000
843759860998881,0.3747046500,843759860998881.0000
1713244970688733,0.7608336054,-538554842865444.0000
1385264936490875,0.6151812111,-866534877063302.0000
2143947508042279,0.9521039549,-107852305511898.0000
680382093459752,0.3021503463,680382093459752.0000
282605908586730,0.1255022347,282605908586730.0000
1000078439832352,0.4441240442,1000078439832352.0000
505175898413236,0.2243431656,505175898413236.0000
871934413948629,0.3872166650,871934413948629.0000
1147943051351626,0.5097891227,-1103856762202551.0000
892141516144819,0.3961904210,892141516144819.0000
1614009855874170,0.7167643616,-637789957680007.0000
325101205683203,0.1443739376,325101205683203.0000
834635950128633,0.3706528196,834635950128633.0000
1398540003439893,0.6210765251,-853259810114284.0000
204549265664658,0.0908381218,204549265664658.0000
1477994530248050,0.6563614231,-773805283306127.0000
1219951825340594,0.5417674422,-1031847988213583.0000
868905761943424,0.3858716733,868905761943424.0000
753401212458667,0.3345773492,753401212458667.0000
649735260343501,0.2885404184,649735260343501.0000
1440132380518384,0.6395472510,-811667433035793.0000
616308250769354,0.2736958441,616308250769354.0000
2163555933116596,0.9608118449,-88243880437581.0000
1135963237843338,0.5044690167,-1115836575710839.0000
16835179518346,0.0074763216,16835179518346.0000
41390724829271,0.0183811743,41390724829271.0000
1173657679374311,0.5212087115,-1078142134179866.0000
67503453520866,0.0299775553,67503453520866.0000
1369862843697795,0.6083413079,-881936969856382.0000
858861067775559,0.3814109330,858861067775559.0000
73798577000671,0.0327731518,73798577000671.0000
922141538745618,0.4095131073,922141538745618.0000
669105494373618,0.2971425303,669105494373618.0000
1201332574212439,0.5334988337,-1050467239341738.0000
2065116877416298,0.9170961224,-186682936137879.0000
2236039628457772,0.9930010719,-15760185096405.0000
1583876207434519,0.7033823335,-667923606119658.0000
506820801006052,0.2250736491,506820801006052.0000
234565449827335,0.1041679853,234565449827335.0000
777372943385172,0.3452229362,777372943385172.0000
1365284116450754,0.6063079445,-886515697103423.0000
1182707363087560,0.5252275784,-1069092450466617.0000
585571889087623,0.2600461576,585571889087623.0000
2134005190330121,0.9476886788,-117794623224056.0000
703751319995890,0.3125283676,703751319995890.0000
1796306233160533,0.7977202158,-455493580393644.0000
1187154939247039,0.5272026990,-1064644874307138.0000
1912926994046843,0.8495102373,-338872819507334.0000
1768768267189641,0.7854909022,-483031546364536.0000
343658159380927,0.1526148805,343658159380927.0000
1787632089531431,0.7938681222,-464167724022746.0000
1787997045168639,0.7940301950,-463802768385538.0000
946398956530612,0.4202855648,946398956530612.0000
1507120461797686,0.6692959351,-744679351756491.0000
1327943167977151,0.5897252322,-923856645577026.0000
1664429710511779,0.7391552750,-587370103042398.0000
1626798549482581,0.7224436825,-625001264071596.0000
2138427693233883,0.9496526647,-113372120320294.0000
229887921465611,0.1020907454,229887921465611.0000
1426011977329559,0.6332765323,-825787836224618.0000
1870606334739431,0.8307160892,-381193478814746.0000
382854690993923,0.1700216372,382854690993923.0000
1901593074163468,0.8444769658,-350206739390709.0000
2011086580277556,0.8931018504,-240713233276621.0000
103561363001498,0.0459904839,103561363001498.0000
223224191585708,0.0991314549,223224191585708.0000
1670434009377310,0.7418217194,-581365804176867.0000
203035908238775,0.0901660561,203035908238775.0000
768707657905639,0.3413747764,768707657905639.0000
1409035926855271,0.6257376514,-842763886698906.0000
1150057430312358,0.5107280955,-1101742383241819.0000
2206510249914296,0.9798873935,-45289563639881.0000
631197378897325,0.2803079453,631197378897325.0000
1815081949866478,0.8060583090,-436717863687699.0000
1113894444257924,0.4946685036,1113894444257924.0000
534038209491704,0.2371606065,534038209491704.0000
1604792857560842,0.7126711921,-647006955993335.0000
833384406414020,0.3700970226,833384406414020.0000
1501944771425637,0.6669974668,-749855042128540.0000
133202978487912,0.0591540055,133202978487912.0000
964541661793737,0.4283425445,964541661793737.0000
618281622501226,0.2745721972,618281622501226.0000
190978152067879,0.0848113367,190978152067879.0000
1497440993724815,0.6649973877,-754358819829362.0000
1800667957942413,0.7996572107,-451131855611764.0000
484853383362608,0.2153181559,484853383362608.0000
778821337901388,0.3458661526,778821337901388.0000
316321569155804,0.1404749957,316321569155804.0000
467666098856587,0.2076854683,467666098856587.0000
1565873783811107,0.6953876514,-685926029743070.0000
2231000271590026,0.9907631478,-20799541964151.0000
202941723078254,0.0901242295,202941723078254.0000
1001629900936025,0.4448130313,1001629900936025.0000
1341481504871953,0.5957374616,-910318308682224.0000
237659694673940,0.1055421060,237659694673940.0000
615351319274936,0.2732708812,615351319274936.0000
1459475046450742,0.6481371202,-792324767103435.0000
1536272827720659,0.6822421862,-715526985833518.0000
1170170280837539,0.5196599954,-1081629532716638.0000
2085614065439601,0.9261987024,-166185748114576.0000
334877938487526,0.1487156791,334877938487526.0000
2215553014197756,0.9839031875,-36246799356421.0000
1235655400765120,0.5487412306,-1016144412789057.0000
2131243282390944,0.9464621453,-120556531163233.0000
512007682911815,0.2273770874,512007682911815.0000
2026845585682722,0.9001002547,-224954227871455.0000
304376799215739,0.1351704523,304376799215739.0000
808196901181348,0.3589115233,808196901181348.0000
103704786001297,0.0460541765,103704786001297.0000
1842824683444730,0.8183785576,-408975130109447.0000
1722707371739171,0.7650357556,-529092441815006.0000
686645471815078,0.3049318450,686645471815078.0000
1499002206224657,0.6656907054,-752797607329520.0000
1176776225244476,0.5225936241,-1075023588309701.0000
1364292673516960,0.6058676554,-887507140037217.0000
16114723291234,0.0071563747,16114723291234.0000
973167810813794,0.4321733242,973167810813794.0000
1142977822296709,0.5075841180,-1108821991257468.0000
701723861595767,0.3116279952,701723861595767.0000
35641081319564,0.0158278196,35641081319564.0000
838155672790211,0.3722158905,838155672790211.0000
550433552801830,0.2444416016,550433552801830.0000
934315564675047,0.4149194609,934315564675047.0000
647793563481758,0.2876781318,647793563481758.0000
544812534215487,0.2419453679,544812534215487.0000
1663240598896245,0.7386272034,-588559214657932.0000
881958085310943,0.3916680692,881958085310943.0000
1260266280366961,0.5596706567,-991533533187216.0000
1556841131284352,0.6913763479,-694958682269825.0000
1628654140344171,0.7232677303,-623145673210006.0000
2092577630609673,0.9292911466,-159222182944504.0000
1879051389673564,0.8344664470,-372748423880613.0000
2030518299224499,0.9017312671,-221281514329678.0000
1354719119665882,0.6016161435,-897080693888295.0000
298072744483506,0.1323708896,298072744483506.0000
637413824644749,0.2830686018,637413824644749.0000
521175011842973,0.2314481992,521175011842973.0000
604688488585489,0.2685356331,604688488585489.0000
1768022163604832,0.7851595657,-483777649949345.0000
653392473820539,0.2901645474,653392473820539.0000
533229270283006,0.2368013653,533229270283006.0000
1421977665934464,0.6314849381,-829822147619713.0000
1920644894592524,0.8529376737,-331154918961653.0000
870152508564317,0.3864253400,870152508564317.0000
126636001141624,0.0562376817,126636001141624.0000
449430443597448,0.1995872106,449430443597448.0000
1610573408540888,0.7152382724,-641226405013289.0000
1595528805472574,0.7085571266,-656271008081603.0000
596849294459315,0.2650543316,596849294459315.0000
1869652825570679,0.8302926460,-382146987983498.0000
1267516714480486,0.5628904962,-984283099073691.0000
1941147030378478,0.8620424510,-310652783175699.0000
1252348370942284,0.5561543985,-999451442611893.0000
1290470465810157,0.5730840095,-961329347744020.0000
1689648254515849,0.7503545583,-562151559038328.0000
60771766145633,0.0269880856,60771766145633.0000
1739487208938353,0.7724875002,-512312604615824.0000
537425937301844,0.2386650599,537425937301844.0000
1696931660039162,0.7535890401,-554868153515015.0000
840248417211994,0.3731452557,840248417211994.0000
1311445471573927,0.5823987833,-940354341980250.0000
185414189341156,0.0823404408,185414189341156.0000
585282996877650,0.2599178636,585282996877650.0000
1798191391615422,0.7985573943,-453608421938755.0000
811637896650288,0.3604396322,811637896650288.0000
1738234389317489,0.7719311365,-513565424236688.0000
1949422322248001,0.8657174188,-302377491306176.0000
1271206139895730,0.5645289303,-980593673658447.0000
73367042340601,0.0325815119,73367042340601.0000
1150975055820137,0.5111356031,-1100824757734040.0000
1777769823860907,0.7894883964,-474029989693270.0000
1606834686764035,0.7135779464,-644965126790142.0000
1382291684224784,0.6138608219,-869508129329393.0000
331736796346397,0.1473207318,331736796346397.0000
203946919475484,0.0905706263,203946919475484.0000
1925778844041860,0.8552176052,-326020969512317.0000
1791348979760718,0.7955187530,-460450833793459.0000
333619966843509,0.1481570275,333619966843509.0000
1131899767624168,0.5026644735,-1119900045930009.0000
784704561656140,0.3484788288,784704561656140.0000
453440041241142,0.2013678296,453440041241142.0000
1826663045512445,0.8112013486,-425136768041732.0000
1970092466603233,0.8748968069,-281707346950944.0000
1258801327158900,0.5590200868,-992998486395277.0000
453677145042224,0.2014731249,453677145042224.0000
1881411962593394,0.8355147519,-370387850960783.0000
1730225753721356,0.7683745879,-521574059832821.0000
780813797590448,0.3467509824,780813797590448.0000
571075160457564,0.2536083168,571075160457564.0000
827304933233052,0.3673971941,827304933233052.0000
954273112259882,0.4237823924,954273112259882.0000
1026086147127609,0.4556737863,1026086147127609.0000
626958273077527,0.2784254041,626958273077527.0000
1762904902378484,0.7828870452,-488894911175693.0000
976730107999611,0.4337553019,976730107999611.0000
704785350704790,0.3129875695,704785350704790.0000
1409771844985163,0.6260644647,-842027968569014.0000
545972564405056,0.2424605247,545972564405056.0000
234871674158043,0.1043039762,234871674158043.0000
1087626854063159,0.4830033503,1087626854063159.0000
1171046114725468,0.5200489438,-1080753698828709.0000
1683768464996754,0.7477434072,-568031348557423.0000
655513639942309,0.2911065344,655513639942309.0000
360849345373608,0.1602493007,360849345373608.0000
1000768504482265,0.4444304944,1000768504482265.0000
667837279379456,0.2965793297,667837279379456.0000
2007818065009170,0.8916503381,-243981748545007.0000
508185761623760,0.2256798133,508185761623760.0000
405733694176511,0.1801819557,405733694176511.0000
1458465611187091,0.6476888409,-793334202367086.0000
1094225499241722,0.4859337374,1094225499241722.0000
1304511690306178,0.5793195658,-947288123247999.0000
1448776605828557,0.6433860582,-803023207725620.0000
1610800702868249,0.7153392114,-640999110685928.0000
1840714510301423,0.8174414525,-411085303252754.0000
117548481732563,0.0522020124,117548481732563.0000
2209031229941535,0.9810069335,-42768583612642.0000
780996904491663,0.3468322982,780996904491663.0000
1424044115738222,0.6324026262,-827755697815955.0000
2202766271912734,0.9782247332,-49033541641443.0000
311239767706885,0.1382182225,311239767706885.0000
1597418292302259,0.7093962273,-654381521251918.0000
1843579690501446,0.8187138481,-408220123052731.0000
1807343492522402,0.8026217436,-444456321031775.0000
532436755705373,0.2364494182,532436755705373.0000
611801726218578,0.2716945452,611801726218578.0000
490473785775726,0.2178141160,490473785775726.0000
824233334057895,0.3660331301,824233334057895.0000
439462578190140,0.1951605891,439462578190140.0000
1943043331955427,0.8628845780,-308756481598750.0000
213097183526044,0.0946341599,213097183526044.0000
2178596581158258,0.9674912344,-73203232395919.0000
1488829889726637,0.6611732894,-762969923827540.0000
785887457573697,0.3490041401,785887457573697.0000
2034195347094018,0.9033642044,-217604466460159.0000
804798102455903,0.3574021534,804798102455903.0000
1533607595640017,0.6810585854,-718192217914160.0000
379219530542345,0.1684073017,379219530542345.0000
2151505305524253,0.9554602912,-100294508029924.0000
2080933808162737,0.9241202507,-170866005391440.0000
138568650000338,0.0615368423,138568650000338.0000
1389090451593714,0.6168800811,-862709361960463.0000
1759052254579653,0.7811761259,-492747558974524.0000
371704230374713,0.1650698380,371704230374713.0000
1540867079392313,0.6842824438,-710932734161864.0000
1702442902056530,0.7560365232,-549356911497647.0000
2127313970523217,0.9447171803,-124485843030960.0000
1619426568690923,0.7191698653,-632373244863254.0000
1853451060776498,0.8230976171,-398348752777679.0000
734032508679833,0.3259759168,734032508679833.0000
1995492016216114,0.8861764728,-256307797338063.0000
1336147505796585,0.5933686901,-915652307757592.0000
2069245434490373,0.9189295700,-182554379063804.0000
1409073416419678,0.6257543002,-842726397134499.0000
1134514609783066,0.5038256967,-1117285203771111.0000
1548873327736431,0.6878379323,-702926485817746.0000
1948462118757142,0.8652910028,-303337694797035.0000
95890371397623,0.0425838793,95890371397623.0000
799141165016323,0.3548899686,799141165016323.0000
2053143135652586,0.9117787129,-198656677901591.0000
2215352579831010,0.9838141768,-36447233723167.0000
1369305527010883,0.6080938096,-882494286543294.0000
330585415687876,0.1468094160,330585415687876.0000
195149028565260,0.0866635779,195149028565260.0000
972365467440894,0.4318170121,972365467440894.0000
1447940585727434,0.6430147907,-803859227826743.0000
1808955937986824,0.8033378132,-442843875567353.0000
570998583275337,0.2535743097,570998583275337.0000
2186870124420701,0.9711654257,-64929689133476.0000
1232641476572196,0.5474027794,-1019158336981981.0000
1017183529979338,0.4517202301,1017183529979338.0000
2128160810632398,0.9450932529,-123639002921779.0000
2236417290059699,0.9931687873,-15382523494478.0000
618464900900176,0.2746535892,618464900900176.0000
801455764187733,0.3559178571,801455764187733.0000
476485751309584,0.2116021808,476485751309584.0000
2203426511344814,0.9785179384,-48373302209363.0000
970529661388812,0.4310017505,970529661388812.0000
1849186821972572,0.8212039147,-402612991581605.0000
652371382811430,0.2897110919,652371382811430.0000
2005190404394104,0.8904834223,-246609409160073.0000
410249866406429,0.1821875390,410249866406429.0000
1584309067915537,0.7035745622,-667490745638640.0000
1858891420794954,0.8255136223,-392908392759223.0000
393943817501106,0.1749461986,393943817501106.0000
2247060895184354,0.9978954975,-4738918369823.0000
252586959992077,0.1121711435,252586959992077.0000
1896785440868062,0.8423419477,-355014372686115.0000
1827871076038801,0.8117378219,-423928737515376.0000
2191700994829472,0.9733107631,-60098818724705.0000
1389379321443344,0.6170083651,-862420492110833.0000
1235248556788967,0.5485605556,-1016551256765210.0000
158977460934370,0.0706001750,158977460934370.0000
228896409592350,0.1016504257,228896409592350.0000
163671268034518,0.0726846441,163671268034518.0000
2147252548786679,0.9535716878,-104547264767498.0000
2045210320395284,0.9082558352,-206589493158893.0000
992933333725614,0.4409509796,992933333725614.0000
1745741157824056,0.7752648114,-506058655730121.0000
1004714141427188,0.4461827092,1004714141427188.0000
923433315473737,0.4100867714,923433315473737.0000
217556919352077,0.0966146804,217556919352077.0000
537398705005784,0.2386529663,537398705005784.0000
947791727397176,0.4209040793,947791727397176.0000
439155107867273,0.1950240449,439155107867273.0000
99991474434057,0.0444051349,99991474434057.0000
1272470310051476,0.5650903346,-979329503502701.0000
926214541021161,0.4113218837,926214541021161.0000
2045145932457084,0.9082272412,-206653881097093.0000
1576682684194966,0.7001877674,-675117129359211.0000
173485857754494,0.0770431975,173485857754494.0000
2228566850976298,0.9896824920,-23232962577879.0000
2177271278561504,0.9669026818,-74528534992673.0000
1991673393374896,0.8844806636,-260126420179281.0000
2005166707348284,0.8904728987,-246633106205893.0000
2190721996792219,0.9728760006,-61077816761958.0000
1601589618197007,0.7112486681,-650210195357170.0000
653343232671705,0.2901426800,653343232671705.0000
787580168608030,0.3497558548,787580168608030.0000
488620576982737,0.2169911260,488620576982737.0000
164556022312155,0.0730775539,164556022312155.0000
472398842568830,0.2097872287,472398842568830.0000
2124083647888507,0.9432826289,-127716165665670.0000
1614495475803302,0.7169800202,-637304337750875.0000
1764997963695716,0.7838165511,-486801849858461.0000
123079215951310,0.0546581518,123079215951310.0000
222724494398790,0.0989095447,222724494398790.0000
1128642258456847,0.5012178488,-1123157555097330.0000
1314402319370896,0.5837118875,-937397494183281.0000
19491762653468,0.0086560815,19491762653468.0000
614008671201673,0.2726746257,614008671201673.0000
1211442375022680,0.5379884871,-1040357438531497.0000
1954985936578911,0.8681881599,-296813876975266.0000
1538823277368237,0.6833748134,-712976536185940.0000
1216250336544385,0.5401236510,-1035549477009792.0000
1568700674446438,0.6966430430,-683099139107739.0000
579105697033809,0.2571745914,579105697033809.0000
1459458558975472,0.6481297983,-792341254578705.0000
256373004596504,0.1138524850,256373004596504.0000
269926496340264,0.1198714445,269926496340264.0000
2030406469445886,0.9016816047,-221393344108291.0000
2080554186513515,0.9239516648,-171245627040662.0000
1083270797380924,0.4810688725,1083270797380924.0000
1382725470382065,0.6140534616,-869074343172112.0000
424852849550738,0.1886725663,424852849550738.0000
98062518695062,0.0435485064,98062518695062.0000
1560926079384018,0.6931904293,-690873734170159.0000
1274128862493821,0.5658268798,-977670951060356.0000
1171556681168401,0.5202756809,-1080243132385776.0000
1520021938047572,0.6750253415,-731777875506605.0000
390690140405036,0.1735012758,390690140405036.0000
609398678087754,0.2706273775,609398678087754.0000
1343536383105920,0.5966500108,-908263430448257.0000
598727116294029,0.2658882520,598727116294029.0000
1785624860685855,0.7929767335,-466174952868322.0000
566080559293759,0.2513902683,566080559293759.0000
2164299977484443,0.9611422669,-87499836069734.0000
615359688074694,0.2732745977,615359688074694.0000
19993246848801,0.0088787852,19993246848801.0000
1466742237241824,0.6513644012,-785057576312353.0000
1605078575599026,0.7127980764,-646721237955151.0000
1957970111260627,0.8695133997,-293829702293550.0000
116821230254143,0.0518790478,116821230254143.0000
823755461585252,0.3658209121,823755461585252.0000
1937818746673688,0.8605643961,-313981066880489.0000
80147507372027,0.0355926432,80147507372027.0000
1845782271440876,0.8196919905,-406017542113301.0000
266911487962013,0.1185325118,266911487962013.0000
342406713151368,0.1520591267,342406713151368.0000
1747499172865564,0.7760455269,-504300640688613.0000
301076102270358,0.1337046484,301076102270358.0000
224916208452202,0.0998828613,224916208452202.0000
222902464104892,0.0989885792,222902464104892.0000
1683116061562312,0.7474536819,-568683751991865.0000
676444617494247,0.3004017557,676444617494247.0000
208864438524477,0.0927544435,208864438524477.0000
1464275472963430,0.6502689378,-787524340590747.0000
1397310013223411,0.6205302997,-854489800330766.0000
1085231233640338,0.4819394811,1085231233640338.0000
907316963688396,0.4029296735,907316963688396.0000
1950275901248476,0.8660964840,-301523912305701.0000
918533467667786,0.4079108019,918533467667786.0000
1089430073519,0.0004838041,1089430073519.0000
710281016900880,0.3154281356,710281016900880.0000
1177326517689403,0.5228380030,-1074473295864774.0000
954550751097172,0.4239056888,954550751097172.0000
364361584591806,0.1618090482,364361584591806.0000
41530940284267,0.0184434425,41530940284267.0000
980047608510987,0.4352285681,980047608510987.0000
1813494822322397,0.8053534828,-438304991231780.0000
2114624464665588,0.9390819077,-137175348888589.0000
2214364403196558,0.9833753382,-37435410357619.0000
670449116182448,0.2977392183,670449116182448.0000
991520102497708,0.4403233789,991520102497708.0000
1090600179825102,0.4843237721,1090600179825102.0000
479631871017136,0.2129993386,479631871017136.0000
634305455177327,0.2816882084,634305455177327.0000
1457033567461232,0.6470528857,-794766246092945.0000
660578052657706,0.2933555855,660578052657706.0000
1751754388571286,0.7779352223,-500045424982891.0000
55391411170056,0.0245987280,55391411170056.0000
724308536177047,0.3216576055,724308536177047.0000
495957503133277,0.2202493757,495957503133277.0000
161114130413177,0.0715490469,161114130413177.0000
9535111793176,0.0042344403,9535111793176.0000
1109226693209720,0.4925956058,1109226693209720.0000
456847444644782,0.2028810207,456847444644782.0000
992879225288498,0.4409269507,992879225288498.0000
1791355496073623,0.7955216469,-460444317480554.0000
1665224157239584,0.7395080803,-586575656314593.0000
1488318382484186,0.6609461345,-763481431069991.0000
1874831165161881,0.8325922908,-376968648392296.0000
318834067030517,0.1415907689,318834067030517.0000
2206388141908510,0.9798331666,-45411671645667.0000
471165329065241,0.2092394387,471165329065241.0000
1317900541847213,0.5852654103,-933899271706964.0000
1677356874165655,0.7448960889,-574442939388522.0000
331551992332460,0.1472386623,331551992332460.0000
2181516941999967,0.9687881351,-70282871554210.0000
2244326911207721,0.9966813647,-7472902346456.0000
260729199675589,0.1157870243,260729199675589.0000
205216827882892,0.0911345789,205216827882892.0000
1365981034740725,0.6066174384,-885818778813452.0000
700157876451000,0.3109325581,700157876451000.0000
684627368463372,0.3040356271,684627368463372.0000
1405672081489553,0.6242438040,-846127732064624.0000
942475344048918,0.4185431309,942475344048918.0000
1114889521405850,0.4951104067,1114889521405850.0000
506193790357342,0.2247952004,506193790357342.0000
2021826108879220,0.8978711592,-229973704674957.0000
1297200122661585,0.5760725775,-954599690892592.0000
1027254475397466,0.4561926283,1027254475397466.0000
2188065799774195,0.9716964122,-63734013779982.0000
348233325535553,0.1546466624,348233325535553.0000
1193904061591071,0.5301999114,-1057895751963106.0000
1070435368842816,0.4753687972,1070435368842816.0000
562918660500683,0.2499861032,562918660500683.0000
1291553879388630,0.5735651418,-960245934165547.0000
204481126494667,0.0908078619,204481126494667.0000
1740281846380097,0.7728403901,-511517967174080.0000
1625104503751527,0.7216913750,-626695309802650.0000
1576365164851405,0.7000467605,-675434648702772.0000
1049365900729836,0.4660120737,1049365900729836.0000
905669452614245,0.4021980316,905669452614245.0000
1522948962623963,0.6763252015,-728850850930214.0000
1764305567304830,0.7835090654,-487494246249347.0000
1470263302347964,0.6529280682,-781536511206213.0000
1358232377636219,0.6031763434,-893567435917958.0000
527196349171937,0.2341222102,527196349171937.0000
1409976118395193,0.6261551804,-841823695158984.0000
567698869442038,0.2521089424,567698869442038.0000
1961076832063619,0.8708930609,-290722981490558.0000
1465868536157501,0.6509764000,-785931277396676.0000
1225890719792069,0.5444048411,-1025909093762108.0000
534968835142314,0.2375738873,534968835142314.0000
1158193258268828,0.5143411289,-1093606555285349.0000
871805640062896,0.3871594779,871805640062896.0000
2207226364932363,0.9802054124,-44573448621814.0000
1613421067009277,0.7165028868,-638378746544900.0000
406135697325269,0.1803604809,406135697325269.0000
545312448160696,0.2421673742,545312448160696.0000
1175387914648730,0.5219770903,-1076411898905447.0000
749737361065972,0.3329502723,749737361065972.0000
2190275304280776,0.9726776293,-61524509273401.0000
1159229787701961,0.5148014405,-1092570025852216.0000
208620606793637,0.0926461604,208620606793637.0000
485791848647655,0.2157349182,485791848647655.0000
1118334907707929,0.4966404655,1118334907707929.0000
473601234892370,0.2103211982,473601234892370.0000
1490194444280474,0.6617792733,-761605369273703.0000
1217982389295509,0.5408928369,-1033817424258668.0000
1633890042162191,0.7255929378,-617909771391986.0000
327687451063603,0.1455224612,327687451063603.0000
532694735505233,0.2365639842,532694735505233.0000
1978454688574328,0.8786103794,-273345124979849.0000
1938633319245647,0.8609261390,-313166494308530.0000
1268998633294947,0.5635486004,-982801180259230.0000
994063291628660,0.4414527817,994063291628660.0000
287360553928091,0.1276137213,287360553928091.0000
705031033219259,0.3130966745,705031033219259.0000
2184271509911648,0.9700114090,-67528303642529.0000
4651833168483,0.0020658289,4651833168483.0000
425632677067791,0.1890188793,425632677067791.0000
423632982225518,0.1881308364,423632982225518.0000
1731023628978488,0.7687289157,-520776184575689.0000
1247524877512282,0.5540123372,-1004274936041895.0000
103750229275922,0.0460743573,103750229275922.0000
1611759843665806,0.7157651555,-640039969888371.0000
1459053032585811,0.6479497084,-792746780968366.0000
2005327691304427,0.8905443900,-246472122249750.0000
802062631842743,0.3561873604,802062631842743.0000
551645535931694,0.2449798302,551645535931694.0000
1990359985092820,0.8838973931,-261439828461357.0000
643880800302085,0.2859405159,643880800302085.0000
252542517371217,0.1121514070,252542517371217.0000
764599886483149,0.3395505595,764599886483149.0000
1633627448292129,0.7254763227,-618172365262048.0000
1472737127911641,0.6540266675,-779062685642536.0000
862836311509365,0.3831762958,862836311509365.0000
87397528917581,0.0388122996,87397528917581.0000
130488252046272,0.0579484247,130488252046272.0000
567499583009306,0.2520204414,567499583009306.0000
1599271996573770,0.7102194373,-652527816980407.0000
739524019583058,0.3284146375,739524019583058.0000
498388753020439,0.2213290675,498388753020439.0000
2008743674333575,0.8920613912,-243056139220602.0000
1749593246430062,0.7769754824,-502206567124115.0000
126034247583820,0.0559704494,126034247583820.0000
1465620969059619,0.6508664581,-786178844494558.0000
756106886889741,0.3357789100,756106886889741.0000
2029647381977413,0.9013445022,-222152431576764.0000
2100530712099523,0.9328230243,-151269101454654.0000
640225254954356,0.2843171276,640225254954356.0000
1389205969912807,0.6169313815,-862593843641370.0000
1742274501028869,0.7737253065,-509525312525308.0000
2201944826872272,0.9778599384,-49854986681905.0000
1671798003593751,0.7424274545,-580001809960426.0000
1533483413511065,0.6810034375,-718316400043112.0000
2071523219746193,0.9199411099,-180276593807984.0000
722919604546834,0.3210407960,722919604546834.0000
855995506834717,0.3801383683,855995506834717.0000
2236718835841047,0.9933027005,-15080977713130.0000
1014137330629640,0.4503674459,1014137330629640.0000
1139668990091610,0.5061147013,-1112130823462567.0000
748655773285270,0.3324699508,748655773285270.0000
739727980554326,0.3285052144,739727980554326.0000
1640417615151386,0.7284917626,-611382198402791.0000
1301610865016923,0.5780313406,-950188948537254.0000
748119091776536,0.3322316164,748119091776536.0000
1378809302116116,0.6123143335,-872990511438061.0000
1930180747788728,0.8571724432,-321619065765449.0000
28074210788427,0.0124674541,28074210788427.0000
754675947359854,0.3351434452,754675947359854.0000
1278535951614949,0.5677840206,-973263861939228.0000
702663092157541,0.3120450974,702663092157541.0000
1216904582553892,0.5404141946,-1034895231000285.0000
306322095780061,0.1360343375,306322095780061.0000
261712349456749,0.1162236305,261712349456749.0000
43816037931701,0.0194582297,43816037931701.0000
1481430030361245,0.6578870917,-770369783192932.0000
2214634592917746,0.9834953265,-37165220636431.0000
252248084326776,0.1120206525,252248084326776.0000
1014812130072899,0.4506671170,1014812130072899.0000
1524910693632184,0.6771963851,-726889119921993.0000
1977415234391824,0.8781487690,-274384579162353.0000
1046068607102627,0.4645477812,1046068607102627.0000
1556872456568449,0.6913902591,-694927356985728.0000
2029016560815066,0.9010643613,-222783252739111.0000
1828847680136105,0.8121715213,-422952133418072.0000
1386358461223780,0.6156668336,-865441352330397.0000
1349953203491073,0.5994996515,-901846610063104.0000
1534989085144060,0.6816720900,-716810728410117.0000
418601542240306,0.1858964281,418601542240306.0000
116275413917203,0.0516366567,116275413917203.0000
126531228344747,0.0561911532,126531228344747.0000
1808854996463893,0.8032929862,-442944817090284.0000
2117110211401954,0.9401858010,-134689602152223.0000
827768391796091,0.3676030111,827768391796091.0000
969247409696677,0.4304323163,969247409696677.0000
2121695716908745,0.9422221745,-130104096645432.0000
357187833723565,0.1586232629,357187833723565.0000
902912347640038,0.4009736311,902912347640038.0000
59801734328519,0.0265573049,59801734328519.0000
2134358759528051,0.9478456951,-117441054026126.0000
887310096830591,0.3940448398,887310096830591.0000
1086791775607873,0.4826325009,1086791775607873.0000
25330867990375,0.0112491652,25330867990375.0000
699488405552416,0.3106352533,699488405552416.0000
775353907671386,0.3443263042,775353907671386.0000
1993034904709308,0.8850852961,-258764908844869.0000
983037499471204,0.4365563464,983037499471204.0000
1167053630652740,0.5182759247,-1084746182901437.0000
88015627034462,0.0390867903,88015627034462.0000
884253878712793,0.3926876063,884253878712793.0000
2207877627969603,0.9804946313,-43922185584574.0000
733351653310642,0.3256735563,733351653310642.0000
726266773650900,0.3225272377,726266773650900.0000
1299157326049888,0.5769417504,-952642487504289.0000
1660644539622616,0.7374743215,-591155273931561.0000
2199836212573820,0.9769235255,-51963600980357.0000
54846660432454,0.0243568101,54846660432454.0000
2229661674570429,0.9901686914,-22138138983748.0000
1031530079902392,0.4580913781,1031530079902392.0000
242244423938272,0.1075781348,242244423938272.0000
1950025643503258,0.8659853473,-301774170050919.0000
557798098419323,0.2477121168,557798098419323.0000
148890442161656,0.0661206388,148890442161656.0000
667479898656801,0.2964206208,667479898656801.0000
254000807393469,0.1127990179,254000807393469.0000
696489360340364,0.3093034097,696489360340364.0000
1424860926559197,0.6327653631,-826938886994980.0000
2213511481257690,0.9829965648,-38288332296487.0000
2179584486552121,0.9679299525,-72215327002056.0000
1017097310144050,0.4516819408,1017097310144050.0000
905221576396906,0.4019991346,905221576396906.0000
741614242203385,0.3293428829,741614242203385.0000
328666801765975,0.1459573803,328666801765975.0000
1494382858679194,0.6636393030,-757416954874983.0000
56936643145438,0.0252849489,56936643145438.0000
9215955905845,0.0040927066,9215955905845.0000
27960146927011,0.0124167996,27960146927011.0000
889489626624015,0.3950127455,889489626624015.0000
978325016253715,0.4344635835,978325016253715.0000
1003297877808759,0.4455537618,1003297877808759.0000
251104309906283,0.1115127146,251104309906283.0000
724992442606161,0.3219613210,724992442606161.0000
1092478301467399,0.4851578257,1092478301467399.0000
356706431414083,0.1584094773,356706431414083.0000
81011483568665,0.0359763257,81011483568665.0000
2115499452264585,0.9394704802,-136300361289592.0000
1408186994697586,0.6253606498,-843612818856591.0000
1114509858577960,0.4949418025,1114509858577960.0000
1209468073061991,0.5371117209,-1042331740492186.0000
413733233796402,0.1837344649,413733233796402.0000
238591664854482,0.1059559839,238591664854482.0000
1690157971106066,0.7505809180,-561641842448111.0000
826928503815693,0.3672300259,826928503815693.0000
1369178698698797,0.6080374865,-882621114855380.0000
1021374501752255,0.4535813955,1021374501752255.0000
2046030531029296,0.9086200819,-205769282524881.0000
963021123647085,0.4276672899,963021123647085.0000
321992176512943,0.1429932513,321992176512943.0000
1263181567596223,0.5609653043,-988618245957954.0000
246379493947103,0.1094144748,246379493947103.0000
1133032755180739,0.5031676210,-1118767058373438.0000
2064657129098406,0.9168919531,-187142684455771.0000
562910585047990,0.2499825169,562910585047990.0000
1718794063252503,0.7632978975,-533005750301674.0000
667950131938457,0.2966294463,667950131938457.0000
1655005556744612,0.7349701100,-596794256809565.0000
1806547573669463,0.8022682846,-445252239884714.0000
247855385225610,0.1100699022,247855385225610.0000
473566007089773,0.2103055539,473566007089773.0000
307308950454319,0.1364725890,307308950454319.0000
989155580408621,0.4392733201,989155580408621.0000
2213361372362637,0.9829299030,-38438441191540.0000
2238735243620481,0.9941981655,-13064569933696.0000
861368520255123,0.3825244656,861368520255123.0000
271384128513964,0.1205187632,271384128513964.0000
2040854874443474,0.9063216287,-210944939110703.0000
136780387120748,0.0607426940,136780387120748.0000
208487049967363,0.0925868493,208487049967363.0000
2068770520856339,0.9187186660,-183029292697838.0000
1032029051874179,0.4583129662,1032029051874179.0000
1520199854878996,0.6751043524,-731599958675181.0000
2156703743698394,0.9577688615,-95096069855783.0000
966908370482142,0.4293935743,966908370482142.0000
909385973971506,0.4038484987,909385973971506.0000
1770341496404675,0.7861895563,-481458317149502.0000
512689383144665,0.2276798231,512689383144665.0000
247622629784662,0.1099665380,247622629784662.0000
1947909886437184,0.8650457624,-303889927116993.0000
1263425589395455,0.5610736717,-988374224158722.0000
487960175448985,0.2166978488,487960175448985.0000
938833566442205,0.4169258567,938833566442205.0000
1298946554149921,0.5768481489,-952853259404256.0000
502157560823439,0.2230027544,502157560823439.0000
790276193038612,0.3509531302,790276193038612.0000
2204242835524898,0.9788804592,-47556978029279.0000
479748496553288,0.2130511308,479748496553288.0000
393213122459525,0.1746217049,393213122459525.0000
1852556601023751,0.8227003972,-399243212530426.0000
565793741546654,0.2512628956,565793741546654.0000
907887667387817,0.4031831169,907887667387817.0000
203872065439144,0.0905373845,203872065439144.0000
116319087155208,0.0516560515,116319087155208.0000
1253625807897499,0.5567216945,-998174005656678.0000
281237066658424,0.1248943467,281237066658424.0000
565246161128783,0.2510197211,565246161128783.0000
506738571866235,0.2250371320,506738571866235.0000
41309847197419,0.0183452574,41309847197419.0000
1536383308564204,0.6822912496,-715416504989973.0000
1910370362862087,0.8483748650,-341429450692090.0000
14923458915868,0.0066273471,14923458915868.0000
49340800854937,0.0219117173,49340800854937.0000
1181196806206100,0.5245567564,-1070603007348077.0000
175699089102897,0.0780260697,175699089102897.0000
2043670421422458,0.9075719827,-208129392131719.0000
7263556589750,0.0032256671,7263556589750.0000
554628613679755,0.2463045828,554628613679755.0000
582166950386517,0.2585340610,582166950386517.0000
1613029958005846,0.7163291996,-638769855548331.0000
229491630623951,0.1019147569,229491630623951.0000
1810588284027165,0.8040627205,-441211529527012.0000
309603372281910,0.1374915170,309603372281910.0000
486228592870319,0.2159288716,486228592870319.0000
880865350962364,0.3911827977,880865350962364.0000
156184284580898,0.0693597555,156184284580898.0000
1725922428473648,0.7664635276,-525877385080529.0000
1901286968157250,0.8443410274,-350512845396927.0000
1130015469497203,0.5018276770,-1121784344056974.0000
304595194489510,0.1352674393,304595194489510.0000
1835447479965673,0.8151024211,-416352333588504.0000
1243994149739162,0.5524443790,-1007805663815015.0000
2190189762275400,0.9726396410,-61610051278777.0000
1350123986399116,0.5995754944,-901675827155061.0000
1467064739069046,0.6515076208,-784735074485131.0000
1296479540383580,0.5757525747,-955320273170597.0000
389666607838290,0.1730467360,389666607838290.0000
451440336005960,0.2004797821,451440336005960.0000
1762018908387490,0.7824935848,-489780905166687.0000
1654634532449681,0.7348053421,-597165281104496.0000
107898433729953,0.0479165302,107898433729953.0000
1480804483297361,0.6576092930,-770995330256816.0000
884043806958640,0.3925943157,884043806958640.0000
832782931316449,0.3698299140,832782931316449.0000
2021591390274185,0.8977669232,-230208423279992.0000
415440835741766,0.1844927925,415440835741766.0000
408976077027794,0.1816218629,408976077027794.0000
1647008315935599,0.7314186217,-604791497618578.0000
1566139302796447,0.6955055655,-685660510757730.0000
1117257380730075,0.4961619474,1117257380730075.0000
2177022160717526,0.9667920512,-74777652836651.0000
829698758639148,0.3684602662,829698758639148.0000
1898768837598312,0.8432227528,-353030975955865.0000
774629676560200,0.3440046810,774629676560200.0000
800690814440968,0.3555781511,800690814440968.0000
1632537459395489,0.7249922704,-619262354158688.0000
1795873938566407,0.7975282384,-455925874987770.0000
2108543190324384,0.9363812794,-143256623229793.0000
582379010283318,0.2586282345,582379010283318.0000
1269557341459120,0.5637967167,-982242472095057.0000
2205879187638907,0.9796071455,-45920625915270.0000
149962818655388,0.0665968696,149962818655388.0000
963803947911109,0.4280149337,963803947911109.0000
1462732975906119,0.6495839315,-789066837648058.0000
1895532099066711,0.8417853522,-356267714487466.0000
2126175398744042,0.9442115529,-125624414810135.0000
1640114936338792,0.7283573462,-611684877215385.0000
2098712627495848,0.9320156325,-153087186058329.0000
354529344707807,0.1574426566,354529344707807.0000
655547445293285,0.2911215470,655547445293285.0000
651229505933749,0.2892039967,651229505933749.0000
306872084276911,0.1362785814,306872084276911.0000
1761622338997819,0.7823174726,-490177474556358.0000
751786894787655,0.3338604481,751786894787655.0000
1050682140780966,0.4665966017,1050682140780966.0000
784570858193868,0.3484194525,784570858193868.0000
1237048437991152,0.5493598634,-1014751375563025.0000
1700657599106166,0.7552436895,-551142214448011.0000
335191147014535,0.1488547716,335191147014535.0000
334755054362479,0.1486611076,334755054362479.0000
683897075485706,0.3037113119,683897075485706.0000
1116476114013340,0.4958149953,1116476114013340.0000
1262245397120630,0.5605495611,-989554416433547.0000
1994749087745162,0.8858465463,-257050725809015.0000
1279923240218218,0.5684001005,-971876573335959.0000
1249505085422305,0.5548917261,-1002294728131872.0000
580709854949527,0.2578869807,580709854949527.0000
1143967584354551,0.5080236607,-1107832229199626.0000
1533278531654551,0.6809124516,-718521281899626.0000
307692326090083,0.1366428420,307692326090083.0000
1281532168802819,0.5691146083,-970267644751358.0000
1417397334490314,0.6294508624,-834402479063863.0000
1728949699433461,0.7678079059,-522850114120716.0000
455892749607024,0.2024570510,455892749607024.0000
550564768798029,0.2444998732,550564768798029.0000
1567398198848671,0.6960646277,-684401614705506.0000
167590422394308,0.0744250983,167590422394308.0000
2209573049371299,0.9812475497,-42226764182878.0000
2185445059940777,0.9705325699,-66354753613400.0000
925275042107467,0.4109046624,925275042107467.0000
1269348952074652,0.5637041732,-982450861479525.0000
1456924746365999,0.6470045595,-794875067188178.0000
938967097712652,0.4169851565,938967097712652.0000
1839781007097474,0.8170268938,-412018806456703.0000
1401299957105096,0.6223021907,-850499856449081.0000
1013416710605695,0.4500474263,1013416710605695.0000
2101140569730217,0.9330938554,-150659243823960.0000
1750887972624134,0.7775504563,-500911840930043.0000
1206109267579746,0.5356201117,-1045690545974431.0000
313122128413389,0.1390541586,313122128413389.0000
703668154009442,0.3124914345,703668154009442.0000
367722184046116,0.1633014542,367722184046116.0000
2007768780178620,0.8916284512,-244031033375557.0000
1640674145160692,0.7286056848,-611125668393485.0000
1906022888274133,0.8464441985,-345776925280044.0000
1444340694832811,0.6414161180,-807459118721366.0000
1055864210095568,0.4688979028,1055864210095568.0000
623630216691674,0.2769474502,623630216691674.0000
925959834266429,0.4112087712,925959834266429.0000
1719308671672558,0.7635264295,-532491141881619.0000
112306849237003,0.0498742599,112306849237003.0000
999914576704211,0.4440512743,999914576704211.0000
1637269887110098,0.7270938905,-614529926444079.0000
1740258071655829,0.7728298320,-511541741898348.0000
1141777123496801,0.5070509006,-1110022690057376.0000
1124387942972564,0.4993285532,1124387942972564.0000
1759602443461704,0.7814204588,-492197370092473.0000
1491022588858529,0.6621470434,-760777224695648.0000
404338158226305,0.1795622132,404338158226305.0000
677305157975824,0.3007839125,677305157975824.0000
1026573727937636,0.4558903157,1026573727937636.0000
1162528216318193,0.5162662370,-1089271597235984.0000
552809548302811,0.2454967555,552809548302811.0000
1085902123136053,0.4822374159,1085902123136053.0000
907661604576368,0.4030827248,907661604576368.0000
1338463568195020,0.5943972284,-913336245359157.0000
730678633190444,0.3244864969,730678633190444.0000
1589225155159560,0.7057577435,-662574658394617.0000
605428039842638,0.2688640599,605428039842638.0000
1467867486945680,0.6518641125,-783932326608497.0000
1400922270410481,0.6221344642,-850877543143696.0000
1291484861176198,0.5735344916,-960314952377979.0000
897628119529822,0.3986269624,897628119529822.0000
2141653700919139,0.9510852999,-110146112635038.0000
824835322613420,0.3663004667,824835322613420.0000
789026605239352,0.3503982017,789026605239352.0000
1203435898261375,0.5344328972,-1048363915292802.0000
1455802947433635,0.6465063807,-795996866120542.0000
2248055510294483,0.9983371953,-3744303259694.0000
1341866350619987,0.5959083674,-909933462934190.0000
2166879847328018,0.9622879593,-84919966226159.0000
662917801577200,0.2943946427,662917801577200.0000
118977438626426,0.0528365967,118977438626426.0000
877673790098431,0.3897654600,877673790098431.0000
431592959563851,0.1916657764,431592959563851.0000
1669254054599957,0.7412977142,-582545758954220.0000
1478473155465506,0.6565739754,-773326658088671.0000
2136819515829974,0.9489384904,-114980297724203.0000
1187999052217772,0.5275775604,-1063800761336405.0000
2025614874673045,0.8995537092,-226184938881132.0000
2250362256584963,0.9993615965,-1437556969214.0000
507154204819986,0.2252217101,507154204819986.0000
2076126483654704,0.9219853697,-175673329899473.0000
1428697281989807,0.6344690471,-823102531564370.0000
1200651327412118,0.5331962993,-1051148486142059.0000
1628772426035920,0.7233202597,-623027387518257.0000
1051426353761259,0.4669270987,1051426353761259.0000
1818633185189453,0.8076353743,-433166628364724.0000
332217994749733,0.1475344268,332217994749733.0000
1972978771765345,0.8761785839,-278821041788832.0000
1140229565774891,0.5063636469,-1111570247779286.0000
1577117536443472,0.7003808806,-674682277110705.0000
650854608476620,0.2890375088,650854608476620.0000
1294946941590628,0.5750719641,-956852871963549.0000
1545463187126705,0.6863235257,-706336626427472.0000
2079364363014232,0.9234232770,-172435450539945.0000
1717126890624336,0.7625575241,-534672922929841.0000
1157693814108761,0.5141193312,-1094105999445416.0000
1054614838207856,0.4683430702,1054614838207856.0000
2095168496752020,0.9304417223,-156631316802157.0000
1336191678801511,0.5933883069,-915608134752666.0000
2103839337276362,0.9342923490,-147960476277815.0000
155443715261951,0.0690308767,155443715261951.0000
2032253507064408,0.9025018542,-219546306489769.0000
761881716758343,0.3383434496,761881716758343.0000
1719125334593461,0.7634450115,-532674478960716.0000
957283454678949,0.4251192530,957283454678949.0000
1024030055918829,0.4547606984,1024030055918829.0000
277472397238120,0.1232224977,277472397238120.0000
2150283944226971,0.9549178978,-101515869327206.0000
907667854413312,0.4030855003,907667854413312.0000
316330844619608,0.1404791148,316330844619608.0000
544798933005886,0.2419393277,544798933005886.0000
1678363086068509,0.7453429368,-573436727485668.0000
2038305855393515,0.9051896368,-213493958160662.0000
1985812482363116,0.8818778963,-265987331191061.0000
2218665342866032,0.9852853391,-33134470688145.0000
1943283558198521,0.8629912599,-308516255355656.0000
2148848478198955,0.9542804228,-102951335355222.0000
732292357240698,0.3252031343,732292357240698.0000
419247652498751,0.1861833587,419247652498751.0000
974369122708107,0.4327068138,974369122708107.0000
138905797093562,0.0616865657,138905797093562.0000
226927623938043,0.1007761092,226927623938043.0000
244715873072772,0.1086756787,244715873072772.0000
1846311746069010,0.8199271245,-405488067485167.0000
1270033875067060,0.5640083401,-981765938487117.0000
1332661240880731,0.5918204775,-919138572673446.0000
324368147325226,0.1440483943,324368147325226.0000
925718494334503,0.4111015947,925718494334503.0000
771821523390579,0.3427576105,771821523390579.0000
1530621800485252,0.6797326260,-721178013068925.0000
1433811604967558,0.6367402628,-817988208586619.0000
866685440996683,0.3848856527,866685440996683.0000
1567478778340093,0.6961004122,-684321035214084.0000
2084197424745701,0.9255695876,-167602388808476.0000
2213966225511692,0.9831985118,-37833588042485.0000
1103488356175667,0.4900472722,1103488356175667.0000
1195064329017968,0.5307151736,-1056735484536209.0000
1773922102919389,0.7877796651,-477877710634788.0000
546528371889192,0.2427073528,546528371889192.0000
429794622908029,0.1908671545,429794622908029.0000
1174965480707441,0.5217894920,-1076834332846736.0000
1481595871170622,0.6579607398,-770203942383555.0000
1265174887789415,0.5618505163,-986624925764762.0000
127008339202018,0.0564030330,127008339202018.0000
2230122175280545,0.9903731947,-21677638273632.0000
112375447681159,0.0499047238,112375447681159.0000
1080342766911670,0.4797685658,1080342766911670.0000
1588862945547837,0.7055968901,-662936868006340.0000
1997617903359115,0.8871205563,-254181910195062.0000
1362784345203888,0.6051978231,-889015468350289.0000
1509875775411358,0.6705195401,-741924038142819.0000
1201136559348397,0.5334117856,-1050663254205780.0000
2061230203379260,0.9153700924,-190569610174917.0000
1266126571711153,0.5622731488,-985673241843024.0000
1484885708186079,0.6594217209,-766914105368098.0000
809172846639992,0.3593449301,809172846639992.0000
168810891217253,0.0749670953,168810891217253.0000
2151675693938480,0.9555359588,-100124119615697.0000
1849529413764743,0.8213560560,-402270399789434.0000
1536717487453306,0.6824396548,-715082326100871.0000
2184021958046503,0.9699005857,-67777855507674.0000
1338410475257621,0.5943736504,-913389338296556.0000
234071313953917,0.1039485449,234071313953917.0000
232802593421825,0.1033851198,232802593421825.0000
490278210084832,0.2177272629,490278210084832.0000
1455610933562822,0.6464211094,-796188879991355.0000
980305309336373,0.4353430103,980305309336373.0000
2177549099611294,0.9670260591,-74250713942883.0000
1520183692022519,0.6750971747,-731616121531658.0000
253270186127100,0.1124745568,253270186127100.0000
1306434319583300,0.5801733847,-945365493970877.0000
1209291788207753,0.5370334347,-1042508025346424.0000
1483159376959327,0.6586550758,-768640436594850.0000
1931620549131975,0.8578118434,-320179264422202.0000
1521597598501504,0.6757250753,-730202215052673.0000
1536723114123116,0.6824421535,-715076699431061.0000
1995671341542736,0.8862561092,-256128472011441.0000
1470603350099983,0.6530790798,-781196463454194.0000
1165993592503254,0.5178051732,-1085806221050923.0000
9979241488833,0.0044316735,9979241488833.0000
2198816216232302,0.9764705561,-52983597321875.0000
1002365726741640,0.4451398036,1002365726741640.0000
1066376963951678,0.4735665034,1066376963951678.0000
2007687262911719,0.8915922503,-244112550642458.0000
973031919015953,0.4321129761,973031919015953.0000
819778126862782,0.3640546206,819778126862782.0000
686773597657189,0.3049887443,686773597657189.0000
473708756242068,0.2103689473,473708756242068.0000
135317928525544,0.0600932320,135317928525544.0000
613802652299490,0.2725831349,613802652299490.0000
133883038843283,0.0594560129,133883038843283.0000
1119666000669176,0.4972315896,1119666000669176.0000
1857575732222996,0.8249293392,-394224081331181.0000
2019448467724156,0.8968152744,-232351345830021.0000
1878732932866351,0.8343250237,-373066880687826.0000
2555102882883,0.0011346936,2555102882883.0000
378335498447230,0.1680147126,378335498447230.0000
1167271782057091,0.5183728034,-1084528031497086.0000
676897928436826,0.3006030662,676897928436826.0000
1611264978245781,0.7155453911,-640534835308396.0000
2149357349277192,0.9545064070,-102442464276985.0000
429280929277514,0.1906390287,429280929277514.0000
2131407565013638,0.9465351015,-120392248540539.0000
1266943972135620,0.5626361475,-984855841418557.0000
2232768271401312,0.9915482975,-19031542152865.0000
2186965786385190,0.9712079081,-64834027168987.0000
64164767451157,0.0284948809,64164767451157.0000
2130878474495515,0.9463001381,-120921339058662.0000
1392308373857193,0.6183091256,-859491439696984.0000
2150530712396534,0.9550274849,-101269101157643.0000
1992674589659401,0.8849252841,-259125223894776.0000
2149854302209458,0.9547270984,-101945511344719.0000
2122924959723490,0.9427680680,-128874853830687.0000
720722576231815,0.3200651194,720722576231815.0000
1136078765890857,0.5045203215,-1115721047663320.0000
1360534371210490,0.6041986339,-891265442343687.0000
1035123000444885,0.4596869554,1035123000444885.0000
434363529252673,0.1928961565,434363529252673.0000
176943900140759,0.0785788768,176943900140759.0000
1853716790237854,0.8232156247,-398083023316323.0000
1521403812939235,0.6756390172,-730396000614942.0000
1081902060355160,0.4804610311,1081902060355160.0000
281538517277682,0.1250282177,281538517277682.0000
426802042834803,0.1895381820,426802042834803.0000
91330097693942,0.0405587109,91330097693942.0000
1779127899027187,0.7900915029,-472671914526990.0000
1255981230401033,0.5577677122,-995818583153144.0000
57610721460267,0.0255842998,57610721460267.0000
690020905996226,0.3064308389,690020905996226.0000
292134196101448,0.1297336443,292134196101448.0000
175391484259956,0.0778894657,175391484259956.0000
1120810726211332,0.4977399498,1120810726211332.0000
1701372660666625,0.7555612406,-550427152887552.0000
2114281549188281,0.9389296226,-137518264365896.0000
375774242253082,0.1668772863,375774242253082.0000
742380029234403,0.3296829606,742380029234403.0000
224782965936289,0.0998236897,224782965936289.0000
193938561137639,0.0861260224,193938561137639.0000
1474199585837773,0.6546761293,-777600227716404.0000
1651197117050120,0.7332788231,-600602696504057.0000
1394331891995747,0.6192077482,-857467921558430.0000
477061325046696,0.2118577869,477061325046696.0000
1390381107810255,0.6174532476,-861418705743922.0000
1944760720040770,0.8636472516,-307039093513407.0000
1159624576261030,0.5149767618,-1092175237293147.0000
1686124080620935,0.7487895107,-565675732933242.0000
1108092247734194,0.4920918108,1108092247734194.0000
1419768801999818,0.6305040055,-832031011554359.0000
1670820931941325,0.7419935475,-580978881612852.0000
246876745195682,0.1096352987,246876745195682.0000
1475003100016697,0.6550329613,-776796713537480.0000
1841534862247389,0.8178057619,-410264951306788.0000
831763000605251,0.3693769737,831763000605251.0000
982098080474415,0.4361391606,982098080474415.0000
1888781564416687,0.8387875126,-363018249137490.0000
552502527069074,0.2453604107,552502527069074.0000
962044878248405,0.4272337498,962044878248405.0000
2240064791763650,0.9947886034,-11735021790527.0000
172319629750383,0.0765252882,172319629750383.0000
986492448368424,0.4380906519,986492448368424.0000
777787508909190,0.3454070403,777787508909190.0000
1253831339897475,0.5568129691,-997968473656702.0000
552095451088320,0.2451796326,552095451088320.0000
739609530180814,0.3284526119,739609530180814.0000
623625267870675,0.2769452525,623625267870675.0000
1949293900458019,0.8656603881,-302505913096158.0000
466852684816168,0.2073242399,466852684816168.0000
286714123055222,0.1273266484,286714123055222.0000
1013651335351898,0.4501516206,1013651335351898.0000
1154168919030186,0.5125539633,-1097630894523991.0000
1855442563060148,0.8239820218,-396357250494029.0000
2155536463372193,0.9572504849,-96263350181984.0000
1407248303326658,0.6249437871,-844551510227519.0000
1672986388396513,0.7429552034,-578813425157664.0000
1659492207459311,0.7369625832,-592307606094866.0000
345871125074191,0.1535976347,345871125074191.0000
117108106773144,0.0520064466,117108106773144.0000
380073294515724,0.1687864491,380073294515724.0000
809939700028546,0.3596854814,809939700028546.0000
1866062432254568,0.8286981911,-385737381299609.0000
213674521049364,0.0948905492,213674521049364.0000
2243210086270310,0.9961853948,-8589727283867.0000
251284009860037,0.1115925174,251284009860037.0000
1316642062457005,0.5847065332,-935157751097172.0000
1588113972587564,0.7052642793,-663685840966613.0000
2015800788344247,0.8951953794,-235999025209930.0000
1613590586076194,0.7165781684,-638209227477983.0000
762549184154461,0.3386398647,762549184154461.0000
1298693483577849,0.5767357630,-953106329976328.0000
1875057884250879,0.8326929743,-376741929303298.0000
2186542676547153,0.9710200096,-65257137007024.0000
1416943946990327,0.6292495179,-834855866563850.0000
2009663485581774,0.8924698694,-242136327972403.0000
307316656462350,0.1364760112,307316656462350.0000
1434930806162735,0.6372372879,-816869007391442.0000
38609997519314,0.0171462833,38609997519314.0000
2010870061361333,0.8930056967,-240929752192844.0000
1671180734320649,0.7421533319,-580619079233528.0000
14786532117470,0.0065665394,14786532117470.0000
1322700743245403,0.5873971280,-929099070308774.0000
1156062836984262,0.5133950318,-1095736976569915.0000
1285890014099677,0.5710498803,-965909799454500.0000
1852495289615573,0.8226731695,-399304523938604.0000
522086749882080,0.2318530922,522086749882080.0000
1222739235434712,0.5430053009,-1029060578119465.0000
1076865099385836,0.4782241711,1076865099385836.0000
514667286236908,0.2285581885,514667286236908.0000
2251523560785485,0.9998773191,-276252768692.0000
590220655330638,0.2621106245,590220655330638.0000
1927929711400812,0.8561727822,-323870102153365.0000
2147951314292957,0.9538820020,-103848499261220.0000
1241747434558490,0.5514466371,-1010052378995687.0000
1404256351958278,0.6236150938,-847543461595899.0000
1784242277361357,0.7923627432,-467557536192820.0000
61755915407390,0.0274251357,61755915407390.0000
2161650693770016,0.9599657486,-90149119784161.0000
560100022282087,0.2487343763,560100022282087.0000
1200092523775746,0.5329481407,-1051707289778431.0000
1878970122306237,0.8344303570,-372829691247940.0000
1532144002873237,0.6804086197,-719655810680940.0000
1651206182916185,0.7332828491,-600593630637992.0000
1779538031439681,0.7902736383,-472261782114496.0000
383981692332302,0.1705221264,383981692332302.0000
1495865822048416,0.6642978710,-755933991505761.0000
2094614893668607,0.9301958731,-157184919885570.0000
674228625181959,0.2994176574,674228625181959.0000
2107218636911217,0.9357930595,-144581176642960.0000
393247151374857,0.1746368167,393247151374857.0000
1771482912040785,0.7866964467,-480316901513392.0000
1137867129044956,0.5053145143,-1113932684509221.0000
1432888618269142,0.6363303743,-818911195285035.0000
572228619986811,0.2541205557,572228619986811.0000
1586883604713657,0.7047178862,-664916208840520.0000
890433113022006,0.3954317376,890433113022006.0000
2176757272100266,0.9666744171,-75042541453911.0000
1497031721668878,0.6648156344,-754768091885299.0000
1960252957811428,0.8705271872,-291546855742749.0000
1166110493647319,0.5178570878,-1085689319906858.0000
1395525098252178,0.6197376382,-856274715301999.0000
2058276779229467,0.9140585086,-193523034324710.0000
1370386427029571,0.6085738256,-881413386524606.0000
1476354199655065,0.6556329700,-775445613899112.0000
271017556163653,0.1203559724,271017556163653.0000
1982707916845990,0.8804991922,-269091896708187.0000
959106735293380,0.4259289523,959106735293380.0000
1406432535247721,0.6245815133,-845367278306456.0000
1514569473054443,0.6726039606,-737230340499734.0000
1962867262380034,0.8716881716,-288932551174143.0000
454708851852794,0.2019312947,454708851852794.0000
943854925453862,0.4191557881,943854925453862.0000
58952486032109,0.0261801629,58952486032109.0000
1195449085838024,0.5308860400,-1056350727716153.0000
1831587437796622,0.8133882181,-420212375757555.0000
360508336005215,0.1600978621,360508336005215.0000
1825425640945308,0.8106518306,-426374172608869.0000
331116941683314,0.1470454610,331116941683314.0000
486941636596354,0.2162455267,486941636596354.0000
647250256598319,0.2874368550,647250256598319.0000
2026907264709122,0.9001276457,-224892548845055.0000
1838199266862296,0.8163244600,-413600546691881.0000
633617824346701,0.2813828390,633617824346701.0000
1873555998529709,0.8320260030,-378243815024468.0000
271014400132595,0.1203545708,271014400132595.0000
1771573518216271,0.7867366839,-480226295337906.0000
1598866315848386,0.7100392789,-652933497705791.0000
1206879207515764,0.5359620337,-1044920606038413.0000
478413432912992,0.2124582434,478413432912992.0000
1228547436877179,0.5455846605,-1023252376676998.0000
91120126493943,0.0404654650,91120126493943.0000
1978276792328108,0.8785313776,-273523021226069.0000
1394976732415162,0.6194941149,-856823081139015.0000
66077365812809,0.0293442452,66077365812809.0000
958857379505358,0.4258182160,958857379505358.0000
1992228139309203,0.8847270203,-259571674244974.0000
2221812952092206,0.9866831584,-29986861461971.0000
1423625298449867,0.6322166339,-828174515104310.0000
237737231968975,0.1055765395,237737231968975.0000
1658078521899196,0.7363347807,-593721291654981.0000
1495769532126332,0.6642551097,-756030281427845.0000
983484064109965,0.4367546610,983484064109965.0000
749356249283805,0.3327810247,749356249283805.0000
1697249307659936,0.7537301040,-554550505894241.0000
1316573303204239,0.5846759980,-935226510349938.0000
1904955785812175,0.8459703098,-346844027742002.0000
1595889108166443,0.7087171331,-655910705387734.0000
1707815088499449,0.7584222533,-543984725054728.0000
1936470869536108,0.8599658184,-315328944018069.0000
1612984993293422,0.7163092312,-638814820260755.0000
1491899651283533,0.6625365374,-759900162270644.0000
1670388167254733,0.7418013614,-581411646299444.0000
945448481386493,0.4198634691,945448481386493.0000
283432289591816,0.1258692215,283432289591816.0000
1781916825938842,0.7913300353,-469882987615335.0000
749436317005269,0.3328165819,749436317005269.0000
2236146489359981,0.9930485276,-15653324194196.0000
566892219121762,0.2517507177,566892219121762.0000
294171774011044,0.1306385107,294171774011044.0000
1420912574532154,0.6310119425,-830887239022023.0000
109822570983778,0.0487710188,109822570983778.0000
2140846190365575,0.9507266931,-110953623188602.0000
885966329906391,0.3934480874,885966329906391.0000
1893329359856108,0.8408071395,-358470453698069.0000
1147152177055580,0.5094379039,-1104647636498597.0000
1134384548693070,0.5037679379,-1117415264861107.0000
896709425481224,0.3982189803,896709425481224.0000
164562168743960,0.0730802835,164562168743960.0000
723858640723046,0.3214578118,723858640723046.0000
24715766174333,0.0109760051,24715766174333.0000
1287064660014323,0.5715715279,-964735153539854.0000
1160107136765005,0.5151910617,-1091692676789172.0000
315362458698468,0.1400490651,315362458698468.0000
80533604560241,0.0357641048,80533604560241.0000
3032784556834,0.0013468269,3032784556834.0000
162327949378551,0.0720880908,162327949378551.0000
2130975322927554,0.9463431474,-120824490626623.0000
1908272852709545,0.8474433834,-343526960844632.0000
1790046054911109,0.7949401382,-461753758643068.0000
347642942259684,0.1543844795,347642942259684.0000
1172079697431165,0.5205079467,-1079720116123012.0000
178804769010056,0.0794052686,178804769010056.0000
1964892709945122,0.8725876511,-286907103609055.0000
682154557452885,0.3029374784,682154557452885.0000
1457236296648458,0.6471429156,-794563516905719.0000
2126867582330320,0.9445189441,-124932231223857.0000
615121028873646,0.2731686117,615121028873646.0000
1356552840427141,0.6024304791,-895246973127036.0000
1812970253185273,0.8051205273,-438829560368904.0000
1172245047131770,0.5205813768,-1079554766422407.0000
924696969502861,0.4106479466,924696969502861.0000
1269660186638037,0.5638423891,-982139626916140.0000
1801273257811091,0.7999260178,-450526555743086.0000
2165863214983733,0.9618364838,-85936598570444.0000
852931824257589,0.3787778199,852931824257589.0000
1345769462247066,0.5976416972,-906030351307111.0000
191693263809055,0.0851289101,191693263809055.0000
2054471146907874,0.9123684683,-197328666646303.0000
492894121227103,0.2188889608,492894121227103.0000
567734801811399,0.2521248996,567734801811399.0000
440765264604496,0.1957390981,440765264604496.0000
1784353121853460,0.7924119680,-467446691700717.0000
282406105720921,0.1254135044,282406105720921.0000
1376399478123030,0.6112441567,-875400335431147.0000
978181409839344,0.4343998094,978181409839344.0000
1912475606652976,0.8493097811,-339324206901201.0000
1698705932918521,0.7543769756,-553093880635656.0000
2212184450595338,0.9824072448,-39615362958839.0000
2000820289772704,0.8885427016,-250979523781473.0000
1012221859912633,0.4495168060,1012221859912633.0000
1932132007722743,0.8580389767,-319667805831434.0000
1920504932112444,0.8528755179,-331294881441733.0000
697840936204947,0.3099036300,697840936204947.0000
2116206031496133,0.9397842645,-135593782058044.0000
885173030980616,0.3930957919,885173030980616.0000
2104501073196028,0.9345862188,-147298740358149.0000
1478551984342559,0.6566089825,-773247829211618.0000
552111883609065,0.2451869302,552111883609065.0000
451632163361725,0.2005649706,451632163361725.0000
668031601040817,0.2966656259,668031601040817.0000
121972390692804,0.0541666226,121972390692804.0000
1712105725360994,0.7603276788,-539694088193183.0000
1701823401078529,0.7557614095,-549976412475648.0000
1213042111568196,0.5386989129,-1038757701985981.0000
588710021233421,0.2614397682,588710021233421.0000
1909853605501031,0.8481453786,-341946208053146.0000
1855112923823404,0.8238356326,-396686889730773.0000
1728080546459415,0.7674219245,-523719267094762.0000
559064963039063,0.2482747177,559064963039063.0000
1031373810815783,0.4580219807,1031373810815783.0000
1994014074968230,0.8855201350,-257785738585947.0000
256060462126552,0.1137136883,256060462126552.0000
1821604522481109,0.8089549131,-430195291073068.0000
301349436125200,0.1338260330,301349436125200.0000
449946045462503,0.1998161838,449946045462503.0000
2190900262913884,0.9729551667,-60899550640293.0000
2136064889363156,0.9486033690,-115734924191021.0000
59579200347960,0.0264584800,59579200347960.0000
1834409984674715,0.8146416807,-417389828879462.0000
109297023080689,0.0485376286,109297023080689.0000
1052941064013693,0.4675997652,1052941064013693.0000
225031431344350,0.0999340305,225031431344350.0000
1999518085431162,0.8879644067,-252281728123015.0000
1415980899969879,0.6288218391,-835818913584298.0000
892822466372307,0.3964928237,892822466372307.0000
1505066773815075,0.6683839144,-746733039739102.0000
1677323323215887,0.7448811893,-574476490338290.0000
329162548696801,0.1461775362,329162548696801.0000
240041422145349,0.1065998055,240041422145349.0000
1399804865234228,0.6216382366,-851994948319949.0000
1746367427929673,0.7755429312,-505432385624504.0000
765625072815589,0.3400058336,765625072815589.0000
339954260435218,0.1509700189,339954260435218.0000
2153114351420122,0.9561748511,-98685462134055.0000
797437878798406,0.3541335575,797437878798406.0000
1664731377998574,0.7392892423,-587068435555603.0000
482469210981569,0.2142593707,482469210981569.0000
1323071818346548,0.5875619184,-928727995207629.0000
739443041945755,0.3283786762,739443041945755.0000
1865025145575732,0.8282375433,-386774667978445.0000
1944963841336571,0.8637374555,-306835972217606.0000
659059574971209,0.2926812459,659059574971209.0000
1063976147618194,0.4725003267,1063976147618194.0000
131865986436176,0.0585602617,131865986436176.0000
1249494927840030,0.5548872152,-1002304885714147.0000
882011792150691,0.3916919199,882011792150691.0000
1057047731737912,0.4694234920,1057047731737912.0000
1128114592266681,0.5009835179,-1123685221287496.0000
348498989848339,0.1547646410,348498989848339.0000
2019879733966135,0.8970067951,-231920079588042.0000
1105950580529124,0.4911407195,1105950580529124.0000
21331937994747,0.0094732835,21331937994747.0000
425285782615062,0.1888648272,425285782615062.0000
2205114168735236,0.9792674089,-46685644818941.0000
359932922871463,0.1598423273,359932922871463.0000
1646392420358111,0.7311451091,-605407393196066.0000
1319442081689097,0.5859499915,-932357731865080.0000
844058360410301,0.3748372104,844058360410301.0000
379725509569989,0.1686320015,379725509569989.0000
1785787137901984,0.7930487991,-466012675652193.0000
693156876103563,0.3078234894,693156876103563.0000
466383336862350,0.2071158076,466383336862350.0000
1503122635138868,0.6675205434,-748677178415309.0000
1502144668706129,0.6670862390,-749655144848048.0000
775471189911936,0.3443783880,775471189911936.0000
86758048834928,0.0385283134,86758048834928.0000
1268511322557654,0.5633321910,-983288490996523.0000
1996915018669703,0.8868084128,-254884794884474.0000
537186908753072,0.2385589099,537186908753072.0000
2156392736223914,0.9576307464,-95407077330263.0000
2144715396424257,0.9524449658,-107084417129920.0000
2245580419564778,0.9972380342,-6219393989399.0000
2027510006901815,0.9003953170,-224289806652362.0000
131280510487140,0.0583002582,131280510487140.0000
1573068243819760,0.6985826335,-678731569734417.0000
1550119874882754,0.6883915104,-701679938671423.0000
2124099759261064,0.9432897838,-127700054293113.0000
1465329410392727,0.6507369801,-786470403161450.0000
1702813440768887,0.7562010755,-548986372785290.0000
1932872143206984,0.8583676629,-318927670347193.0000
1148721319865128,0.5101347433,-1103078493689049.0000
326332569332627,0.1449207729,326332569332627.0000
2075671577393648,0.9217833508,-176128236160529.0000
1266403795618030,0.5623962610,-985396017936147.0000
1935082474792303,0.8593492473,-316717338761874.0000
843384864537672,0.3745381181,843384864537672.0000
2074768797916310,0.9213824361,-177031015637867.0000
1249743878040047,0.5549977713,-1002055935514130.0000
1069999798832360,0.4751753652,1069999798832360.0000
1511520711581829,0.6712500385,-740279101972348.0000
1231879118752245,0.5470642245,-1019920694801932.0000
1916921881827568,0.8512843239,-334877931726609.0000
495924626133089,0.2202347754,495924626133089.0000
876349007734899,0.3891771384,876349007734899.0000
943974852724193,0.4192090465,943974852724193.0000
1198012433161048,0.5320243949,-1053787380393129.0000
1738612207521098,0.7720989215,-513187606033079.0000
1114149787203793,0.4947818987,1114149787203793.0000
986681371470674,0.4381745507,986681371470674.0000
705009066731159,0.3130869194,705009066731159.0000
886113972564141,0.3935136539,886113972564141.0000
258854769909026,0.1149546102,258854769909026.0000
2138003573022451,0.9494643175,-113796240531726.0000
243382504189061,0.1080835440,243382504189061.0000
1661614855066004,0.7379052281,-590184958488173.0000
943166641189241,0.4188501285,943166641189241.0000
1754763426783933,0.7792715037,-497036386770244.0000
688950167218195,0.3059553354,688950167218195.0000
1022328325931323,0.4540049785,1022328325931323.0000
1279083910026687,0.5680273630,-972715903527490.0000
247537069833160,0.1099285418,247537069833160.0000
1784179044145655,0.7923346620,-467620769408522.0000
1994741075742676,0.8858429882,-257058737811501.0000
1562366882145023,0.6938302742,-689432931409154.0000
1109276733840102,0.4926178283,1109276733840102.0000
120913176006033,0.0536962368,120913176006033.0000
2195983826230716,0.9752127223,-55815987323461.0000
2104595297439264,0.9346280627,-147204516114913.0000
35071038017936,0.0155746696,35071038017936.0000
1611081670231161,0.7154639860,-640718143323016.0000
150701718175970,0.0669250070,150701718175970.0000
1194919541044199,0.5306508748,-1056880272509978.0000
646041117446521,0.2868998894,646041117446521.0000
1782299369424385,0.7914999187,-469500444129792.0000
1032168104451986,0.4583747180,1032168104451986.0000
1399957471904465,0.6217060076,-851842341649712.0000
1620710698600590,0.7197401336,-631089114953587.0000
742810183953292,0.3298739877,742810183953292.0000
1044323918023418,0.4637729836,1044323918023418.0000
1359409690386098,0.6036991753,-892390123168079.0000
1065516787500016,0.4731845083,1065516787500016.0000
847182556843149,0.3762246323,847182556843149.0000
1197009397770620,0.5315789577,-1054790415783557.0000
846564070660800,0.3759499692,846564070660800.0000
1068706603778974,0.4746010713,1068706603778974.0000
1404549536810003,0.6237452940,-847250276744174.0000
1596828840314370,0.7091344580,-654970973239807.0000
1128007850443269,0.5009361150,-1123791963110908.0000
1179869351934301,0.5239672483,-1071930461619876.0000
2038107809039025,0.9051016866,-213692004515152.0000
2013804740103437,0.8943089559,-237995073450740.0000
18210809881743,0.0080872242,18210809881743.0000
881207232353640,0.3913346236,881207232353640.0000
332242648879522,0.1475453754,332242648879522.0000
2177557927084373,0.9670299793,-74241886469804.0000
1811331264253360,0.8043926700,-440468549300817.0000
306649919458076,0.1361799204,306649919458076.0000
635066362606626,0.2820261192,635066362606626.0000
713508519740849,0.3168614348,713508519740849.0000
818396169237556,0.3634409082,818396169237556.0000
666518563523708,0.2959937022,666518563523708.0000
1079084794968985,0.4792099140,1079084794968985.0000
829044188395528,0.3681695786,829044188395528.0000
1785466521598028,0.7929064168,-466333291956149.0000
1109325741959118,0.4926395922,1109325741959118.0000
2133970154382440,0.9476731198,-117829659171737.0000
2004856476672230,0.8903351286,-246943336881947.0000
1489701803213120,0.6615604967,-762098010341057.0000
453360948490390,0.2013327054,453360948490390.0000
1937167121093665,0.8602750162,-314632692460512.0000
480271525991254,0.2132834025,480271525991254.0000
136228412736691,0.0604975682,136228412736691.0000
1924722867870358,0.8547486576,-327076945683819.0000
1275620796845602,0.5664894318,-976179016708575.0000
1432537920477442,0.6361746332,-819261893076735.0000
913287408390051,0.4055810836,913287408390051.0000
2120166351300684,0.9415429998,-131633462253493.0000
864692028540335,0.3840003997,864692028540335.0000
324076645146747,0.1439189413,324076645146747.0000
2106681497858806,0.9355545218,-145118315695371.0000
1333625690609492,0.5922487792,-918174122944685.0000
2193299977581382,0.9740208541,-58499835972795.0000
2200784214967142,0.9773445231,-51015598587035.0000
752957372636181,0.3343802447,752957372636181.0000
438486583562488,0.1947271604,438486583562488.0000
2108631263464289,0.9364203917,-143168550089888.0000
1789781242202219,0.7948225377,-462018571351958.0000
83307164069823,0.0369958127,83307164069823.0000
1637278117364356,0.7270975455,-614521696189821.0000
1255432395412420,0.5575239805,-996367418141757.0000
485776221581533,0.2157279784,485776221581533.0000
1402899545702412,0.6230125508,-848900267851765.0000
865588334220967,0.3843984394,865588334220967.0000
98889411229799,0.0439157205,98889411229799.0000
1848208143697239,0.8207692942,-403591669856938.0000
1057826124525581,0.4697691678,1057826124525581.0000
299620500060475,0.1330582311,299620500060475.0000
2183685918532528,0.9697513542,-68113895021649.0000
779730968364749,0.3462701097,779730968364749.0000
2129751034231532,0.9457994540,-122048779322645.0000
1715360017884597,0.7617728750,-536439795669580.0000
1759146736220268,0.7812180841,-492653077333909.0000
1077349995286268,0.4784395082,1077349995286268.0000
638762085673451,0.2836673499,638762085673451.0000
394686732007824,0.1752761190,394686732007824.0000
1080152751238514,0.4796841818,1080152751238514.0000
2208821055614055,0.9809135973,-42978757940122.0000
1215053715923035,0.5395922447,-1036746097631142.0000
1915115212228417,0.8504820014,-336684601325760.0000
86720418519544,0.0385116021,86720418519544.0000
276633237933157,0.1228498361,276633237933157.0000
1353908240273659,0.6012560407,-897891573280518.0000
1906938911748243,0.8468509946,-344860901805934.0000
947319511989614,0.4206943736,947319511989614.0000
2041348829020190,0.9065409886,-210450984533987.0000
1877400664920778,0.8337333779,-374399148633399.0000
1613427570584171,0.7165057750,-638372242970006.0000
991196162450827,0.4401795206,991196162450827.0000
1456658341615963,0.6468862520,-795141471938214.0000
1511121462671028,0.6710727364,-740678350883149.0000
329560714495069,0.1463543573,329560714495069.0000
97387883354841,0.0432489082,97387883354841.0000
2141001776305910,0.9507957872,-110798037248267.0000
982822444747325,0.4364608429,982822444747325.0000
699318242191384,0.3105596856,699318242191384.0000
1498858526553926,0.6656268988,-752941287000251.0000
1068303195818258,0.4744219221,1068303195818258.0000
1483983438085521,0.6590210325,-767816375468656.0000
2208031363866154,0.9805629038,-43768449688023.0000
325473104508669,0.1445390938,325473104508669.0000
832130015183830,0.3695399610,832130015183830.0000
818174761662392,0.3633425834,818174761662392.0000
88096995401169,0.0391229251,88096995401169.0000
1441307887264555,0.6400692808,-810491926289622.0000
4259848722826,0.0018917529,4259848722826.0000
478243044269999,0.2123825757,478243044269999.0000
2211337792097440,0.9820312529,-40462021456737.0000
274597370446579,0.1219457293,274597370446579.0000
1327671526341427,0.5896045991,-924128287212750.0000
1246591493113023,0.5535978312,-1005208320441154.0000
201031825871839,0.0892760647,201031825871839.0000
646479588204814,0.2870946095,646479588204814.0000
2149437136172898,0.9545418395,-102362677381279.0000
1082492454667929,0.4807232189,1082492454667929.0000
1416747899914807,0.6291624555,-835051913639370.0000
1345665806604645,0.5975956648,-906134006949532.0000
2219928031791970,0.9858460856,-31871781762207.0000
1028520938232231,0.4567550508,1028520938232231.0000
854894515480480,0.3796494299,854894515480480.0000
41441939558400,0.0184039182,41441939558400.0000
326696391618957,0.1450823424,326696391618957.0000
713097499447974,0.3166789051,713097499447974.0000
2031085967931170,0.9019833627,-220713845623007.0000
1363733187038974,0.6056191935,-888066626515203.0000
106080206097350,0.0471090749,106080206097350.0000
1962805097787875,0.8716605650,-288994715766302.0000
496830901422942,0.2206372425,496830901422942.0000
689949339523398,0.3063990570,689949339523398.0000
1660527973255451,0.7374225556,-591271840298726.0000
1722096685956139,0.7647645566,-529703127598038.0000
1225179370084201,0.5440889384,-1026620443469976.0000
2144419439500917,0.9523135345,-107380374053260.0000
851248221863326,0.3780301503,851248221863326.0000
951504987385803,0.4225530980,951504987385803.0000
2033445824276258,0.9030313494,-218353989277919.0000
179451602089910,0.0796925202,179451602089910.0000
1438048436967880,0.6386217941,-813751376586297.0000
2194614583725606,0.9746046565,-57185229828571.0000
919972433368977,0.4085498310,919972433368977.0000
1045585360297350,0.4643331765,1045585360297350.0000
1230177707739360,0.5463086462,-1021622105814817.0000
1878351235955710,0.8341555162,-373448577598467.0000
1080378514849253,0.4797844410,1080378514849253.0000
527161790779726,0.2341068631,527161790779726.0000
657840294212507,0.2921397765,657840294212507.0000
1754958284385889,0.7793580379,-496841529168288.0000
1624462487491195,0.7214062625,-627337326062982.0000
98500388452527,0.0437429597,98500388452527.0000
145943242416039,0.0648118192,145943242416039.0000
1205726621905270,0.5354501828,-1046073191648907.0000
97679849744370,0.0433785673,97679849744370.0000
1258849906866342,0.5590416605,-992949906687835.0000
728348122258582,0.3234515421,728348122258582.0000
854203246277540,0.3793424447,854203246277540.0000
1214663228059034,0.5394188332,-1037136585495143.0000
1864284056078339,0.8279084334,-387515757475838.0000
473287352222788,0.2101818063,473287352222788.0000
543282753959870,0.2412660089,543282753959870.0000
256928228768578,0.1140990541,256928228768578.0000
1258407108468089,0.5588450185,-993392705086088.0000
1114055952037055,0.4947402275,1114055952037055.0000
1353041663721528,0.6008712034,-898758149832649.0000
1002368100334927,0.4451408577,1002368100334927.0000
199858242551590,0.0887548890,199858242551590.0000
145601313525808,0.0646599723,145601313525808.0000
628802102704192,0.2792442290,628802102704192.0000
113006528393659,0.0501849799,113006528393659.0000
379549378025473,0.1685537834,379549378025473.0000
1889185949008135,0.8389670954,-362613864546042.0000
1389162014738127,0.6169118615,-862637798816050.0000
1623367705538712,0.7209200817,-628432108015465.0000
481210897784488,0.2137005674,481210897784488.0000
2092319052195224,0.9291763147,-159480761358953.0000
2100559112445841,0.9328356365,-151240701108336.0000
775887338520772,0.3445631951,775887338520772.0000
623685302002842,0.2769719130,623685302002842.0000
15963026438935,0.0070890078,15963026438935.0000
291686647545949,0.1295348928,291686647545949.0000
1281890938155293,0.5692739339,-969908875398884.0000
352658527492255,0.1566118468,352658527492255.0000
1592811363606889,0.7073503399,-658988449947288.0000
1873043360675537,0.8317983461,-378756452878640.0000
1959809103810049,0.8703300764,-291990709744128.0000
1925422256565179,0.8550592486,-326377556988998.0000
475123733644269,0.2109973235,475123733644269.0000
1736764946534908,0.7712785728,-515034867019269.0000
379541007202607,0.1685500660,379541007202607.0000
284532762003588,0.1263579295,284532762003588.0000
707600694587324,0.3142378334,707600694587324.0000
1381034781660614,0.6133026450,-870765031893563.0000
459517345658991,0.2040666950,459517345658991.0000
544195887272522,0.2416715216,544195887272522.0000
835888114953133,0.3712088925,835888114953133.0000
1557891925483371,0.6918429943,-693907888070806.0000
1969359152224176,0.8745711499,-282440661330001.0000
2116934543656074,0.9401077889,-134865269898103.0000
1615355583795077,0.7173619849,-636444229759100.0000
1293129088315866,0.5742646751,-958670725238311.0000
1145716539723453,0.5088003529,-1106083273830724.0000
328401664532855,0.1458396357,328401664532855.0000
1719425072287227,0.7635781218,-532374741266950.0000
1587700661608694,0.7050807323,-664099151945483.0000
304014182816682,0.1350094182,304014182816682.0000
123047215873007,0.0546439409,123047215873007.0000
1444244849043622,0.6413735539,-807554964510555.0000
702286888586056,0.3118780295,702286888586056.0000
2118585105944818,0.9408407858,-133214707609359.0000
110720749277025,0.0491698901,110720749277025.0000
327290686887800,0.1453462625,327290686887800.0000
1508943370544912,0.6701054692,-742856443009265.0000
1044156950530968,0.4636988351,1044156950530968.0000
1630775625193518,0.7242098589,-621024188360659.0000
38701586908064,0.0171869572,38701586908064.0000
1036228114001265,0.4601777244,1036228114001265.0000
280969232306399,0.1247754044,280969232306399.0000
1022023091878789,0.4538694273,1022023091878789.0000
1430630165046271,0.6353274196,-821169648507906.0000
1541621097402828,0.6846172951,-710178716151349.0000
1460835224931714,0.6487411608,-790964588622463.0000
1383221395395167,0.6142736966,-868578418159010.0000
414896625527844,0.1842511146,414896625527844.0000
2162879009458448,0.9605112304,-88920804095729.0000
1389048702506441,0.6168615408,-862751111047736.0000
775108914500149,0.3442175054,775108914500149.0000
643569595851580,0.2858023133,643569595851580.0000
889618073139859,0.3950697872,889618073139859.0000
1132414800891951,0.5028931942,-1119385012662226.0000
889240381861085,0.3949020586,889240381861085.0000
461409619843370,0.2049070335,461409619843370.0000
2073656106745341,0.9208883020,-178143706808836.0000
989496990591682,0.4394249367,989496990591682.0000
1433451487312462,0.6365803384,-818348326241715.0000
101620769301352,0.0451286871,101620769301352.0000
134125225677184,0.0595635655,134125225677184.0000
1875035543417233,0.8326830530,-376764270136944.0000
1719337975054120,0.7635394429,-532461838500057.0000
36748555911359,0.0163196372,36748555911359.0000
1101600858742927,0.4892090550,1101600858742927.0000
2101605157881639,0.9333001740,-150194655672538.0000
591406797014672,0.2626373772,591406797014672.0000
781859439418630,0.3472153407,781859439418630.0000
1931651255584186,0.8578254798,-320148557969991.0000
2239585796359419,0.9945758868,-12214017194758.0000
2141255700646364,0.9509085522,-110544112907813.0000
1442217189987971,0.6404730924,-809582623566206.0000
1226325849459330,0.5445980775,-1025473964094847.0000
877319820923732,0.3896082661,877319820923732.0000
10833428524757,0.0048110087,10833428524757.0000
2131455495262450,0.9465563868,-120344318291727.0000
1414814208379907,0.6283037239,-836985605174270.0000
1405601362628305,0.6242123985,-846198450925872.0000
1902584788026847,0.8449173752,-349215025527330.0000
1964022931494048,0.8722013918,-287776882060129.0000
1297630436118209,0.5762636751,-954169377435968.0000
1235061587760496,0.5484775247,-1016738225793681.0000
1281204756410975,0.5689692080,-970595057143202.0000
152823600473141,0.0678673120,152823600473141.0000
494630269449198,0.2196599655,494630269449198.0000
1316210064076272,0.5845146874,-935589749477905.0000
333717672326733,0.1482004174,333717672326733.0000
1660944315780835,0.7376074488,-590855497773342.0000
1562880554384824,0.6940583905,-688919259169353.0000
168387388681021,0.0747790224,168387388681021.0000
1109116455322549,0.4925466503,1109116455322549.0000
474602551829960,0.2107658722,474602551829960.0000
1132596973097481,0.5029740949,-1119202840456696.0000
1221670564734124,0.5425307158,-1030129248820053.0000
1184790599376936,0.5261527211,-1067009214177241.0000
1833943548884708,0.8144345416,-417856264669469.0000
901038469433338,0.4001414620,901038469433338.0000
1181280117713922,0.5245937541,-1070519695840255.0000
120449844770155,0.0534904764,120449844770155.0000
956723867258716,0.4248707463,956723867258716.0000
1285716294803823,0.5709727335,-966083518750354.0000
1566411448384861,0.6956264225,-685388365169316.0000
1252968757829057,0.5564299057,-998831055725120.0000
2128323837454507,0.9451656513,-123475976099670.0000
1723483303924023,0.7653803387,-528316509630154.0000
2171170553180322,0.9641934155,-80629260373855.0000
409099092512180,0.1816764928,409099092512180.0000
59582394562545,0.0264598985,59582394562545.0000
2103161277242298,0.9339912299,-148638536311879.0000
975464606683946,0.4331933064,975464606683946.0000
1508390772437634,0.6698600663,-743409041116543.0000
1615179142247568,0.7172836291,-636620671306609.0000
879724817666607,0.3906762992,879724817666607.0000
775662631149880,0.3444634050,775662631149880.0000
1993651943609168,0.8853593164,-258147869945009.0000
594972058589858,0.2642206714,594972058589858.0000
1411358398786089,0.6267690362,-840441414768088.0000
561952309598042,0.2495569572,561952309598042.0000
468401466215467,0.2080120370,468401466215467.0000
2025893717617185,0.8996775403,-225906095936992.0000
1846442504275184,0.8199851928,-405357309278993.0000
954861015472298,0.4240434739,954861015472298.0000
59076621691293,0.0262352902,59076621691293.0000
2017228753338233,0.8958295232,-234571060215944.0000
1274845595673442,0.5661451733,-976954217880735.0000
924413671122580,0.4105221368,924413671122580.0000
1494959123001033,0.6638952157,-756840690553144.0000
1234261094445612,0.5481220342,-1017538719108565.0000
1984807387223541,0.8814315443,-266992426330636.0000
1715826130330188,0.7619798705,-535973683223989.0000
2191068018125134,0.9730296650,-60731795429043.0000
2039276659050951,0.9056207602,-212523154503226.0000
266051400223952,0.1181505561,266051400223952.0000
841073938600531,0.3735118608,841073938600531.0000
1227796551449382,0.5452512004,-1024003262104795.0000
1744444430378280,0.7746889488,-507355383175897.0000
575563202596723,0.2556014079,575563202596723.0000
1394348119190550,0.6192149545,-857451694363627.0000
2069585592039571,0.9190806303,-182214221514606.0000
1157380436546814,0.5139801636,-1094419377007363.0000
1867988955519936,0.8295537393,-383810858034241.0000
997837777775889,0.4431289903,997837777775889.0000
38245660128643,0.0169844850,38245660128643.0000
271599455681976,0.1206143877,271599455681976.0000
695066198810144,0.3086713990,695066198810144.0000
235383516978947,0.1045312801,235383516978947.0000
1184748135681578,0.5261338635,-1067051677872599.0000
532122389826152,0.2363098117,532122389826152.0000
1610955367508460,0.7154078963,-640844446045717.0000
1443629673114388,0.6411003609,-808170140439789.0000
928990064864257,0.4125544639,928990064864257.0000
210667856659629,0.0935553220,210667856659629.0000
1478344735278370,0.6565169454,-773455078275807.0000
243190842039216,0.1079984289,243190842039216.0000
2225915579534586,0.9885050910,-25884234019591.0000
1930332515846084,0.8572398418,-321467297708093.0000
16917320940338,0.0075127997,16917320940338.0000
1792997158437551,0.7962506914,-458802655116626.0000
1233980417176630,0.5479973885,-1017819396377547.0000
1868272082329406,0.8296794729,-383527731224771.0000
46203516881124,0.0205184833,46203516881124.0000
1764096629957025,0.7834162785,-487703183597152.0000
1009855439383441,0.4484659042,1009855439383441.0000
1900336850078886,0.8439190902,-351462963475291.0000
1656870320653260,0.7357982316,-594929492900917.0000
795741908406026,0.3533803954,795741908406026.0000
1933525408460059,0.8586577709,-318274405094118.0000
1703877985437143,0.7566738283,-547921828117034.0000
1997694388572009,0.8871545226,-254105424982168.0000
140803693761814,0.0625294011,140803693761814.0000
1063744449567520,0.4723974321,1063744449567520.0000
669735283073218,0.2974222127,669735283073218.0000
672847182145118,0.2988041735,672847182145118.0000
923438425520821,0.4100890408,923438425520821.0000
1057426475840240,0.4695916882,1057426475840240.0000
1769293903194594,0.7857243315,-482505910359583.0000
1970005435154707,0.8748581571,-281794378399470.0000
1901074450197358,0.8442466505,-350725363356819.0000
23515415645858,0.0104429424,23515415645858.0000
279841923166981,0.1242747785,279841923166981.0000
1232237777289184,0.5472235009,-1019562036264993.0000
1270930649521430,0.5644065880,-980869164032747.0000
39195409441864,0.0174062584,39195409441864.0000
1153930854707515,0.5124482415,-1097868958846662.0000
315838509731392,0.1402604742,315838509731392.0000
955144086800768,0.4241691828,955144086800768.0000
89944604024068,0.0399434281,89944604024068.0000
1534054583948824,0.6812570881,-717745229605353.0000
1719565128971156,0.7636403195,-532234684583021.0000
1375341073046319,0.6107741304,-876458740507858.0000
1986502308360024,0.8821842405,-265297505194153.0000
1568867382468120,0.6967170763,-682932431086057.0000
419402339098698,0.1862520534,419402339098698.0000
293781241854154,0.1304650796,293781241854154.0000
506075457296576,0.2247426500,506075457296576.0000
109386185331006,0.0485772246,109386185331006.0000
1654848096051398,0.7349001834,-596951717502779.0000
604321891091414,0.2683728311,604321891091414.0000
92200304797647,0.0409451605,92200304797647.0000
1832709055750261,0.8138863165,-419090757803916.0000
1757715405072754,0.7805824454,-494084408481423.0000
1506902620397300,0.6691991941,-744897193156877.0000
751619244964590,0.3337859966,751619244964590.0000
2248221000325294,0.9984106877,-3578813228883.0000
13711578638574,0.0060891641,13711578638574.0000
192688507541021,0.0855708871,192688507541021.0000
1367549143671173,0.6073138187,-884250669883004.0000
211747489797525,0.0940347754,211747489797525.0000
1938019470653636,0.8606535354,-313780342900541.0000
477424593023131,0.2120191103,477424593023131.0000
67745235229984,0.0300849280,67745235229984.0000
1230501545301813,0.5464524590,-1021298268252364.0000
1599566083621650,0.7103500382,-652233729932527.0000
807990616108414,0.3588199143,807990616108414.0000
1548742797038194,0.6877799650,-703057016515983.0000
864171063443016,0.3837690448,864171063443016.0000
520262254457034,0.2310428535,520262254457034.0000
2176459094784329,0.9665419997,-75340718769848.0000
1937658009819899,0.8604930146,-314141803734278.0000
135934945660324,0.0603672426,135934945660324.0000
1771788128231445,0.7868319899,-480011685322732.0000
954515541551141,0.4238900527,954515541551141.0000
976204228223452,0.4335217644,976204228223452.0000
505671271043438,0.2245631552,505671271043438.0000
76862721572716,0.0341339053,76862721572716.0000
545776095522402,0.2423732750,545776095522402.0000
110745387743211,0.0491808317,110745387743211.0000
1276496110633812,0.5668781492,-975303702920365.0000
594029850892466,0.2638022471,594029850892466.0000
476928643852864,0.2117988646,476928643852864.0000
1872832138581423,0.8317045447,-378967674972754.0000
948617501335458,0.4212707966,948617501335458.0000
252396013181550,0.1120863461,252396013181550.0000
477671450611318,0.2121287371,477671450611318.0000
1769046975596198,0.7856146736,-482752837957979.0000
240189589357261,0.1066656050,240189589357261.0000
2229556413780412,0.9901219462,-22243399773765.0000
49476178104380,0.0219718368,49476178104380.0000
108235941449675,0.0480664137,108235941449675.0000
1988478690939571,0.8830619307,-263321122614606.0000
570442976018292,0.2533275705,570442976018292.0000
443511428207665,0.1969586397,443511428207665.0000
22562118560735,0.0100195934,22562118560735.0000
1418784782464286,0.6300670130,-833015031089891.0000
1131929150285346,0.5026775220,-1119870663268831.0000
1506657221888489,0.6690902152,-745142591665688.0000
1493284720607437,0.6631516317,-758515092946740.0000
1980683825341288,0.8796003150,-271115988212889.0000
485920497009763,0.2157920496,485920497009763.0000
1345031561751621,0.5973140035,-906768251802556.0000
2129432724831272,0.9456580963,-122367088722905.0000
910745863065016,0.4044524107,910745863065016.0000
254649902536784,0.1130872740,254649902536784.0000
613054806767281,0.2722510247,613054806767281.0000
135943844729223,0.0603711946,135943844729223.0000
1143682919705944,0.5078972442,-1108116893848233.0000
976663001198358,0.4337255005,976663001198358.0000
1243038676766904,0.5520200638,-1008761136787273.0000
1940935155990312,0.8619483598,-310864657563865.0000
1648912052590743,0.7322640506,-602887760963434.0000
2450083694422,0.0010880557,2450083694422.0000
826708968721809,0.3671325327,826708968721809.0000
1799491930842181,0.7991349497,-452307882711996.0000
1765712333810696,0.7841337952,-486087479743481.0000
1639127080697947,0.7279186502,-612672732856230.0000
1166503618280946,0.5180316702,-1085296195273231.0000
1385066243919037,0.6150929739,-866733569635140.0000
2043464269612464,0.9074804329,-208335543941713.0000
753311356611531,0.3345374451,753311356611531.0000
1681181050299115,0.7465943643,-570618763255062.0000
1378336167802823,0.6121042197,-873463645751354.0000
707514818495929,0.3141996967,707514818495929.0000
33681421350197,0.0149575558,33681421350197.0000
1842831218803499,0.8183814599,-408968594750678.0000
1616850333092716,0.7180257869,-634949480461461.0000
33534512968178,0.0148923154,33534512968178.0000
2169619420920311,0.9635045744,-82180392633866.0000
24458825969124,0.0108619007,24458825969124.0000
760201994788216,0.3375975032,760201994788216.0000
1032631752506997,0.4585806191,1032631752506997.0000
237697128764146,0.1055587301,237697128764146.0000
1147798340586978,0.5097248582,-1104001472967199.0000
1324510203397517,0.5882006897,-927289610156660.0000
15442170062431,0.0068577011,15442170062431.0000
355429197197510,0.1578422714,355429197197510.0000
211083166429464,0.0937397566,211083166429464.0000
1819007786682822,0.8078017307,-432792026871355.0000
1886772672725016,0.8378953854,-365027140829161.0000
2065528400572593,0.9172788754,-186271412981584.0000
2122662442444264,0.9426514869,-129137371109913.0000
1539418608050303,0.6836391933,-712381205503874.0000
208154082631813,0.0924389821,208154082631813.0000
1323349051450287,0.5876850346,-928450762103890.0000
1527625902851248,0.6784021802,-724173910702929.0000
288262609528046,0.1280143145,288262609528046.0000
1953475414674154,0.8675173534,-298324398880023.0000
1152487890915426,0.5118074369,-1099311922638751.0000
1194234682175102,0.5303467364,-1057565131379075.0000
1525330626758697,0.6773828728,-726469186795480.0000
1703106386012921,0.7563311693,-548693427541256.0000
431473690310536,0.1916128102,431473690310536.0000
181296624889663,0.0805118749,181296624889663.0000
2084076055596431,0.9255156889,-167723757957746.0000
652177711664737,0.2896250847,652177711664737.0000
548713926636470,0.2436779341,548713926636470.0000
359772426223239,0.1597710525,359772426223239.0000
1443955010038530,0.6412448395,-807844803515647.0000
1898731371590552,0.8432061146,-353068441963625.0000
386668198790757,0.1717151749,386668198790757.0000
1228306853855384,0.5454778202,-1023492959698793.0000
1562819663971706,0.6940313498,-688980149582471.0000
1657275631483310,0.7359782257,-594524182070867.0000
768993561042794,0.3415017429,768993561042794.0000
1485382179453185,0.6596421984,-766417634100992.0000
1325891425645118,0.5888140756,-925908387909059.0000
442640875298851,0.1965720366,442640875298851.0000
645842274089550,0.2868115852,645842274089550.0000
2039458873509662,0.9057016797,-212340940044515.0000
563836424040367,0.2503936721,563836424040367.0000
206858397979232,0.0918635825,206858397979232.0000
1698820570364046,0.7544278848,-552979243190131.0000
662048281375777,0.2940084982,662048281375777.0000
1419208335456571,0.6302551083,-832591478097606.0000
462560144026373,0.2054179689,462560144026373.0000
1829115133187793,0.8122902943,-422684680366384.0000
229120354610072,0.1017498772,229120354610072.0000
524604528995168,0.2329712108,524604528995168.0000
1160057491271304,0.5151690147,-1091742322282873.0000
1359762536326942,0.6038558704,-892037277227235.0000
732678153910330,0.3253744625,732678153910330.0000
1617145734784262,0.7181569716,-634654078769915.0000
2033530361899194,0.9030688917,-218269451654983.0000
1160309308157102,0.5152808439,-1091490505397075.0000
365226045050501,0.1621929458,365226045050501.0000
2231302476048878,0.9908973536,-20497337505299.0000
789318380511365,0.3505277759,789318380511365.0000
1119689221281568,0.4972419016,1119689221281568.0000
507176498618660,0.2252316105,507176498618660.0000
1234914073108969,0.5484120150,-1016885740445208.0000
1918332384859664,0.8519107131,-333467428694513.0000
971070907759140,0.4312421122,971070907759140.0000
5096632454319,0.0022633595,5096632454319.0000
1918236173781366,0.8518679868,-333563639772811.0000
1148512410122164,0.5100419687,-1103287403432013.0000
1543265267399253,0.6853474532,-708534546154924.0000
443539974239401,0.1969713167,443539974239401.0000
1286406396542568,0.5712792002,-965393417011609.0000
1887519967230772,0.8382272509,-364279846323405.0000
2210111778423515,0.9814867934,-41688035130662.0000
1753819630794965,0.7788523741,-497980182759212.0000
1340076544617447,0.5951135339,-911723268936730.0000
436985287415308,0.1940604510,436985287415308.0000
1197700170623096,0.5318857224,-1054099642931081.0000
1644208543553964,0.7301752730,-607591270000213.0000
1412358933108569,0.6272133627,-839440880445608.0000
622065317256014,0.2762524952,622065317256014.0000
1447075252881000,0.6426305057,-804724560673177.0000
783378329805079,0.3478898635,783378329805079.0000
269114566112974,0.1195108750,269114566112974.0000
689354696000527,0.3061349823,689354696000527.0000
1160454037492127,0.5153451166,-1091345776062050.0000
1822964715775479,0.8095589603,-428835097778698.0000
260789864447901,0.1158139648,260789864447901.0000
2119421473672784,0.9412122076,-132378339881393.0000
1684235533132059,0.7479508272,-567564280422118.0000
1823019292848177,0.8095831973,-428780520706000.0000
1371610633833324,0.6091174826,-880189179720853.0000
1173912480101251,0.5213218658,-1077887333452926.0000
1351698888755908,0.6002748915,-900100924798269.0000
233732323018257,0.1037980027,233732323018257.0000
811866205219088,0.3605410216,811866205219088.0000
2159125556025575,0.9588443622,-92674257528602.0000
539357027523588,0.2395226362,539357027523588.0000
1400141369702303,0.6217876746,-851658443851874.0000
782067218352595,0.3473076131,782067218352595.0000
718950312664870,0.3192780763,718950312664870.0000
1278275209652094,0.5676682279,-973524603902083.0000
455323983131957,0.2022044679,455323983131957.0000
550026769085846,0.2442609533,550026769085846.0000
876773064494059,0.3893654575,876773064494059.0000
1708713567326927,0.7588212580,-543086246227250.0000
1956831697958640,0.8690078426,-294968115595537.0000
304367919061455,0.1351665087,304367919061455.0000
727261483614375,0.3229689776,727261483614375.0000
933493116868950,0.4145542207,933493116868950.0000
1079715862652475,0.4794901643,1079715862652475.0000
1446498563851839,0.6423744043,-805301249702338.0000
1521337723934833,0.6756096678,-730462089619344.0000
1744588752379427,0.7747530406,-507211061174750.0000
1182334489365183,0.5250619892,-1069465324188994.0000
1145577817544848,0.5087387478,-1106221996009329.0000
733952529193542,0.3259403988,733952529193542.0000
785606359687184,0.3488793075,785606359687184.0000
2198652897088186,0.9763980279,-53146916465991.0000
1165390086773358,0.5175371628,-1086409726780819.0000
682352093555788,0.3030252021,682352093555788.0000
1656537487008455,0.7356504237,-595262326545722.0000
517401769456742,0.2297725430,517401769456742.0000
1204867997187735,0.5350688769,-1046931816366442.0000
1867686771692769,0.8294195427,-384113041861408.0000
68357440207341,0.0303568016,68357440207341.0000
1403749958802856,0.6233902101,-848049854751321.0000
428801596598630,0.1904261622,428801596598630.0000
1456233484283115,0.6466975774,-795566329271062.0000
230437366395756,0.1023347480,230437366395756.0000
1893555680187582,0.8409076459,-358244133366595.0000
1887411540476830,0.8381790997,-364388273077347.0000
1557422751048031,0.6916346390,-694377062506146.0000
254315146087581,0.1129386123,254315146087581.0000
736956898319434,0.3272746067,736956898319434.0000
600409718987032,0.2666354777,600409718987032.0000
147107083659742,0.0653286685,147107083659742.0000
20673870325652,0.0091810427,20673870325652.0000
1775625938486708,0.7885363201,-476173875067469.0000
2215614613983665,0.9839305433,-36185199570512.0000
1867621312926746,0.8293904732,-384178500627431.0000
586824483669638,0.2606024213,586824483669638.0000
1154382929052800,0.5126490029,-1097416884501377.0000
751354416938129,0.3336683894,751354416938129.0000
2168017786385612,0.9627933058,-83782027168565.0000
1127911029162455,0.5008931178,-1123888784391722.0000
1263481375096237,0.5610984456,-988318438457940.0000
1519920041067937,0.6749800901,-731879772486240.0000
1269284867721062,0.5636757140,-982514945833115.0000
1452871019721556,0.6452043432,-798928793832621.0000
833910460013694,0.3703306373,833910460013694.0000
1862374156861607,0.8270602678,-389425656692570.0000
434647106187731,0.1930220900,434647106187731.0000
1338260145115780,0.5943068905,-913539668438397.0000
1679294376463203,0.7457565128,-572505437090974.0000
55366921511125,0.0245878524,55366921511125.0000
1750406207986463,0.7773365099,-501393605567714.0000
1601709077354648,0.7113017186,-650090736199529.0000
2084830356463537,0.9258506657,-166969457090640.0000
1558018772138687,0.6918993255,-693781041415490.0000
967568827444995,0.4296868761,967568827444995.0000
172094922384853,0.0764254981,172094922384853.0000
1511548975992543,0.6712625904,-740250837561634.0000
1564134598122141,0.6946152978,-687665215432036.0000
369225431696315,0.1639690302,369225431696315.0000
621759020373189,0.2761164721,621759020373189.0000
1933324612023781,0.8585685994,-318475201530396.0000
659181270855384,0.2927352897,659181270855384.0000
1190851418136781,0.5288442654,-1060948395417396.0000
677548056258721,0.3008917810,677548056258721.0000
408319290706075,0.1813301912,408319290706075.0000
228142646819227,0.1013156878,228142646819227.0000
2138578190089096,0.9497194987,-113221623465081.0000
645468004473138,0.2866453761,645468004473138.0000
774873466027387,0.3441129453,774873466027387.0000
154848375172724,0.0687664926,154848375172724.0000
779771404045478,0.3462880667,779771404045478.0000
1388141662558357,0.6164587341,-863658150995820.0000
1441605939886589,0.6402016428,-810193873667588.0000
956284336752368,0.4246755555,956284336752368.0000
1942324343454271,0.8625652830,-309475470099906.0000
1374121992918464,0.6102327501,-877677820635713.0000
1197377350473217,0.5317423615,-1054422463080960.0000
1534222899681452,0.6813318353,-717576913872725.0000
1165790764902889,0.5177150997,-1086009048651288.0000
76710449017807,0.0340662827,76710449017807.0000
827053380385275,0.3672854822,827053380385275.0000
1585586414773117,0.7041418181,-666213398781060.0000
55477650191251,0.0246370258,55477650191251.0000
392510136249534,0.1743095163,392510136249534.0000
553238178805167,0.2456871057,553238178805167.0000
716099079470749,0.3180118744,716099079470749.0000
1206497181055636,0.5357923799,-1045302632498541.0000
887998075319090,0.3943503636,887998075319090.0000
910158181455025,0.4041914277,910158181455025.0000
1453449913178834,0.6454614235,-798349900375343.0000
442977101971539,0.1967213512,442977101971539.0000
1319030633258797,0.5857672717,-932769180295380.0000
2059035055149457,0.9143952507,-192764758404720.0000
517497283063291,0.2298149595,517497283063291.0000
446806962899493,0.1984221511,446806962899493.0000
77394400727341,0.0343700183,77394400727341.0000
2179081973645843,0.9677067919,-72717839908334.0000
1759100189820887,0.7811974134,-492699623733290.0000
1071460225484147,0.4758239249,1071460225484147.0000
257481971433651,0.1143449653,257481971433651.0000
849004473483044,0.3770337258,849004473483044.0000
1722719743893900,0.7650412499,-529080069660277.0000
2079500692984871,0.9234838197,-172299120569306.0000
2189226892943830,0.9722120411,-62572920610347.0000
194510135353350,0.0863798523,194510135353350.0000
731553474762257,0.3248750046,731553474762257.0000
2081785171496584,0.9244983319,-170014642057593.0000
776196489590227,0.3447004858,776196489590227.0000
797033911994129,0.3539541602,797033911994129.0000
1520816346263342,0.6753781296,-730983467290835.0000
1172899239530670,0.5208718965,-1078900574023507.0000
1572646404882600,0.6983952994,-679153408671577.0000
1325363603053682,0.5885796753,-926436210500495.0000
1788451711430073,0.7942321074,-463348102124104.0000
1223745059123287,0.5434519764,-1028054754430890.0000
2129431843162317,0.9456577047,-122367970391860.0000
145936271027339,0.0648087233,145936271027339.0000
168663996250793,0.0749018608,168663996250793.0000
1693259231938906,0.7519581544,-558540581615271.0000
1873766301249011,0.8321193962,-378033512305166.0000
721412172410527,0.3203713616,721412172410527.0000
1694175484048304,0.7523650521,-557624329505873.0000
2112732291653688,0.9382416141,-139067521900489.0000
80104149175803,0.0355733883,80104149175803.0000
1412215860167959,0.6271498255,-839583953386218.0000
131809575355482,0.0585352102,131809575355482.0000
1639843761809872,0.7282369205,-611956051744305.0000
1356398515050947,0.6023619448,-895401298503230.0000
2086771126543466,0.9267125408,-165028687010711.0000
1443021683949179,0.6408303595,-808778129604998.0000
1955697969205593,0.8685043659,-296101844348584.0000
184065507229463,0.0817415057,184065507229463.0000
1109939837888772,0.4929123056,1109939837888772.0000
1577082768223711,0.7003654404,-674717045330466.0000
2106891234647801,0.9356476637,-144908578906376.0000
375916305136585,0.1669403749,375916305136585.0000
739694677264615,0.3284904248,739694677264615.0000
1901113846623214,0.8442641460,-350685966930963.0000
733967748490404,0.3259471575,733967748490404.0000
427308085601968,0.1897629101,427308085601968.0000
2123267564754271,0.9429202152,-128532248799906.0000
755506458691387,0.3355122663,755506458691387.0000
601180193941238,0.2669776373,601180193941238.0000
570050799708155,0.2531534092,570050799708155.0000
2196931752029033,0.9756336859,-54868061525144.0000
2074387616045798,0.9212131574,-177412197508379.0000
1004892613817147,0.4462619669,1004892613817147.0000
1960192173525068,0.8705001935,-291607640029109.0000
1163831549379884,0.5168450332,-1087968264174293.0000
1202016921079475,0.5338027447,-1049782892474702.0000
1651332554995943,0.7333389696,-600467258558234.0000
828032511091312,0.3677203036,828032511091312.0000
270848017156303,0.1202806819,270848017156303.0000
2029420784281211,0.9012438726,-222379029272966.0000
1514490987689100,0.6725691061,-737308825865077.0000
1772613961492836,0.7871987336,-479185852061341.0000
1847371674218972,0.8203978272,-404428139335205.0000
10133403599924,0.0045001352,10133403599924.0000
1818971016014725,0.8077854013,-432828797539452.0000
652489188804223,0.2897634083,652489188804223.0000
82082511949546,0.0364519579,82082511949546.0000
297551245147924,0.1321392974,297551245147924.0000
1887675352967017,0.8382962560,-364124460587160.0000
645532760507863,0.2866741336,645532760507863.0000
411538463839201,0.1827597912,411538463839201.0000
1567737647040426,0.6962153730,-684062166513751.0000
1109524036551307,0.4927276527,1109524036551307.0000
1610474772696102,0.7151944693,-641325040858075.0000
906998890864947,0.4027884208,906998890864947.0000
879851110984960,0.3907323847,879851110984960.0000
699394789954005,0.3105936797,699394789954005.0000
517820890507196,0.2299586701,517820890507196.0000
158382344854732,0.0703358904,158382344854732.0000
88643085634060,0.0393654379,88643085634060.0000
1779216967055462,0.7901310571,-472582846498715.0000
1808042747605159,0.8029322752,-443757065949018.0000
658992540197739,0.2926514765,658992540197739.0000
1372229013761472,0.6093920985,-879570799792705.0000
107269336163988,0.0476371547,107269336163988.0000
1736446457452555,0.7711371353,-515353356101622.0000
439309050401432,0.1950924091,439309050401432.0000
107731803501643,0.0478425315,107731803501643.0000
562336937209782,0.2497277661,562336937209782.0000
1693146671542353,0.7519081676,-558653142011824.0000
1444856056107083,0.6416449843,-806943757447094.0000
713420736862308,0.3168224513,713420736862308.0000
1524844220042733,0.6771668649,-726955593511444.0000
444137995895437,0.1972368917,444137995895437.0000
206348512790955,0.0916371480,206348512790955.0000
345300259462951,0.1533441194,345300259462951.0000
2141186692189464,0.9508779063,-110613121364713.0000
1879957258131382,0.8348687334,-371842555422795.0000
513552491881608,0.2280631203,513552491881608.0000
2204874478647469,0.9791609651,-46925334906708.0000
1759555603203327,0.7813996576,-492244210350850.0000
1142353946569402,0.5073070615,-1109445866984775.0000
125022119989922,0.0555209745,125022119989922.0000
12743120577857,0.0056590823,12743120577857.0000
1515828631864922,0.6731631394,-735971181689255.0000
614737861462760,0.2729984512,614737861462760.0000
280457343496457,0.1245480801,280457343496457.0000
1724519787218215,0.7658406297,-527280026335962.0000
2110625591589742,0.9373060513,-141174221964435.0000
712325564946560,0.3163360973,712325564946560.0000
2188128757724984,0.9717243711,-63671055829193.0000
1348458644041198,0.5988359338,-903341169512979.0000
342668406485198,0.1521753419,342668406485198.0000
461909825004635,0.2051291692,461909825004635.0000
1302517646962717,0.5784340327,-949282166591460.0000
777256788834352,0.3451713532,777256788834352.0000
472866904134184,0.2099950898,472866904134184.0000
677805545641386,0.3010061292,677805545641386.0000
36836474688137,0.0163586809,36836474688137.0000
63195229034764,0.0280643193,63195229034764.0000
295871428363439,0.1313933088,295871428363439.0000
1473261223415707,0.6542594126,-778538590138470.0000
1037715157630738,0.4608381044,1037715157630738.0000
648731956701141,0.2880948621,648731956701141.0000
987428622707328,0.4385063969,987428622707328.0000
6641546668221,0.0029494392,6641546668221.0000
558867359787975,0.2481869642,558867359787975.0000
2094314908684205,0.9300626530,-157484904869972.0000
1654026451286050,0.7345352999,-597773362268127.0000
137431304462737,0.0610317594,137431304462737.0000
344030615597303,0.1527802843,344030615597303.0000
400394000417426,0.1778106553,400394000417426.0000
1676354240608487,0.7444508302,-575445572945690.0000
225244513148038,0.1000286579,225244513148038.0000
1140577611732852,0.5065182104,-1111222201821325.0000
783962800816001,0.3481494208,783962800816001.0000
296261485110091,0.1315665288,296261485110091.0000
809312101007454,0.3594067715,809312101007454.0000
544485911292998,0.2418003181,544485911292998.0000
701870225549817,0.3116929939,701870225549817.0000
2149203074421412,0.9544378952,-102596739132765.0000
2083984375587996,0.9254749747,-167815437966181.0000
180399064188374,0.0801132779,180399064188374.0000
2194068748577058,0.9743622570,-57731064977119.0000
892229430724773,0.3962294629,892229430724773.0000
1696330482703078,0.7533220638,-555469330851099.0000
1863886397094193,0.8277318374,-387913416459984.0000
266731921701356,0.1184527684,266731921701356.0000
992197666455122,0.4406242777,992197666455122.0000
1905216147030115,0.8460859334,-346583666524062.0000
895611705213809,0.3977314945,895611705213809.0000
571008681026297,0.2535787940,571008681026297.0000
173770505872177,0.0771696067,173770505872177.0000
1789667903149489,0.7947722050,-462131910404688.0000
1121841775309546,0.4981978276,1121841775309546.0000
1475632661212107,0.6553125426,-776167152342070.0000
1884693130683073,0.8369718833,-367106682871104.0000
662711362472744,0.2943029653,662711362472744.0000
246904479873863,0.1096476154,246904479873863.0000
173019114708800,0.0768359219,173019114708800.0000
165779361747385,0.0736208258,165779361747385.0000
497810603907703,0.2210723178,497810603907703.0000
731574905691872,0.3248845218,731574905691872.0000
1126373053156700,0.5002101192,-1125426760397477.0000
2230272705513004,0.9904400436,-21527108041173.0000
1208175620418129,0.5365377567,-1043624193136048.0000
460559603116988,0.2045295502,460559603116988.0000
1501122217926848,0.6666321797,-750677595627329.0000
1619755486039375,0.7193159340,-632044327514802.0000
1912593987558929,0.8493623527,-339205825995248.0000
2065260106696024,0.9171597290,-186539706858153.0000
1249617559283745,0.5549416745,-1002182254270432.0000
1751717303582769,0.7779187533,-500082509971408.0000
1135416695975845,0.5042263034,-1116383117578332.0000
2198916364092488,0.9765150307,-52883449461689.0000
117219597278585,0.0520559583,117219597278585.0000
1994881549284287,0.8859053710,-256918264269890.0000
426755337354654,0.1895174406,426755337354654.0000
362493168117470,0.1609793046,362493168117470.0000
707315506978122,0.3141111846,707315506978122.0000
1352517198239117,0.6006382939,-899282615315060.0000
450164767371549,0.1999133159,450164767371549.0000
99043138586763,0.0439839892,99043138586763.0000
1600654669469825,0.7108334674,-651145144084352.0000
2130394599775020,0.9460852545,-121405213779157.0000
417102858431476,0.1852308788,417102858431476.0000
298087489662236,0.1323774378,298087489662236.0000
2025145590226182,0.8993453050,-226654223327995.0000
1271063450894237,0.5644655636,-980736362659940.0000
937578121493975,0.4163683272,937578121493975.0000
1782012337919506,0.7913724511,-469787475634671.0000
953465447134331,0.4234237171,953465447134331.0000
1994825400830572,0.8858804361,-256974412723605.0000
994579645029551,0.4416820887,994579645029551.0000
1027552903487848,0.4563251570,1027552903487848.0000
1328035161531805,0.5897660856,-923764652022372.0000
1219473184547518,0.5415548830,-1032326629006659.0000
1646230966128704,0.7310734090,-605568847425473.0000
242060135769995,0.1074962944,242060135769995.0000
505085739110872,0.2243031268,505085739110872.0000
2153764295178355,0.9564634841,-98035518375822.0000
452830706689894,0.2010972307,452830706689894.0000
302916093679693,0.1345217687,302916093679693.0000
774000840259851,0.3437254216,774000840259851.0000
1503377418474721,0.6676336899,-748422395079456.0000
186233763281079,0.0827044048,186233763281079.0000
1165331122942805,0.5175109776,-1086468690611372.0000
2209938335840447,0.9814097694,-41861477713730.0000
1580177843977508,0.7017399302,-671621969576669.0000
1112209325881067,0.4939201607,1112209325881067.0000
1971214110265661,0.8753949167,-280585703288516.0000
1985332196071745,0.8816646063,-266467617482432.0000
962986263917885,0.4276518091,962986263917885.0000
37325396817089,0.0165758060,37325396817089.0000
1491786778587490,0.6624864118,-760013034966687.0000
98572117772093,0.0437748139,98572117772093.0000
742763703314027,0.3298533461,742763703314027.0000
1420365238688504,0.6307688766,-831434574865673.0000
1265885785240817,0.5621662182,-985914028313360.0000
2137442383084259,0.9492150991,-114357430469918.0000
1693043605510424,0.7518623971,-558756208043753.0000
646036498049520,0.2868978380,646036498049520.0000
39973809002179,0.0177519373,39973809002179.0000
376011780807126,0.1669827746,376011780807126.0000
1547452816946128,0.6872070988,-704346996608049.0000
1473878401712751,0.6545334949,-777921411841426.0000
1950754447477308,0.8663090012,-301045366076869.0000
2076777528499725,0.9222744917,-175022285054452.0000
2061381438014884,0.9154372541,-190418375539293.0000
404494105438311,0.1796314677,404494105438311.0000
247854509803120,0.1100695134,247854509803120.0000
557726781513601,0.2476804457,557726781513601.0000
1389033644021563,0.6168548535,-862766169532614.0000
439218731877451,0.1950522996,439218731877451.0000
1848138931091691,0.8207385576,-403660882462486.0000
1459971989716484,0.6483578074,-791827823837693.0000
2032665840861052,0.9026849672,-219133972693125.0000
2074424272710471,0.9212294362,-177375540843706.0000
1619290477022464,0.7191094285,-632509336531713.0000
51647665802881,0.0229361711,51647665802881.0000
1747190796076369,0.7759085801,-504609017477808.0000
1125200205526532,0.4996892702,1125200205526532.0000
706954614775889,0.3139509163,706954614775889.0000
1542851908009013,0.6851638848,-708947905545164.0000
1846111179819137,0.8198380552,-405688633735040.0000
255596136953663,0.1135074865,255596136953663.0000
129726764369476,0.0576102563,129726764369476.0000
1855241495417132,0.8238927298,-396558318137045.0000
1938487693565003,0.8608614682,-313312119989174.0000
489444435983795,0.2173569929,489444435983795.0000
1626846109480136,0.7224648033,-624953704074041.0000
1444348032293735,0.6414193764,-807451781260442.0000
532818422687322,0.2366189123,532818422687322.0000
188234724417190,0.0835930100,188234724417190.0000
113177155967175,0.0502607538,113177155967175.0000
751436125895742,0.3337046754,751436125895742.0000
351615926959845,0.1561488392,351615926959845.0000
2038423196395465,0.9052417467,-213376617158712.0000
2062893196860223,0.9161086099,-188906616693954.0000
448540722272405,0.1991920950,448540722272405.0000
656341755627735,0.2914742917,656341755627735.0000
637420198548889,0.2830714323,637420198548889.0000
1552923009203271,0.6896363522,-698876804350906.0000
1939592433907061,0.8613520715,-312207379647116.0000
1928660329996935,0.8564972421,-323139483557242.0000
2118388658499952,0.9407535456,-133411155054225.0000
60705643737513,0.0269587214,60705643737513.0000
1898329330851038,0.8430275726,-353470482703139.0000
963731118524508,0.4279825910,963731118524508.0000
1586137808044422,0.7043866859,-665662005509755.0000
1584443515582559,0.7036342689,-667356297971618.0000
542947097707510,0.2411169476,542947097707510.0000
300266026375549,0.1333449024,300266026375549.0000
1336225210344854,0.5934031979,-915574603209323.0000
2008048308148347,0.8917525866,-243751505405830.0000
2246613121437411,0.9976966460,-5186692116766.0000
297496148159203,0.1321148294,297496148159203.0000
1855474323247928,0.8239961262,-396325490306249.0000
1221491183337936,0.5424510545,-1030308630216241.0000
336577894840330,0.1494706114,336577894840330.0000
1504011575537807,0.6679153122,-747788238016370.0000
1851999739553491,0.8224531010,-399800074000686.0000
1372465349435622,0.6094970526,-879334464118555.0000
802209406670700,0.3562525416,802209406670700.0000
2033515930638710,0.9030624829,-218283882915467.0000
1082871496359888,0.4808915472,1082871496359888.0000
2028853036614625,0.9009917420,-222946776939552.0000
1647642877128800,0.7317004235,-604156936425377.0000
1778437214473991,0.7897847774,-473362599080186.0000
1166903066769112,0.5182090609,-1084896746785065.0000
980530196926873,0.4354428804,980530196926873.0000
707223792344056,0.3140704551,707223792344056.0000
2083692045563374,0.9253451541,-168107767990803.0000
960540777464392,0.4265657949,960540777464392.0000
2199907896173567,0.9769553594,-51891917380610.0000
1530509885960602,0.6796829260,-721289927593575.0000
664521252894536,0.2951067181,664521252894536.0000
1412197020515902,0.6271414590,-839602793038275.0000
312738074345981,0.1388836043,312738074345981.0000
1846263377025888,0.8199056443,-405536436528289.0000
867873174419239,0.3854131123,867873174419239.0000
293204037260662,0.1302087492,293204037260662.0000
1539697474501129,0.6837630349,-712102339053048.0000
677245672571643,0.3007574956,677245672571643.0000
1078938347891693,0.4791448784,1078938347891693.0000
2066477119780253,0.9177001913,-185322693773924.0000
1809832778988766,0.8037272088,-441967034565411.0000
762731903402564,0.3387210083,762731903402564.0000
2202851940534361,0.9782627777,-48947873019816.0000
59367252167010,0.0263643561,59367252167010.0000
673897077827735,0.2992704208,673897077827735.0000
436415208405689,0.1938072851,436415208405689.0000
451605791101298,0.2005532589,451605791101298.0000
583224958840067,0.2590039112,583224958840067.0000
334479486524211,0.1485387309,334479486524211.0000
757429149541897,0.3363661126,757429149541897.0000
989926621355210,0.4396157311,989926621355210.0000
819539578761383,0.3639486840,819539578761383.0000
1031725502737084,0.4581781633,1031725502737084.0000
280983727209755,0.1247818414,280983727209755.0000
63454823459947,0.0281796024,63454823459947.0000
1673587935584672,0.7432223440,-578211877969505.0000
265949706250700,0.1181053949,265949706250700.0000
1049854709868976,0.4662291486,1049854709868976.0000
1016110666093760,0.4512437829,1016110666093760.0000
1504581051595755,0.6681682104,-747218761958422.0000
1455248045298919,0.6462599546,-796551768255258.0000
1687659664558974,0.7494714470,-564140148995203.0000
894851199256127,0.3973937620,894851199256127.0000
1247905278403537,0.5541812691,-1003894535150640.0000
1553573868137245,0.6899253916,-698225945416932.0000
1720806549695182,0.7641916210,-530993263858995.0000
447963713296560,0.1989358515,447963713296560.0000
126749054510654,0.0562878875,126749054510654.0000
45852887930626,0.0203627728,45852887930626.0000
45154815065232,0.0200527661,45154815065232.0000
649759771797211,0.2885513037,649759771797211.0000
2133589318144603,0.9475039945,-118210495409574.0000
552242952620451,0.2452451365,552242952620451.0000
965968148766167,0.4289760320,965968148766167.0000
1637875514926854,0.7273628433,-613924298627323.0000
1548368610395692,0.6876137928,-703431203158485.0000
1983956763397015,0.8810537915,-267843050157162.0000
899915948533414,0.3996429625,899915948533414.0000
183491591479751,0.0814866359,183491591479751.0000
206501110827671,0.0917049151,206501110827671.0000
199090721290232,0.0884140411,199090721290232.0000
1134758872397836,0.5039341710,-1117040941156341.0000
1503751363853976,0.6677997550,-748048449700201.0000
138350002685282,0.0614397434,138350002685282.0000
1865401876938952,0.8284048456,-386397936615225.0000
268737372162653,0.1193433673,268737372162653.0000
2135425068330472,0.9483192313,-116374745223705.0000
1609529097441322,0.7147745052,-642270716112855.0000
1858504449458873,0.8253417725,-393295364095304.0000
953998009454830,0.4236602222,953998009454830.0000
2067035381349597,0.9179481093,-184764432204580.0000
1706098174725323,0.7576597904,-545701638828854.0000
1701266042822194,0.7555138927,-550533770731983.0000
1408367153048929,0.6254406562,-843432660505248.0000
695669507315602,0.3089393218,695669507315602.0000
789124166999490,0.3504415278,789124166999490.0000
527565920721115,0.2342863329,527565920721115.0000
623208916726109,0.2767603554,623208916726109.0000
44821240398435,0.0199046292,44821240398435.0000
1087853059043964,0.4831038055,1087853059043964.0000
1260391713706679,0.5597263603,-991408099847498.0000
1793657592157156,0.7965439829,-458142221397021.0000
2169249853711096,0.9633404536,-82549959843081.0000
1780198390409155,0.7905668966,-471601423145022.0000
116483034865689,0.0517288589,116483034865689.0000
1122733182145924,0.4985936918,1122733182145924.0000
1762099854419532,0.7825295321,-489699959134645.0000
35765626511107,0.0158831288,35765626511107.0000
1885993742330115,0.8375494709,-365806071224062.0000
144098427738598,0.0639925569,144098427738598.0000
2028401754807118,0.9007913326,-223398058747059.0000
563874752095032,0.2504106931,563874752095032.0000
1523960741770950,0.6767745217,-727839071783227.0000
1649744468324472,0.7326337174,-602055345229705.0000
37752960054667,0.0167656822,37752960054667.0000
1968195440136541,0.8740543579,-283604373417636.0000
1109754819972936,0.4928301412,1109754819972936.0000
416270989078827,0.1848614546,416270989078827.0000
2114714274874100,0.9391217914,-137085538680077.0000
1011752405480864,0.4493083263,1011752405480864.0000
28959606076604,0.0128606486,28959606076604.0000
2138770231880926,0.9498047824,-113029581673251.0000
2019058702274575,0.8966421838,-232741111279602.0000
232284351194382,0.1031549740,232284351194382.0000
1715269600333894,0.7617327215,-536530213220283.0000
742658535705285,0.3298066423,742658535705285.0000
21214914890970,0.0094213148,21214914890970.0000
2030555706509504,0.9017478793,-221244107044673.0000
522317972716124,0.2319557758,522317972716124.0000
1524100919611707,0.6768367732,-727698893942470.0000
1866483448719181,0.8288851600,-385316364834996.0000
1290165226921775,0.5729484562,-961634586632402.0000
1360300308187516,0.6040946891,-891499505366661.0000
1736618738228643,0.7712136433,-515181075325534.0000
948864445198370,0.4213804617,948864445198370.0000
948870116235349,0.4213829802,948870116235349.0000
432538677364185,0.1920857595,432538677364185.0000
1534801523016295,0.6815887957,-716998290537882.0000
1333907376689492,0.5923738730,-917892436864685.0000
148315518394480,0.0658653214,148315518394480.0000
180688629167092,0.0802418706,180688629167092.0000
1677579091808620,0.7449947734,-574220721745557.0000
607476474220116,0.2697737475,607476474220116.0000
627965659405653,0.2788727735,627965659405653.0000
1330430707435497,0.5908299217,-921369106118680.0000
252344858358283,0.1120636288,252344858358283.0000
1462046486036166,0.6492790688,-789753327518011.0000
1605142852506718,0.7128266211,-646656961047459.0000
122246043519717,0.0542881489,122246043519717.0000
1795603078660763,0.7974079525,-456196734893414.0000
1615828125160646,0.7175718354,-635971688393531.0000
1145456662598694,0.5086849442,-1106343150955483.0000
1071777875504950,0.4759649899,1071777875504950.0000
1783302180248057,0.7919452562,-468497633306120.0000
718409763662865,0.3190380243,718409763662865.0000
273287277204075,0.1213639310,273287277204075.0000
1786235575942371,0.7932479456,-465564237611806.0000
1243164204260522,0.5520758092,-1008635609293655.0000
1847475075332165,0.8204437465,-404324738222012.0000
1797228364304122,0.7981297243,-454571449250055.0000
1699284506914963,0.7546339140,-552515306639214.0000
1701075115546952,0.7554291040,-550724698007225.0000
568650715235345,0.2525316468,568650715235345.0000
1377734643408225,0.6118370892,-874065170145952.0000
219839750736887,0.0976284612,219839750736887.0000
472263427657628,0.2097270924,472263427657628.0000
1353416710093818,0.6010377574,-898383103460359.0000
335153933386239,0.1488382455,335153933386239.0000
942719457470015,0.4186515390,942719457470015.0000
2247100340903700,0.9979130149,-4699472650477.0000
2178467722665588,0.9674340097,-73332090888589.0000
1189676911297801,0.5283226795,-1062122902256376.0000
716959073775344,0.3183937886,716959073775344.0000
2160151802817361,0.9593001073,-91648010736816.0000
995107823258974,0.4419166470,995107823258974.0000
1143161476960045,0.5076656771,-1108638336594132.0000
765920211673426,0.3401369016,765920211673426.0000
1891631098488821,0.8400529599,-360168715065356.0000
1952509474770748,0.8670883899,-299290338783429.0000
1264406631827923,0.5615093421,-987393181726254.0000
796661702717973,0.3537888661,796661702717973.0000
2083232284144696,0.9251409791,-168567529409481.0000
392253206153801,0.1741954164,392253206153801.0000
162337981623312,0.0720925460,162337981623312.0000
1162959762066676,0.5164578819,-1088840051487501.0000
736511097824037,0.3270766315,736511097824037.0000
838702167985946,0.3724585831,838702167985946.0000
805617448737787,0.3577660163,805617448737787.0000
152888037247884,0.0678959277,152888037247884.0000
847275533650213,0.3762659223,847275533650213.0000
1925619106475296,0.8551466675,-326180707078881.0000
574292469507303,0.2550370890,574292469507303.0000
793683239854674,0.3524661629,793683239854674.0000
1985491950017731,0.8817355513,-266307863536446.0000
260107548315026,0.1155109556,260107548315026.0000
553255062156261,0.2456946034,553255062156261.0000
1934911009119332,0.8592731012,-316888804434845.0000
1659971577792828,0.7371754664,-591828235761349.0000
1982933900196893,0.8805995490,-268865913357284.0000
505471398000037,0.2244743938,505471398000037.0000
993045228845925,0.4410006710,993045228845925.0000
332066268236921,0.1474670467,332066268236921.0000
1485566815478876,0.6597241933,-766232998075301.0000
664644367069339,0.2951613918,664644367069339.0000
1649983658163392,0.7327399391,-601816155390785.0000
2070938201386181,0.9196813096,-180861612167996.0000
111538579766545,0.0495330798,111538579766545.0000
1793581265225022,0.7965100869,-458218548329155.0000
2137201955227475,0.9491083276,-114597858326702.0000
563409131476924,0.2502039160,563409131476924.0000
20481621106456,0.0090956669,20481621106456.0000
1950234938653543,0.8660782930,-301564874900634.0000
304077529935515,0.1350375500,304077529935515.0000
601984507708493,0.2673348244,601984507708493.0000
1258678104305587,0.5589653648,-993121709248590.0000
2189592462179236,0.9723743865,-62207351374941.0000
1573005401150642,0.6985547257,-678794412403535.0000
1129642758609591,0.5016621601,-1122157054944586.0000
1758412406461757,0.7808919762,-493387407092420.0000
2156431474784661,0.9576479498,-95368338769516.0000
94497839325435,0.0419654708,94497839325435.0000
1517282344255306,0.6738087174,-734517469298871.0000
40769722930731,0.0181053940,40769722930731.0000
384906982657643,0.1709330378,384906982657643.0000
353764474040550,0.1571029858,353764474040550.0000
908981388237815,0.4036688265,908981388237815.0000
1237560159909372,0.5495871136,-1014239653644805.0000
375495316050278,0.1667534182,375495316050278.0000
785469437954431,0.3488185021,785469437954431.0000
1113980641126813,0.4947067827,1113980641126813.0000
847681709092899,0.3764463004,847681709092899.0000
1664086997593617,0.7390030799,-587712815960560.0000
1770394152606452,0.7862129404,-481405660947725.0000
1474864150450480,0.6549712552,-776935663103697.0000
2095330047924005,0.9305134654,-156469765630172.0000
2024439939128782,0.8990319330,-227359874425395.0000
1312666587015601,0.5829410675,-939133226538576.0000
2227918418589007,0.9893945302,-23881394965170.0000
1321658425183817,0.5869342458,-930141388370360.0000
1570397645709748,0.6973966497,-681402167844429.0000
790413151456351,0.3510139519,790413151456351.0000
2076199461662459,0.9220177785,-175600351891718.0000
291347749486209,0.1293843919,291347749486209.0000
2030786381756745,0.9018503197,-221013431797432.0000
769259739452983,0.3416199499,769259739452983.0000
442063653196996,0.1963156985,442063653196996.0000
1974655824186686,0.8769233447,-277143989367491.0000
766349117910678,0.3403273743,766349117910678.0000
2147932949912986,0.9538738466,-103866863641191.0000
733737878194412,0.3258450746,733737878194412.0000
1460802621206938,0.6487266818,-790997192347239.0000
653831584942017,0.2903595519,653831584942017.0000
1583442438716865,0.7031897015,-668357374837312.0000
1737848156797206,0.7717596148,-513951656756971.0000
1070990060620708,0.4756151298,1070990060620708.0000
1687018119107614,0.7491865436,-564781694446563.0000
2219265454592848,0.9855518422,-32534358961329.0000
1466403103868656,0.6512137958,-785396709685521.0000
1580064063076567,0.7016894013,-671735750477610.0000
1564643881860875,0.6948414652,-687155931693302.0000
1569392102070434,0.6969500986,-682407711483743.0000
1973136718551529,0.8762487263,-278663095002648.0000
311853525551625,0.1384907858,311853525551625.0000
1338033030984723,0.5942060315,-913766782569454.0000
1476388921671928,0.6556483897,-775410891882249.0000
873299559734674,0.3878229115,873299559734674.0000
1949181389237400,0.8656104231,-302618424316777.0000
1542478931286828,0.6849982498,-709320882267349.0000
628751979288638,0.2792219697,628751979288638.0000
597573397598699,0.2653758980,597573397598699.0000
186279533224368,0.0827247307,186279533224368.0000
1764755435476211,0.7837088470,-487044378077966.0000
1330627995635623,0.5909175352,-921171817918554.0000
648729193328157,0.2880936349,648729193328157.0000
621478001752391,0.2759916748,621478001752391.0000
1097527762699585,0.4874002370,1097527762699585.0000
299985445108631,0.1332202993,299985445108631.0000
1432497924906477,0.6361568716,-819301888647700.0000
1914060913648953,0.8500137988,-337738899905224.0000
2177372145767488,0.9669474758,-74427667786689.0000
960207277836936,0.4264176913,960207277836936.0000
1469623967125849,0.6526441464,-782175846428328.0000
234904414956716,0.1043185160,234904414956716.0000
1779478847817999,0.7902473555,-472320965736178.0000
501654388429892,0.2227793010,501654388429892.0000
1252224529257671,0.5560994018,-999575284296506.0000
101012955326831,0.0448587635,101012955326831.0000
1176751207417377,0.5225825139,-1075048606136800.0000
906267653573870,0.4024636862,906267653573870.0000
737690843491626,0.3276005438,737690843491626.0000
873015486655118,0.3876967577,873015486655118.0000
1357859456923655,0.6030107333,-893940356630522.0000
411285017372300,0.1826472384,411285017372300.0000
836050059274109,0.3712808102,836050059274109.0000
1888247549491699,0.8385503623,-363552264062478.0000
920869071704565,0.4089480185,920869071704565.0000
1166960573968535,0.5182345993,-1084839239585642.0000
1704869168566185,0.7571140020,-546930644987992.0000
29839146409908,0.0132512430,29839146409908.0000
796560744558575,0.3537440317,796560744558575.0000
1569933094802695,0.6971903476,-681866718751482.0000
1658237702920994,0.7364054713,-593562110633183.0000
1728941310248246,0.7678041804,-522858503305931.0000
2140259918388201,0.9504663361,-111539895165976.0000
1433448635698168,0.6365790720,-818351177856009.0000
2119970053525693,0.9414558260,-131829760028484.0000
1496305099220192,0.6644929492,-755494714333985.0000
353361378910004,0.1569239756,353361378910004.0000
1832473785625648,0.8137818356,-419326027928529.0000
369470675548851,0.1640779404,369470675548851.0000
823665711617843,0.3657810551,823665711617843.0000
917568764217069,0.4074823875,917568764217069.0000
1114790598421026,0.4950664760,1114790598421026.0000
1314521467947498,0.5837648001,-937278345606679.0000
1221238680781136,0.5423389208,-1030561132773041.0000
456909032718852,0.2029083713,456909032718852.0000
452789607782197,0.2010789792,452789607782197.0000
341548234263884,0.1516778855,341548234263884.0000
661656678683760,0.2938345916,661656678683760.0000
1691519187529891,0.7511854195,-560280626024286.0000
1569170043911903,0.6968514850,-682629769642274.0000
1556816660866725,0.6913654808,-694983152687452.0000
178704662503451,0.0793608124,178704662503451.0000
1542676448295515,0.6850859650,-709123365258662.0000
194863960260879,0.0865369821,194863960260879.0000
2145299338039965,0.9527042880,-106500475514212.0000
2027156260337859,0.9002382219,-224643553216318.0000
240583216893583,0.1068404107,240583216893583.0000
2225904399610057,0.9885001261,-25895413944120.0000
1352124405796157,0.6004638590,-899675407758020.0000
141095265512418,0.0626588850,141095265512418.0000
389214152721867,0.1728458056,389214152721867.0000
320629407490883,0.1423880602,320629407490883.0000
2202385533173467,0.9780556513,-49414280380710.0000
2136984683443939,0.9490118396,-114815130110238.0000
163202649253005,0.0724765356,163202649253005.0000
450333462286000,0.1999882314,450333462286000.0000
2082308873289105,0.9247309023,-169490940265072.0000
529300372676404,0.2350565843,529300372676404.0000
1723629515129953,0.7654452695,-528170298424224.0000
2038104507703511,0.9051002205,-213695305850666.0000
1280156977467790,0.5685039006,-971642836086387.0000
1364455496584138,0.6059399634,-887344316970039.0000
635875885112327,0.2823856194,635875885112327.0000
587328187753398,0.2608261108,587328187753398.0000
159703816059395,0.0709227415,159703816059395.0000
783925748208550,0.3481329661,783925748208550.0000
2234984599552342,0.9925325449,-16815214001835.0000
1920666575496278,0.8529473019,-331133238057899.0000
2073345697459845,0.9207504526,-178454116094332.0000
1812761726702762,0.8050279229,-439038086851415.0000
61198822274532,0.0271777366,61198822274532.0000
1728990934394784,0.7678262179,-522808879159393.0000
952591206215011,0.4230354761,952591206215011.0000
1361883389283129,0.6047977183,-889916424271048.0000
208901190684613,0.0927707647,208901190684613.0000
2053738737765478,0.9120432133,-198061075788699.0000
1186071123057422,0.5267213879,-1065728690496755.0000
679958631566629,0.3019622914,679958631566629.0000
2073000826178107,0.9205972990,-178798987376070.0000
1319134748142802,0.5858135080,-932665065411375.0000
1828334399100411,0.8119435787,-423465414453766.0000
1797764908510066,0.7983679978,-454034905044111.0000
1959353321328865,0.8701276683,-292446492225312.0000
1776279208553944,0.7888264302,-475520605000233.0000
416946962584454,0.1851616472,416946962584454.0000
1913661073010481,0.8498362339,-338138740543696.0000
785261360667410,0.3487260972,785261360667410.0000
247591349431557,0.1099526467,247591349431557.0000
265516705646286,0.1179131040,265516705646286.0000
701201174105792,0.3113958754,701201174105792.0000
1605604737795969,0.7130317394,-646195075758208.0000
406500089916817,0.1805223037,406500089916817.0000
1007944453079961,0.4476172558,1007944453079961.0000
595672898972212,0.2645319070,595672898972212.0000
1308367630114935,0.5810319471,-943432183439242.0000
1213515741624501,0.5389092469,-1038284071929676.0000
209963813902393,0.0932426642,209963813902393.0000
293536384678117,0.1303563411,293536384678117.0000
1081199092853378,0.4801488509,1081199092853378.0000
1165293576322424,0.5174943036,-1086506237231753.0000
857061427584948,0.3806117322,857061427584948.0000
2198102815664080,0.9761537426,-53696997890097.0000
1211285769121168,0.5379189401,-1040514044433009.0000
2245721208317379,0.9973005570,-6078605236798.0000
845228665586878,0.3753569303,845228665586878.0000
354686281709277,0.1575123506,354686281709277.0000
72442528217363,0.0321709451,72442528217363.0000
1605084375068562,0.7128006519,-646715438485615.0000
229086110861480,0.1017346700,229086110861480.0000
67737460202565,0.0300814752,67737460202565.0000
881810730256515,0.3916026305,881810730256515.0000
1646736614805841,0.7312979621,-605063198748336.0000
1377396475837260,0.6116869126,-874403337716917.0000
375549085428113,0.1667772966,375549085428113.0000
813847635874087,0.3614209536,813847635874087.0000
882744798605589,0.3920174401,882744798605589.0000
1362067793004246,0.6048796100,-889732020549931.0000
49258359616516,0.0218751060,49258359616516.0000
283377344279788,0.1258448209,283377344279788.0000
2223374029992515,0.9873764162,-28425783561662.0000
2003332883099586,0.8896585172,-248466930454591.0000
502142610869461,0.2229961153,502142610869461.0000
1978369458296051,0.8785725296,-273430355258126.0000
329168290607255,0.1461800861,329168290607255.0000
792458472524483,0.3519222569,792458472524483.0000
1674924435517420,0.7438158692,-576875378036757.0000
525499421604612,0.2333686229,525499421604612.0000
98521653469658,0.0437524032,98521653469658.0000
1460982183641153,0.6488064236,-790817629913024.0000
596910180398412,0.2650813704,596910180398412.0000
788356195755244,0.3501004801,788356195755244.0000
810526458045141,0.3599460543,810526458045141.0000
1973293491421590,0.8763183475,-278506322132587.0000
1601122343844094,0.7110411566,-650677469710083.0000
2195861551464382,0.9751584214,-55938262089795.0000
627808868891916,0.2788031445,627808868891916.0000
1576039050976589,0.6999019369,-675760762577588.0000
1456580768563664,0.6468518026,-795219044990513.0000
1360821128652489,0.6043259798,-890978684901688.0000
1456496842078212,0.6468145318,-795302971475965.0000
1047479362017993,0.4651742822,1047479362017993.0000
1168800861354805,0.5190518510,-1082998952199372.0000
751786531014649,0.3338602866,751786531014649.0000
611563046590470,0.2715885501,611563046590470.0000
375858609312885,0.1669147528,375858609312885.0000
1302587550637016,0.5784650762,-949212262917161.0000
1478730010888872,0.6566880422,-773069802665305.0000
1132233104271944,0.5028125047,-1119566709282233.0000
1299236696002370,0.5769769978,-952563117551807.0000
501928320356441,0.2229009512,501928320356441.0000
779909717605762,0.3463494903,779909717605762.0000
852488544571361,0.3785809642,852488544571361.0000
1489745080565426,0.6615797157,-762054732988751.0000
2023207429630906,0.8984845888,-228592383923271.0000
283297497541274,0.1258093618,283297497541274.0000
1223130329903031,0.5431789818,-1028669483651146.0000
1298142987384108,0.5764912936,-953656826170069.0000
1934547593965211,0.8591117125,-317252219588966.0000
1030632399698010,0.4576927281,1030632399698010.0000
874833782210010,0.3885042431,874833782210010.0000
1509399311528312,0.6703079476,-742400502025865.0000
1890701915992789,0.8396403200,-361097897561388.0000
262516083845104,0.1165805603,262516083845104.0000
1045177249581183,0.4641519389,1045177249581183.0000
2215833617001495,0.9840278002,-35966196552682.0000
1515914883185760,0.6732014427,-735884930368417.0000
1502586253238788,0.6672823420,-749213560315389.0000
67674015930021,0.0300533003,67674015930021.0000
577910521075207,0.2566438267,577910521075207.0000
943024263831687,0.4187869002,943024263831687.0000
1617889254003858,0.7184871605,-633910559550319.0000
1788420899898482,0.7942184244,-463378913655695.0000
877012199418790,0.3894716547,877012199418790.0000
1255279393001084,0.5574560338,-996520420553093.0000
312358140615866,0.1387148799,312358140615866.0000
856872818816626,0.3805279731,856872818816626.0000
66064079807130,0.0293383450,66064079807130.0000
555162154920104,0.2465415227,555162154920104.0000
1799368008354298,0.7990799171,-452431805199879.0000
515952002697999,0.2291287172,515952002697999.0000
83007524008542,0.0368627458,83007524008542.0000
221049265327807,0.0981655936,221049265327807.0000
974671677029523,0.4328411749,974671677029523.0000
2147840281636250,0.9538326936,-103959531917927.0000
1658986856103263,0.7367381621,-592812957450914.0000
444393304132139,0.1973502713,444393304132139.0000
1875508057022050,0.8328928912,-376291756532127.0000
37974493562352,0.0168640628,37974493562352.0000
1059687559366174,0.4705958110,1059687559366174.0000
359101530460303,0.1594731149,359101530460303.0000
135861076000599,0.0603344379,135861076000599.0000
380806767728835,0.1691121766,380806767728835.0000
284181741662781,0.1262020451,284181741662781.0000
542540537054509,0.2409363984,542540537054509.0000
1833339426865519,0.8141662575,-418460386688658.0000
1764223257309065,0.7834725124,-487576556245112.0000
983878844575972,0.4369299787,983878844575972.0000
1596018491450531,0.7087745908,-655781322103646.0000
573927460761234,0.2548749926,573927460761234.0000
1138221183458909,0.5054717460,-1113578630095268.0000
1768606526886737,0.7854190751,-483193286667440.0000
577976986120447,0.2566733431,577976986120447.0000
535834569244624,0.2379583505,535834569244624.0000
585515671096618,0.2600211917,585515671096618.0000
830490922700359,0.3688120577,830490922700359.0000
2160123451236058,0.9592875167,-91676362318119.0000
1444947138168992,0.6416854329,-806852675385185.0000
1318673442283176,0.5856086471,-933126371271001.0000
1145954723233889,0.5089061276,-1105845090320288.0000
854250633037019,0.3793634887,854250633037019.0000
1741156023012968,0.7732286025,-510643790541209.0000
1086949563242560,0.4827025727,1086949563242560.0000
987051275134661,0.4383388209,987051275134661.0000
1196763101673007,0.5314695802,-1055036711881170.0000
1340162767210519,0.5951518244,-911637046343658.0000
1753671438874904,0.7787865637,-498128374679273.0000
1595643848020628,0.7086082157,-656155965533549.0000
1881093252757257,0.8353732163,-370706560796920.0000
265656769990811,0.1179753051,265656769990811.0000
426975612322748,0.1896152623,426975612322748.0000
224317465156742,0.0996169659,224317465156742.0000
714490872773705,0.3172976872,714490872773705.0000
419292209599483,0.1862031461,419292209599483.0000
663659301913461,0.2947239350,663659301913461.0000
451032480631350,0.2002986580,451032480631350.0000
1283666142790261,0.5700622831,-968133670763916.0000
34851166892045,0.0154770272,34851166892045.0000
1197774609696367,0.5319187800,-1054025203857810.0000
107952079091371,0.0479403535,107952079091371.0000
2182819493583923,0.9693665842,-68980319970254.0000
1797478248633903,0.7982406952,-454321564920274.0000
242385426792380,0.1076407527,242385426792380.0000
1759385161917579,0.7813239664,-492414651636598.0000
34801460364013,0.0154549530,34801460364013.0000
1208100059943629,0.5365042011,-1043699753610548.0000
493916802454457,0.2193431225,493916802454457.0000
2077265019157549,0.9224909811,-174534794396628.0000
1255254515472141,0.5574449860,-996545298082036.0000
753781449301554,0.3347462082,753781449301554.0000
393856960686073,0.1749076265,393856960686073.0000
1972073778455830,0.8757766861,-279726035098347.0000
1300993273315858,0.5777570748,-950806540238319.0000
265080219582582,0.1177192653,265080219582582.0000
1193755291265266,0.5301338441,-1058044522288911.0000
934707132048500,0.4150933517,934707132048500.0000
505648525132673,0.2245530540,505648525132673.0000
1985911070905791,0.8819216784,-265888742648386.0000
1271831611408968,0.5648066954,-979968202145209.0000
2086348860534696,0.9265250170,-165450953019481.0000
222956831283946,0.0990127230,222956831283946.0000
621330137660144,0.2759260099,621330137660144.0000
1569567132868947,0.6970278279,-682232680685230.0000
357175789352189,0.1586179141,357175789352189.0000
1589149815046760,0.7057242857,-662649998507417.0000
1222639287088584,0.5429609150,-1029160526465593.0000
536667871324128,0.2383284109,536667871324128.0000
1596687156637941,0.7090715378,-655112656916236.0000
520838417827169,0.2312987214,520838417827169.0000
4880858593540,0.0021675366,4880858593540.0000
28085294542108,0.0124723763,28085294542108.0000
1435130406981938,0.6373259285,-816669406572239.0000
145467297391332,0.0646004572,145467297391332.0000
45986367850694,0.0204220498,45986367850694.0000
443117072655418,0.1967835107,443117072655418.0000
1334352475581185,0.5925715366,-917447337972992.0000
1071251593089786,0.4757312736,1071251593089786.0000
240958289944442,0.1070069766,240958289944442.0000
1105816176830955,0.4910810322,1105816176830955.0000
1448708979473870,0.6433560260,-803090834080307.0000
2172663009348826,0.9648561991,-79136804205351.0000
2032955332511341,0.9028135273,-218844481042836.0000
936718757937822,0.4159866931,936718757937822.0000
1862305397749338,0.8270297326,-389494415804839.0000
969304699927624,0.4304577583,969304699927624.0000
1081675141338206,0.4803602589,1081675141338206.0000
1105349373284606,0.4908737298,1105349373284606.0000
1199887324041758,0.5328570137,-1051912489512419.0000
2251381015651248,0.9998140164,-418797902929.0000
1392356643715428,0.6183305618,-859443169838749.0000
1698775219635272,0.7544077450,-553024593918905.0000
2192011536800416,0.9734486714,-59788276753761.0000
519188348774210,0.2305659436,519188348774210.0000
851439899633788,0.3781152723,851439899633788.0000
33576191614466,0.0149108244,33576191614466.0000
491617965518667,0.2183222339,491617965518667.0000
2111571025613956,0.9377259084,-140228787940221.0000
2043924532067678,0.9076848305,-207875281486499.0000
1895245607480060,0.8416581243,-356554206074117.0000
831153260577445,0.3691061948,831153260577445.0000
1117491331736818,0.4962658426,1117491331736818.0000
1335310764128247,0.5929971022,-916489049425930.0000
940016825774104,0.4174513294,940016825774104.0000
1502184008716773,0.6671037095,-749615804837404.0000
946851837620799,0.4204866844,946851837620799.0000
2225546608764117,0.9883412350,-26253204790060.0000
2122600233837003,0.9426238607,-129199579717174.0000
1409799731098287,0.6260768487,-842000082455890.0000
709683653669534,0.3151628530,709683653669534.0000
1859610511844026,0.8258329629,-392189301710151.0000
927075736245404,0.4117043312,927075736245404.0000
1555023123065085,0.6905689901,-696776690489092.0000
983164773459014,0.4366128674,983164773459014.0000
703981189320110,0.3126304501,703981189320110.0000
1467797495054058,0.6518330298,-784002318500119.0000
654859028291625,0.2908158285,654859028291625.0000
1189474079750304,0.5282326042,-1062325733803873.0000
91597687417904,0.0406775446,91597687417904.0000
104717757782831,0.0465040263,104717757782831.0000
616025762831939,0.2735703943,616025762831939.0000
1692836871688542,0.7517705888,-558962941865635.0000
535759184561954,0.2379248730,535759184561954.0000
52185785943336,0.0231751444,52185785943336.0000
63655967136929,0.0282689281,63655967136929.0000
177190671410155,0.0786884653,177190671410155.0000
1883522405975535,0.8364519771,-368277407578642.0000
1274667934131460,0.5660662757,-977131879422717.0000
1969797355554354,0.8747657512,-282002457999823.0000
1524658274433757,0.6770842884,-727141539120420.0000
1269693992122633,0.5638574017,-982105821431544.0000
127045625721013,0.0564195915,127045625721013.0000
861821751654602,0.3827257407,861821751654602.0000
908548359256472,0.4034765230,908548359256472.0000
1156264407160792,0.5134845470,-1095535406393385.0000
1208069057528565,0.5364904332,-1043730756025612.0000
2136301022152215,0.9487082330,-115498791401962.0000
189890168014802,0.0843281747,189890168014802.0000
1669492619728252,0.7414036584,-582307193825925.0000
8307821708389,0.0036894140,8307821708389.0000
1504683941415872,0.6682139027,-747115872138305.0000
1121229462683445,0.4979259062,1121229462683445.0000
1461123707611258,0.6488692728,-790676105942919.0000
627007727063690,0.2784473661,627007727063690.0000
1804410356184873,0.8013191694,-447389457369304.0000
1362218699543856,0.6049466260,-889581114010321.0000
2021947313347662,0.8979249848,-229852500206515.0000
954458196412296,0.4238645863,954458196412296.0000
235071489248171,0.1043927119,235071489248171.0000
1501656277884891,0.6668693500,-750143535669286.0000
1227476846190096,0.5451092228,-1024322967364081.0000
167589205045257,0.0744245577,167589205045257.0000
1868149987443297,0.8296252519,-383649826110880.0000
2061859365993767,0.9156494967,-189940447560410.0000
2162360880002144,0.9602811347,-89438933552033.0000
103500706087006,0.0459635468,103500706087006.0000
1873124703274694,0.8318344695,-378675110279483.0000
488960178041382,0.2171419391,488960178041382.0000
436204046744045,0.1937135105,436204046744045.0000
1999117436884603,0.8877864830,-252682376669574.0000
928014316244303,0.4121211445,928014316244303.0000
1796774167371057,0.7979280203,-455025646183120.0000
2199375458516433,0.9767189096,-52424355037744.0000
1576005238851475,0.6998869213,-675794574702702.0000
1375460275610371,0.6108270670,-876339537943806.0000
1400765040007389,0.6220646398,-851034773546788.0000
1649591859768230,0.7325659456,-602207953785947.0000
833359220503396,0.3700858378,833359220503396.0000
1627214637639840,0.7226284627,-624585175914337.0000
836272078929024,0.3713794068,836272078929024.0000
1278440859897303,0.5677417913,-973358953656874.0000
262198322729401,0.1164394460,262198322729401.0000
1104972030245146,0.4907061558,1104972030245146.0000
1137877583292446,0.5053191569,-1113922230261731.0000
1883964035100381,0.8366480998,-367835778453796.0000
1243783599646089,0.5523508760,-1008016213908088.0000
1955165218241394,0.8682677769,-296634595312783.0000
220855663834952,0.0980796172,220855663834952.0000
2082136273001028,0.9246542523,-169663540553149.0000
1665666961542386,0.7397047249,-586132852011791.0000
979855937395339,0.4351434490,979855937395339.0000
1006682994269720,0.4470570555,1006682994269720.0000
1353995060787299,0.6012945967,-897804752766878.0000
478810249844937,0.2126344655,478810249844937.0000
510451623860905,0.2266860583,510451623860905.0000
918385367268155,0.4078450321,918385367268155.0000
178199582526434,0.0791365118,178199582526434.0000
1637298137318059,0.7271064361,-614501676236118.0000
325227964222807,0.1444302297,325227964222807.0000
1666497404220707,0.7400735155,-585302409333470.0000
392690672230685,0.1743896904,392690672230685.0000
1954941571825403,0.8681684580,-296858241728774.0000
1853625256377590,0.8231749755,-398174557176587.0000
773235556696722,0.3433855674,773235556696722.0000
529584592140741,0.2351828031,529584592140741.0000
146025510960037,0.0648483538,146025510960037.0000
1464547007321407,0.6503895233,-787252806232770.0000
464765612535182,0.2063973936,464765612535182.0000
848951640990321,0.3770102635,848951640990321.0000
1202193085917297,0.5338809776,-1049606727636880.0000
1140199272799467,0.5063501942,-1111600540754710.0000
581007438507031,0.2580191343,581007438507031.0000
2142130842293693,0.9512971932,-109668971260484.0000
1310157426058686,0.5818267762,-941642387495491.0000
51054757372347,0.0226728669,51054757372347.0000
922240620880310,0.4095571086,922240620880310.0000
1648981566865694,0.7322949211,-602818246688483.0000
1906276511701747,0.8465568299,-345523301852430.0000
1685169595207076,0.7483656340,-566630218347101.0000
516429013312119,0.2293405525,516429013312119.0000
1438924334751962,0.6390107709,-812875478802215.0000
426504500274969,0.1894060465,426504500274969.0000
1038057860672023,0.4609902952,1038057860672023.0000
8483797902921,0.0037675631,8483797902921.0000
140259504676303,0.0622877326,140259504676303.0000
364306856539882,0.1617847441,364306856539882.0000
1941828900079302,0.8623452620,-309970913474875.0000
284908058562829,0.1265245946,284908058562829.0000
60917751155544,0.0270529160,60917751155544.0000
1268660571251979,0.5633984707,-983139242302198.0000
307262219314631,0.1364518362,307262219314631.0000
926719697133439,0.4115462181,926719697133439.0000
2212860593695134,0.9827075126,-38939219859043.0000
1862799195605890,0.8272490229,-389000617948287.0000
1192605187389778,0.5296230954,-1059194626164399.0000
2097861066450435,0.9316374634,-153938747103742.0000
1810849953708664,0.8041789251,-440949859845513.0000
2201312966985180,0.9775793362,-50486846568997.0000
458505367005858,0.2036172862,458505367005858.0000
1374147739370631,0.6102441838,-877652074183546.0000
2020043832830298,0.8970796696,-231755980723879.0000
1030898847826116,0.4578110548,1030898847826116.0000
503770710699895,0.2237191369,503770710699895.0000
471989202600412,0.2096053121,471989202600412.0000
572404743335,0.0002541988,572404743335.0000
947604554096937,0.4208209577,947604554096937.0000
379258024871662,0.1684243966,379258024871662.0000
1516409234370026,0.6734209787,-735390579184151.0000
1023115986865025,0.4543547702,1023115986865025.0000
96724525913987,0.0429543183,96724525913987.0000
134830116361859,0.0598765998,134830116361859.0000
1625001568874237,0.7216456628,-626798244679940.0000
2076666423295088,0.9222251511,-175133390259089.0000
338146615765623,0.1501672634,338146615765623.0000
1342600906046591,0.5962345755,-909198907507586.0000
1000856559220058,0.4444695986,1000856559220058.0000
279483571119361,0.1241156383,279483571119361.0000
1843841824170860,0.8188302588,-407957989383317.0000
1082358891332946,0.4806639049,1082358891332946.0000
791097695190466,0.3513179504,791097695190466.0000
1685130599957210,0.7483483167,-566669213596967.0000
1624776880171833,0.7215458809,-627022933382344.0000
1545438000611837,0.6863123406,-706361812942340.0000
1403757383495275,0.6233935073,-848042430058902.0000
1098529103499930,0.4878449216,1098529103499930.0000
808094048204237,0.3588658474,808094048204237.0000
387670444916423,0.1721602616,387670444916423.0000
776058874619729,0.3446393724,776058874619729.0000
2225691645666905,0.9884056444,-26108167887272.0000
1228297093065423,0.5454734856,-1023502720488754.0000
12142370266903,0.0053922956,12142370266903.0000
1994876203143147,0.8859029969,-256923610411030.0000
10787695652180,0.0047906992,10787695652180.0000
1037126863651229,0.4605768494,1037126863651229.0000
1522845544267820,0.6762792745,-728954269286357.0000
968941359044092,0.4302964026,968941359044092.0000
852115041438902,0.3784150955,852115041438902.0000
457451315127683,0.2031491931,457451315127683.0000
1441617000421382,0.6402065547,-810182813132795.0000
850173075281930,0.3775526893,850173075281930.0000
942019666105473,0.4183407692,942019666105473.0000
519699927182101,0.2307931300,519699927182101.0000
1355592597752023,0.6020040456,-896207215802154.0000
578587723681508,0.2569445651,578587723681508.0000
1531476150558033,0.6801120336,-720323662996144.0000
2245967113492315,0.9974097608,-5832700061862.0000
949491585400446,0.4216589679,949491585400446.0000
1299277245081368,0.5769950052,-952522568472809.0000
1146978322197135,0.5093606968,-1104821491357042.0000
2016876336918611,0.8956730189,-234923476635566.0000
86867662702702,0.0385769917,86867662702702.0000
681057781874915,0.3024504122,681057781874915.0000
1311953374268984,0.5826243374,-939846439285193.0000
940019256997141,0.4174524091,940019256997141.0000
1807993404106023,0.8029103623,-443806409448154.0000
1048167991112054,0.4654800950,1048167991112054.0000
1577537012097717,0.7005671653,-674262801456460.0000
1131836031881091,0.5026361691,-1119963781673086.0000
621705262916232,0.2760925990,621705262916232.0000
464357027756211,0.2062159456,464357027756211.0000
1365228324313820,0.6062831678,-886571489240357.0000
456197308856184,0.2025923024,456197308856184.0000
224557943611329,0.0997237597,224557943611329.0000
1465604397362893,0.6508590988,-786195416191284.0000
195663616463621,0.0868921008,195663616463621.0000
2046454187239430,0.9088082231,-205345626314747.0000
385960124408690,0.1714007267,385960124408690.0000
1700346028588859,0.7551053244,-551453784965318.0000
1163756750309104,0.5168118157,-1088043063245073.0000
1273602173280208,0.5655929828,-978197640273969.0000
203403456854696,0.0903292804,203403456854696.0000
215315833034947,0.0956194382,215315833034947.0000
1589596295203380,0.7059225628,-662203518350797.0000
317116155822472,0.1408278631,317116155822472.0000
1249436434870764,0.5548612392,-1002363378683413.0000
35085397559558,0.0155810465,35085397559558.0000
57691399571540,0.0256201281,57691399571540.0000
1900806824720095,0.8441278009,-350992988834082.0000
1586605424761571,0.7045943495,-665194388792606.0000
1547536198193597,0.6872441275,-704263615360580.0000
1512288600340192,0.6715910496,-739511213213985.0000
133570561022274,0.0593172449,133570561022274.0000
2163066260782100,0.9605943867,-88733552772077.0000
72508863154487,0.0322004037,72508863154487.0000
1074047119768870,0.4769727368,1074047119768870.0000
985400823854779,0.4376058733,985400823854779.0000
1535765505044772,0.6820168897,-716034308509405.0000
803564267315727,0.3568542206,803564267315727.0000
1117704536220149,0.4963605244,1117704536220149.0000
1442995041150749,0.6408185277,-808804772403428.0000
1424247767886478,0.6324930659,-827552045667699.0000
1498214531382628,0.6653409075,-753585282171549.0000
1423723788490027,0.6322603723,-828076025064150.0000
992895069695791,0.4409339870,992895069695791.0000
823870363181621,0.3658719386,823870363181621.0000
2233894032288798,0.9920482357,-17905781265379.0000
705330942790326,0.3132298611,705330942790326.0000
1622413604588673,0.7204963758,-629386208965504.0000
1133355775405010,0.5033110708,-1118444038149167.0000
2251246794705084,0.9997544103,-553018849093.0000
647125382846218,0.2873814000,647125382846218.0000
230039690877846,0.1021581446,230039690877846.0000
1903880257528690,0.8454926793,-347919556025487.0000
1576487080962865,0.7001009022,-675312732591312.0000
1941304462744897,0.8621123650,-310495350809280.0000
276399727674758,0.1227461367,276399727674758.0000
1265857555907601,0.5621536818,-985942257646576.0000
1078239833083790,0.4788346755,1078239833083790.0000
2004025421196177,0.8899660659,-247774392358000.0000
851544072485561,0.3781615343,851544072485561.0000
733264978645952,0.3256350650,733264978645952.0000
2014563135548498,0.8946457511,-237236678005679.0000
232218439419419,0.1031257033,232218439419419.0000
2033240378437264,0.9029401131,-218559435116913.0000
831071328852952,0.3690698098,831071328852952.0000
241566415783030,0.1072770387,241566415783030.0000
488727925081258,0.2170387981,488727925081258.0000
2156453149920014,0.9576575755,-95346663634163.0000
1864053678979278,0.8278061255,-387746134574899.0000
1190199540342952,0.5285547735,-1061600273211225.0000
875156019870715,0.3886473454,875156019870715.0000
1952920578916849,0.8672709568,-298879234637328.0000
2214880876071024,0.9836046982,-36918937483153.0000
19737302478804,0.0087651231,19737302478804.0000
1968108480426031,0.8740157400,-283691333128146.0000
1324425131767962,0.5881629103,-927374681786215.0000
839678849221966,0.3728923167,839678849221966.0000
1962480365257961,0.8715163548,-289319448296216.0000
1103456985806077,0.4900333410,1103456985806077.0000
818286148441986,0.3633920491,818286148441986.0000
942016350948895,0.4183392970,942016350948895.0000
1098009206192720,0.4876140408,1098009206192720.0000
1944420492545124,0.8634961602,-307379321009053.0000
1044694000429908,0.4639373332,1044694000429908.0000
601754508026129,0.2672326840,601754508026129.0000
58489860621432,0.0259747160,58489860621432.0000
262132100879174,0.1164100376,262132100879174.0000
678906416981309,0.3014950143,678906416981309.0000
358864153107942,0.1593676982,358864153107942.0000
1211031697464743,0.5378061097,-1040768116089434.0000
122120449719988,0.0542323740,122120449719988.0000
823588756380582,0.3657468801,823588756380582.0000
1819393355900166,0.8079729579,-432406457654011.0000
1403476629839276,0.6232688276,-848323183714901.0000
2068171890640639,0.9184528208,-183627922913538.0000
2132558532676855,0.9470462338,-119241280877322.0000
660525008588275,0.2933320292,660525008588275.0000
266062369813248,0.1181554276,266062369813248.0000
1272844394072200,0.5652564613,-978955419481977.0000
1887365041848554,0.8381584502,-364434771705623.0000
1451047098803864,0.6443943596,-800752714750313.0000
1514502567594887,0.6725742486,-737297245959290.0000
1904118271616646,0.8455983788,-347681541937531.0000
545731728947409,0.2423535723,545731728947409.0000
458135383535483,0.2034529805,458135383535483.0000
716812996964118,0.3183289175,716812996964118.0000
1975369674747079,0.8772403581,-276430138807098.0000
843242903045375,0.3744750745,843242903045375.0000
2133889760280276,0.9476374176,-117910053273901.0000
900007443786370,0.3996835946,900007443786370.0000
1221992407440021,0.5426736427,-1029807406114156.0000
622611081550338,0.2764948633,622611081550338.0000
533415194908869,0.2368839324,533415194908869.0000
84632283442925,0.0375842839,84632283442925.0000
1460592421949139,0.6486333346,-791207391605038.0000
1100401853094088,0.4886765895,1100401853094088.0000
1800344928123252,0.7995137566,-451454885430925.0000
1266133435960775,0.5622761972,-985666377593402.0000
469019034333469,0.2082862924,469019034333469.0000
1919711303257697,0.8525230759,-332088510296480.0000
17824391729130,0.0079156200,17824391729130.0000
606522249063846,0.2693499864,606522249063846.0000
1340525904196447,0.5953130896,-911273909357730.0000
2080664540641028,0.9240006719,-171135272913149.0000
519043770417791,0.2305017379,519043770417791.0000
1882056382770404,0.8358009320,-369743430783773.0000
1219375220651348,0.5415113783,-1032424592902829.0000
1891344266382145,0.8399255809,-360455547172032.0000
12572669838958,0.0055833870,12572669838958.0000
1578150879417314,0.7008397771,-673648934136863.0000
1628266371405282,0.7230955263,-623533442148895.0000
626465633288163,0.2782066281,626465633288163.0000
699369195899557,0.3105823136,699369195899557.0000
2148042743417186,0.9539226047,-103757070136991.0000
1290123334499099,0.5729298523,-961676479055078.0000
2103308603900267,0.9340566560,-148491209653910.0000
2053459216344301,0.9119190809,-198340597209876.0000
1480789497633946,0.6576026380,-771010315920231.0000
381228956068036,0.1692996659,381228956068036.0000
1032226347214228,0.4584005829,1032226347214228.0000
805428419985125,0.3576820706,805428419985125.0000
937623555860836,0.4163885041,937623555860836.0000
308822380443806,0.1371446869,308822380443806.0000
201871096494275,0.0896487757,201871096494275.0000
1678859732832915,0.7455634922,-572940080721262.0000
2140603683863551,0.9506189986,-111196129690626.0000
2160332554305609,0.9593803771,-91467259248568.0000
217355946226394,0.0965254304,217355946226394.0000
1295532361006835,0.5753319426,-956267452547342.0000
2098088967450614,0.9317386718,-153710846103563.0000
1776096962813417,0.7887454969,-475702850740760.0000
970242704115579,0.4308743159,970242704115579.0000
1245539732921323,0.5531307559,-1006260080632854.0000
2221096226720060,0.9863648684,-30703586834117.0000
827508411160270,0.3674875565,827508411160270.0000
62044028266765,0.0275530835,62044028266765.0000
2213590782880967,0.9830317818,-38209030673210.0000
1443980179934951,0.6412560172,-807819633619226.0000
693218054324909,0.3078506580,693218054324909.0000
2190920094869208,0.9729639738,-60879718684969.0000
785109338695113,0.3486585859,785109338695113.0000
1083873420081680,0.4813364907,1083873420081680.0000
1892884576109386,0.8406096158,-358915237444791.0000
1446835295649551,0.6425239433,-804964517904626.0000
287317479507649,0.1275945925,287317479507649.0000
799728368344540,0.3551507392,799728368344540.0000
2170138148142393,0.9637349355,-81661665411784.0000
2107770195982511,0.9360380009,-144029617571666.0000
186051308425272,0.0826233786,186051308425272.0000
33515231741019,0.0148837528,33515231741019.0000
2126227868494887,0.9442348541,-125571945059290.0000
118144658189682,0.0524667679,118144658189682.0000
1266133389605459,0.5622761766,-985666423948718.0000
167814696406315,0.0745246959,167814696406315.0000
1939678291197051,0.8613901998,-312121522357126.0000
664727172178078,0.2951981647,664727172178078.0000
998936237864495,0.4436168046,998936237864495.0000
923813764593289,0.4102557248,923813764593289.0000
877826595834138,0.3898333194,877826595834138.0000
2007613835799908,0.8915596421,-244185977754269.0000
710771347205104,0.3156458860,710771347205104.0000
1960529784731825,0.8706501230,-291270028822352.0000
303696004159623,0.1348681185,303696004159623.0000
1298293176547038,0.5765579910,-953506637007139.0000
976609851148609,0.4337018972,976609851148609.0000
785663631926089,0.3489047415,785663631926089.0000
1936017077302434,0.8597642942,-315782736251743.0000
1695065008699868,0.7527600804,-556734804854309.0000
113751769556483,0.0505159335,113751769556483.0000
69579218904549,0.0308993803,69579218904549.0000
506931294393936,0.2251227180,506931294393936.0000
1237702901549063,0.5496505036,-1014096912005114.0000
850588871437349,0.3777373398,850588871437349.0000
1853121750412346,0.8229513739,-398678063141831.0000
1480867556797979,0.6576373032,-770932256756198.0000
758448105442630,0.3368186199,758448105442630.0000
2082541394638195,0.9248341625,-169258418915982.0000
1603220031626122,0.7119727171,-648579781928055.0000
1389393718079874,0.6170147585,-862406095474303.0000
635851931497488,0.2823749819,635851931497488.0000
1825890018723793,0.8108580557,-425909794830384.0000
1073218995679494,0.4766049758,1073218995679494.0000
1376701859658803,0.6113784411,-875097953895374.0000
725131033296543,0.3220228676,725131033296543.0000
2126679472021947,0.9444354064,-125120341532230.0000
1341621484894230,0.5957996252,-910178328659947.0000
96601110110925,0.0428995107,96601110110925.0000
82828658853187,0.0367833137,82828658853187.0000
1897404260318023,0.8426167588,-354395553236154.0000
401112847227130,0.1781298874,401112847227130.0000
457954350624705,0.2033725857,457954350624705.0000
1825953266174206,0.8108861432,-425846547379971.0000
2088916655883726,0.9276653472,-162883157670451.0000
169960627927870,0.0754776810,169960627927870.0000
1283970032514503,0.5701972372,-967829781039674.0000
1844744190947886,0.8192309902,-407055622606291.0000
1507611702164071,0.6695140896,-744188111390106.0000
1514469546774565,0.6725595844,-737330266779612.0000
1540381748804783,0.6840669137,-711418064749394.0000
1132550612882930,0.5029535068,-1119249200671247.0000
377356292183444,0.1675798576,377356292183444.0000
486301682038749,0.2159613297,486301682038749.0000
1763812568251246,0.7832901298,-487987245302931.0000
229335425453463,0.1018453879,229335425453463.0000
1275065671621826,0.5662429067,-976734141932351.0000
1315224832741133,0.5840771568,-936574980813044.0000
2208059073805438,0.9805752094,-43740739748739.0000
2164786770387847,0.9613584464,-87013043166330.0000
278959475436849,0.1238828930,278959475436849.0000
1851263904031025,0.8221263244,-400535909523152.0000
1802837506201731,0.8006206837,-448962307352446.0000
698786869923701,0.3103237089,698786869923701.0000
606519843010202,0.2693489179,606519843010202.0000
1837570122530880,0.8160450638,-414229691023297.0000
2136345258840251,0.9487278780,-115454554713926.0000
1465522189579404,0.6508225912,-786277623974773.0000
761856348671515,0.3383321839,761856348671515.0000
104124138283044,0.0462404063,104124138283044.0000
1288016183541064,0.5719940893,-963783630013113.0000
1932860490087561,0.8583624878,-318939323466616.0000
2101279819784150,0.9331556949,-150519993770027.0000
1271512836024164,0.5646651307,-980286977530013.0000
103052305441938,0.0457644169,103052305441938.0000
1551062775220606,0.6888102423,-700737038333571.0000
700267227925021,0.3109811200,700267227925021.0000
1064404105478188,0.4726903782,1064404105478188.0000
940863018774054,0.4178271146,940863018774054.0000
690655033689537,0.3067124482,690655033689537.0000
1986751802498518,0.8822950382,-265048011055659.0000
337780375470943,0.1500046201,337780375470943.0000
1999726768211149,0.8880570805,-252073045343028.0000
1473341037817546,0.6542948574,-778458775736631.0000
1382237909184694,0.6138369410,-869561904369483.0000
1832726408723934,0.8138940228,-419073404830243.0000
852064054019323,0.3783924525,852064054019323.0000
1739526901368172,0.7725051272,-512272912186005.0000
1571433680890489,0.6978567417,-680366132663688.0000
357207693812273,0.1586320825,357207693812273.0000
1185417939251863,0.5264313160,-1066381874302314.0000
1053646888219962,0.4679132141,1053646888219962.0000
1829541174343477,0.8124794945,-422258639210700.0000
382512551915261,0.1698696969,382512551915261.0000
854181153965769,0.3793326338,854181153965769.0000
997000203048038,0.4427570324,997000203048038.0000
1937106251769269,0.8602479848,-314693561784908.0000
1900704145445937,0.8440822022,-351095668108240.0000
743460648147775,0.3301628518,743460648147775.0000
290788711170043,0.1291361290,290788711170043.0000
670345149023013,0.2976930476,670345149023013.0000
190531481898885,0.0846129753,190531481898885.0000
1932806696757736,0.8583385988,-318993116796441.0000
260485774913679,0.1156789220,260485774913679.0000
1513365445548908,0.6720692650,-738434368005269.0000
1554433468647445,0.6903071309,-697366344906732.0000
25066732720259,0.0111318655,25066732720259.0000
1049313413912084,0.4659887649,1049313413912084.0000
1705107783519974,0.7572199683,-546692030034203.0000
1301683158433221,0.5780634453,-950116655120956.0000
446471378621251,0.1982731218,446471378621251.0000
1187710184264821,0.5274492773,-1064089629289356.0000
94212463325631,0.0418387384,94212463325631.0000
413749683685925,0.1837417701,413749683685925.0000
996026346931196,0.4423245534,996026346931196.0000
1739766190278850,0.7726113928,-512033623275327.0000
242800525839568,0.1078250937,242800525839568.0000
1910112053019370,0.8482601524,-341687760534807.0000
1001505120163345,0.4447576175,1001505120163345.0000
1353814651731358,0.6012144790,-897985161822819.0000
98284564157061,0.0436471144,98284564157061.0000
493366645475383,0.2190988038,493366645475383.0000
905879694228987,0.4022913977,905879694228987.0000
2228089564138036,0.9894705341,-23710249416141.0000
1878528089192704,0.8342340549,-373271724361473.0000
840732744526210,0.3733603402,840732744526210.0000
284137046290296,0.1261821964,284137046290296.0000
249357946759574,0.1107371736,249357946759574.0000
391424337971174,0.1738273250,391424337971174.0000
130681919808107,0.0580344305,130681919808107.0000
2197275322299336,0.9757862618,-54524491254841.0000
1310504509476447,0.5819809122,-941295304077730.0000
2112713402079892,0.9382332254,-139086411474285.0000
1363847365673918,0.6056698990,-887952447880259.0000
990823825190244,0.4400141697,990823825190244.0000
1039560524401818,0.4616576119,1039560524401818.0000
2038622503615849,0.9053302569,-213177309938328.0000
1254923597678254,0.5572980289,-996876215875923.0000
1635597319014088,0.7263511211,-616202494540089.0000
1143954959853081,0.5080180543,-1107844853701096.0000
2047779143170004,0.9093966217,-204020670384173.0000
495248187873568,0.2199343764,495248187873568.0000
723492430697163,0.3212951819,723492430697163.0000
402040054509563,0.1785416501,402040054509563.0000
2058342725470050,0.9140877946,-193457088084127.0000
1414104129372365,0.6279883855,-837695684181812.0000
819692899167026,0.3640167719,819692899167026.0000
1832895332539669,0.8139690400,-418904481014508.0000
661780562326246,0.2938896070,661780562326246.0000
2044221415765062,0.9078166733,-207578397789115.0000
2147549100607927,0.9537033833,-104250712946250.0000
2074934766815179,0.9214561411,-176865046738998.0000
1905537076414815,0.8462284547,-346262737139362.0000
461636205187871,0.2050076576,461636205187871.0000
2149827155921114,0.9547150430,-101972657633063.0000
756168674457223,0.3358063492,756168674457223.0000
153657429801161,0.0682376066,153657429801161.0000
2214538000821334,0.9834524310,-37261812732843.0000
1884494193694380,0.8368835375,-367305619859797.0000
1820871009972809,0.8086291681,-430928803581368.0000
797754465771374,0.3542741504,797754465771374.0000
687135396380408,0.3051494153,687135396380408.0000
140268671683709,0.0622918036,140268671683709.0000
812808018815712,0.3609592709,812808018815712.0000
1319622117460111,0.5860299435,-932177696094066.0000
753415809706460,0.3345838316,753415809706460.0000
58386002102931,0.0259285935,58386002102931.0000
537806828769937,0.2388342097,537806828769937.0000
1253348601761280,0.5565985903,-998451211792897.0000
1709641617922188,0.7592333953,-542158195631989.0000
277119590319901,0.1230658199,277119590319901.0000
1064344356939290,0.4726638445,1064344356939290.0000
1683384224926036,0.7475727704,-568415588628141.0000
694911883642400,0.3086028693,694911883642400.0000
357535343822980,0.1587775883,357535343822980.0000
1905995824364777,0.8464321797,-345803989189400.0000
1523967658863291,0.6767775935,-727832154690886.0000
1499120709753410,0.6657433315,-752679103800767.0000
1430261697262819,0.6351637871,-821538116291358.0000
2057807628981099,0.9138501640,-193992184573078.0000
1419707969410039,0.6304769904,-832091844144138.0000
589095390569872,0.2616109065,589095390569872.0000
672875392905188,0.2988167016,672875392905188.0000
2127157126450968,0.9446475276,-124642687103209.0000
1246794903735384,0.5536881637,-1005004909818793.0000
2088007119119027,0.9272614317,-163792694435150.0000
669027532740279,0.2971079084,669027532740279.0000
1130512310990099,0.5020483189,-1121287502564078.0000
220557071885857,0.0979470158,220557071885857.0000
1929225484203225,0.8567482210,-322574329350952.0000
1484619409681944,0.6593034606,-767180403872233.0000
1459799368549425,0.6482811482,-792000445004752.0000
1192835405329411,0.5297253327,-1058964408224766.0000
473236652390137,0.2101592910,473236652390137.0000
1685499993760117,0.7485123605,-566299819794060.0000
935573744017646,0.4154782048,935573744017646.0000
1237960760020262,0.5497650158,-1013839053533915.0000
2052553121465530,0.9115166939,-199246692088647.0000
1450082047003805,0.6439657905,-801717766550372.0000
81114521551529,0.0360220838,81114521551529.0000
1522235543114982,0.6760083796,-729564270439195.0000
675109033450721,0.2998086372,675109033450721.0000
2012523012536872,0.8937397545,-239276801017305.0000
588505250722247,0.2613488318,588505250722247.0000
1420662881371252,0.6309010565,-831136932182925.0000
1528682905956563,0.6788715839,-723116907597614.0000
1520757517675956,0.6753520044,-731042295878221.0000
1792945303846207,0.7962276633,-458854509707970.0000
761860966069518,0.3383342345,761860966069518.0000
614774926315503,0.2730149113,614774926315503.0000
1576996995861359,0.7003273499,-674802817692818.0000
1285115868309283,0.5707060906,-966683945244894.0000
641541528175213,0.2849016703,641541528175213.0000
1178296911721571,0.5232689445,-1073502901832606.0000
834782375221965,0.3707178454,834782375221965.0000
1431272908482574,0.6356128550,-820526905071603.0000
1201919933216193,0.5337596735,-1049879880337984.0000
1234746246231307,0.5483374849,-1017053567322870.0000
1879852090222575,0.8348220294,-371947723331602.0000
1186993454487065,0.5271309853,-1064806359067112.0000
1477509699389138,0.6561461150,-774290114165039.0000
2111845221951479,0.9378476760,-139954591602698.0000
1546121956789556,0.6866160782,-705677856764621.0000
1944350683062415,0.8634651586,-307449130491762.0000
1858438154495050,0.8253123316,-393361659059127.0000
1692827881498054,0.7517665964,-558971932056123.0000
2187103050227830,0.9712688655,-64696763326347.0000
1350276809320534,0.5996433614,-901523004233643.0000
311199435964367,0.1382003116,311199435964367.0000
635513889737184,0.2822248612,635513889737184.0000
392279598423197,0.1742071369,392279598423197.0000
1738569906589714,0.7720801361,-513229906964463.0000
728154218838774,0.3233654317,728154218838774.0000
1906990419265378,0.8468738685,-344809394288799.0000
791329418829547,0.3514208564,791329418829547.0000
690498242382026,0.3066428189,690498242382026.0000
307650389603043,0.1366242184,307650389603043.0000
278518472249549,0.1236870483,278518472249549.0000
285519018711584,0.1267959154,285519018711584.0000
1012913592080380,0.4498239968,1012913592080380.0000
3964750672199,0.0017607030,3964750672199.0000
644618669022406,0.2862681954,644618669022406.0000
230334569283410,0.1022890969,230334569283410.0000
1497874862887592,0.6651900644,-753924950666585.0000
617193621985564,0.2740890279,617193621985564.0000
1884090001438096,0.8367040401,-367709812116081.0000
820766527590343,0.3644935587,820766527590343.0000
450309240560908,0.1999774748,450309240560908.0000
1229417769270121,0.5459711658,-1022382044284056.0000
184815489222044,0.0820745646,184815489222044.0000
436901514427504,0.1940232483,436901514427504.0000
78267210592520,0.0347576237,78267210592520.0000
1126148577316912,0.5001104319,-1125651236237265.0000
1290865456338848,0.5732594206,-960934357215329.0000
31339824314892,0.0139176778,31339824314892.0000
2051238357742303,0.9109328216,-200561455811874.0000
886051552359594,0.3934859338,886051552359594.0000
1218505114609618,0.5411249736,-1033294698944559.0000
1618991491072674,0.7189766521,-632808322481503.0000
664689923636347,0.2951816230,664689923636347.0000
1925390209961466,0.8550450170,-326409603592711.0000
1163322930237317,0.5166191609,-1088476883316860.0000
2068342686702050,0.9185286695,-183457126852127.0000
1363454650070317,0.6054954983,-888345163483860.0000
300291494476512,0.1333562125,300291494476512.0000
1549686131268719,0.6881988896,-702113682285458.0000
1979211821499537,0.8789466140,-272587992054640.0000
1817032473570807,0.8069245155,-434767339983370.0000
1196302666725118,0.5312651060,-1055497146829059.0000
1622795540845664,0.7206659895,-629004272708513.0000
2100362941306929,0.9327485191,-151436872247248.0000
1141978756715063,0.5071404438,-1109821056839114.0000
668769687294018,0.2969934020,668769687294018.0000
688491587338075,0.3057516850,688491587338075.0000
507687137936298,0.2254583800,507687137936298.0000
5446809030525,0.0024188691,5446809030525.0000
2232777248138039,0.9915522840,-19022565416138.0000
332505675538272,0.1476621827,332505675538272.0000
227534992695992,0.1010458351,227534992695992.0000
1396425184589429,0.6201373569,-855374628964748.0000
1587872487446051,0.7051570383,-663927326108126.0000
1762539130405096,0.7827246098,-489260683149081.0000
732386023249099,0.3252447304,732386023249099.0000
2059773080893796,0.9147230000,-192026732660381.0000
621281485739697,0.2759044041,621281485739697.0000
579701088044810,0.2574389982,579701088044810.0000
1874434279862926,0.8324160383,-377365533691251.0000
198801070816271,0.0882854105,198801070816271.0000
320347943414076,0.1422630651,320347943414076.0000
1013719872156686,0.4501820571,1013719872156686.0000
1515781806292012,0.6731423447,-736018007262165.0000
692361919507305,0.3074704578,692361919507305.0000
20395409486353,0.0090573813,20395409486353.0000
1152294126910636,0.5117213884,-1099505686643541.0000
95663050689377,0.0424829286,95663050689377.0000
789064251864292,0.3504149202,789064251864292.0000
1565992663284938,0.6954404445,-685807150269239.0000
243637338439860,0.1081967131,243637338439860.0000
808461487636279,0.3590290233,808461487636279.0000
2247282213584990,0.9979937826,-4517599969187.0000
620576817500328,0.2755914686,620576817500328.0000
1323279823521035,0.5876542913,-928519990033142.0000
1262454115115395,0.5606422505,-989345698438782.0000
202059536400329,0.0897324599,202059536400329.0000
1309799758783194,0.5816679400,-942000054770983.0000
85394104054991,0.0379226002,85394104054991.0000
998448638983248,0.4434002672,998448638983248.0000
133292472379364,0.0591937487,133292472379364.0000
490432733201146,0.2177958850,490432733201146.0000
480221335834440,0.2132611136,480221335834440.0000
1612010536465340,0.7158764855,-639789277088837.0000
17135929737836,0.0076098815,17135929737836.0000
317891978394230,0.1411723975,317891978394230.0000
1937930545721352,0.8606140448,-313869267832825.0000
2057507360673257,0.9137168181,-194292452880920.0000
955057494393214,0.4241307281,955057494393214.0000
211491144195352,0.0939209351,211491144195352.0000
908164302392439,0.4033059675,908164302392439.0000
131459391592588,0.0583796973,131459391592588.0000
997203119179923,0.4428471453,997203119179923.0000
2171296902493214,0.9642495258,-80502911060963.0000
1974210313569554,0.8767254983,-277589499984623.0000
848033975182842,0.3766027380,848033975182842.0000
1418449456879365,0.6299180986,-833350356674812.0000
2233347676366885,0.9918056050,-18452137187292.0000
891840266745892,0.3960566394,891840266745892.0000
941500550190294,0.4181102354,941500550190294.0000
319125535637235,0.1417202070,319125535637235.0000
871420549474729,0.3869884633,871420549474729.0000
884538287223828,0.3928139091,884538287223828.0000
859988340455700,0.3819115426,859988340455700.0000
285452441649614,0.1267663493,285452441649614.0000
302056118063029,0.1341398628,302056118063029.0000
727234331957040,0.3229569199,727234331957040.0000
959043876572403,0.4259010374,959043876572403.0000
1166650853904460,0.5180970559,-1085148959649717.0000
1455018518993156,0.6461580245,-796781294561021.0000
1357359668555273,0.6027887827,-894440144998904.0000
1265895895957367,0.5621707082,-985903917596810.0000
771484735241849,0.3426080465,771484735241849.0000
1553421966127664,0.6898579335,-698377847426513.0000
1832583765048137,0.8138306763,-419216048506040.0000
517700329065080,0.2299051301,517700329065080.0000
1660535313452580,0.7374258153,-591264500101597.0000
1275616785731761,0.5664876505,-976183027822416.0000
1257913236354893,0.5586256952,-993886577199284.0000
1547603645018294,0.6872740799,-704196168535883.0000
1045763182264905,0.4644121453,1045763182264905.0000
1776118397737078,0.7887550159,-475681415817099.0000
170526348628545,0.0757289114,170526348628545.0000
112126160438356,0.0497940180,112126160438356.0000
1233917546979731,0.5479694685,-1017882266574446.0000
2072899237517730,0.9205521845,-178900576036447.0000
502886198878025,0.2233263347,502886198878025.0000
1882807403110686,0.8361344520,-368992410443491.0000
1704426828041700,0.7569175634,-547372985512477.0000
1389590705553587,0.6171022385,-862209108000590.0000
167223730921044,0.0742622545,167223730921044.0000
1638205689801323,0.7275094704,-613594123752854.0000
2103078323264128,0.9339543909,-148721490290049.0000
195157058367370,0.0866671439,195157058367370.0000
962656307505762,0.4275052790,962656307505762.0000
906640241920734,0.4026291487,906640241920734.0000
2179901995757150,0.9680709549,-71897817797027.0000
798092791310660,0.3544243971,798092791310660.0000
1733892000881128,0.7700027287,-517907812673049.0000
63652821411339,0.0282675312,63652821411339.0000
559732225805828,0.2485710419,559732225805828.0000
1970029226263490,0.8748687225,-281770587290687.0000
1403762549123004,0.6233958013,-848037264431173.0000
1716247857457474,0.7621671550,-535551956096703.0000
1228104288786465,0.5453878633,-1023695524767712.0000
380718313546448,0.1690728950,380718313546448.0000
1526195940942379,0.6777671495,-725603872611798.0000
18309735699241,0.0081311561,18309735699241.0000
1526247077563067,0.6777898588,-725552735991110.0000
1264166523967785,0.5614027128,-987633289586392.0000
1181010077440637,0.5244738321,-1070789736113540.0000
1947451123941768,0.8648420309,-304348689612409.0000
797871400837987,0.3543260800,797871400837987.0000
1032010286110361,0.4583046325,1032010286110361.0000
2160234584281356,0.9593368697,-91565229272821.0000
1685938759121292,0.7487072114,-565861054432885.0000
2204616098857518,0.9790462214,-47183714696659.0000
1998259218638587,0.8874053575,-253540594915590.0000
1772325957446517,0.7870708341,-479473856107660.0000
1090147141382226,0.4841225827,1090147141382226.0000
1965724490706331,0.8729570359,-286075322847846.0000
2087025255337194,0.9268253966,-164774558216983.0000
1414984752972578,0.6283794609,-836815060581599.0000
691602720903773,0.3071333059,691602720903773.0000
1525610255920356,0.6775070531,-726189557633821.0000
1200667987367751,0.5332036978,-1051131826186426.0000
214161962715926,0.0951070168,214161962715926.0000
1975117470655430,0.8771283570,-276682342898747.0000
2015266772990090,0.8949582289,-236533040564087.0000
1890415419391999,0.8395130899,-361384394162178.0000
350266534725132,0.1555495887,350266534725132.0000
308247814951593,0.1368895286,308247814951593.0000
1771506315852859,0.7867068401,-480293497701318.0000
512199900748190,0.2274624492,512199900748190.0000
258484942089303,0.1147903737,258484942089303.0000
1983836486910999,0.8810003780,-267963326643178.0000
1364066698341430,0.6057673023,-887733115212747.0000
1397240070312695,0.6204992388,-854559743241482.0000
1178704155677004,0.5234497972,-1073095657877173.0000
1788346299217397,0.7941852950,-463453514336780.0000
141695345796429,0.0629253742,141695345796429.0000
1352859107424243,0.6007901321,-898940706129934.0000
2050602633366846,0.9106505032,-201197180187331.0000
1905949099754966,0.8464114298,-345850713799211.0000
2170105199646603,0.9637203035,-81694613907574.0000
1677623091400469,0.7450143131,-574176722153708.0000
1078908797347957,0.4791317553,1078908797347957.0000
288501663496156,0.1281204758,288501663496156.0000
921586851156128,0.4092667766,921586851156128.0000
1694959008895628,0.7527130070,-556840804658549.0000
1391699097579782,0.6180385526,-860100715974395.0000
1799116515972812,0.7989682321,-452683297581365.0000
985488356030362,0.4376447454,985488356030362.0000
1262325474074313,0.5605851224,-989474339479864.0000
1121532361160652,0.4980604201,1121532361160652.0000
759470285639172,0.3372725591,759470285639172.0000
2009364548791303,0.8923371148,-242435264762874.0000
257634692815369,0.1144127872,257634692815369.0000
699306352294592,0.3105544055,699306352294592.0000
1779440724402915,0.7902304253,-472359089151262.0000
1298086763800985,0.5764663253,-953713049753192.0000
13227345489242,0.0058741214,13227345489242.0000
104988416608698,0.0466242230,104988416608698.0000
848548239542325,0.3768311172,848548239542325.0000
852816777206519,0.3787267288,852816777206519.0000
274600952744235,0.1219473201,274600952744235.0000
1518872594549666,0.6745149304,-732927219004511.0000
1478326167937062,0.6565086999,-773473645617115.0000
224308023170595,0.0996127728,224308023170595.0000
378868449167904,0.1682513902,378868449167904.0000
1981587729223696,0.8800017290,-270212084330481.0000
1652530683906936,0.7338710457,-599269129647241.0000
1553962339539788,0.6900979075,-697837474014389.0000
1806850094863590,0.8024026310,-444949718690587.0000
1617063698504643,0.7181205402,-634736115049534.0000
1334634969903674,0.5926969893,-917164843650503.0000
2196033682820725,0.9752348631,-55766130733452.0000
1722448561719438,0.7649208208,-529351251834739.0000
184113230468645,0.0817626990,184113230468645.0000
1020888427175992,0.4533655350,1020888427175992.0000
1582567076597673,0.7028009626,-669232736956504.0000
1634886531556821,0.7260354680,-616913281997356.0000
343244517432604,0.1524311865,343244517432604.0000
1655051073269504,0.7349903234,-596748740284673.0000
1687155518756060,0.7492475613,-564644294798117.0000
1472455545022643,0.6539016196,-779344268531534.0000
2026291064118256,0.8998539976,-225508749435921.0000
2127196491805011,0.9446650093,-124603321749166.0000
1956325365185354,0.8687829857,-295474448368823.0000
20799197399262,0.0092366991,20799197399262.0000
1446647797794312,0.6424406775,-805152015759865.0000
1861386249819105,0.8266215490,-390413563735072.0000
1958469396308002,0.8697351268,-293330417246175.0000
1734196419900141,0.7701379179,-517603393654036.0000
1801239194909997,0.7999108909,-450560618644180.0000
1780162074449062,0.7905507691,-471637739105115.0000
1422731170751482,0.6318195615,-829068642802695.0000
990340076461134,0.4397993421,990340076461134.0000
699698556448422,0.3107285791,699698556448422.0000
1640330835951696,0.7284532249,-611468977602481.0000
1778665749292808,0.7898862672,-473134064261369.0000
2175998489446642,0.9663374499,-75801324107535.0000
1780753674108624,0.7908134921,-471046139445553.0000
532650708509263,0.2365444323,532650708509263.0000
1189183977943586,0.5281037732,-1062615835610591.0000
1501432935653080,0.6667701661,-750366877901097.0000
921532286308421,0.4092425449,921532286308421.0000
2022155969019850,0.8980176465,-229643844534327.0000
2246593936604194,0.9976881262,-5205876949983.0000
107781472668866,0.0478645890,107781472668866.0000
2111733547990638,0.9377980828,-140066265563539.0000
1967366403418838,0.8736861916,-284433410135339.0000
1065376969417680,0.4731224166,1065376969417680.0000
597060624645557,0.2651481810,597060624645557.0000
2035633911600165,0.9040030554,-216165901954012.0000
1896691045945792,0.8423000280,-355108767608385.0000
486792552575769,0.2161793200,486792552575769.0000
1908537237804769,0.8475607940,-343262575749408.0000
44483530927835,0.0197546561,44483530927835.0000
281954590117778,0.1252129911,281954590117778.0000
380611847467592,0.1690256146,380611847467592.0000
1176956589698521,0.5226737220,-1074843223855656.0000
1732682817424837,0.7694657434,-519116996129340.0000
1283298300068543,0.5698989281,-968501513485634.0000
137913318602295,0.0612458167,137913318602295.0000
1619085836745225,0.7190185500,-632713976808952.0000
145353570035362,0.0645499521,145353570035362.0000
1350786354341598,0.5998696448,-901013459212579.0000
1680632730819638,0.7463508615,-571167082734539.0000
205701930398480,0.0913500077,205701930398480.0000
727055763925887,0.3228776197,727055763925887.0000
433436838068230,0.1924846229,433436838068230.0000
2153694867330189,0.9564326519,-98104946223988.0000
1209411322151049,0.5370865185,-1042388491403128.0000
1943334700444017,0.8630139716,-308465113110160.0000
1660424099250526,0.7373764263,-591375714303651.0000
849910372723458,0.3774360259,849910372723458.0000
2110129614016008,0.9370857930,-141670199538169.0000
828700448147323,0.3680169272,828700448147323.0000
1081450717063819,0.4802605945,1081450717063819.0000
2048624650089966,0.9097721022,-203175163464211.0000
1823723634203279,0.8098959877,-428076179350898.0000
1595068063378604,0.7083525160,-656731750175573.0000
410020636444566,0.1820857405,410020636444566.0000
1674950655779296,0.7438275133,-576849157774881.0000
856761299683964,0.3804784486,856761299683964.0000
1744458186780554,0.7746950578,-507341626773623.0000
387166317047913,0.1719363838,387166317047913.0000
1424712127108203,0.6326992828,-827087686445974.0000
842694474721259,0.3742315234,842694474721259.0000
726479285924769,0.3226216121,726479285924769.0000
536289599871956,0.2381604247,536289599871956.0000
874381515798466,0.3883033965,874381515798466.0000
432812334064335,0.1922072875,432812334064335.0000
1735154895343535,0.7705635665,-516644918210642.0000
558545717021887,0.2480441262,558545717021887.0000
985821447741953,0.4377926678,985821447741953.0000
398624119311183,0.1770246702,398624119311183.0000
529114655570385,0.2349741093,529114655570385.0000
1963845876302974,0.8721227635,-287953937251203.0000
404954721195884,0.1798360222,404954721195884.0000
1700467736978051,0.7551593737,-551332076576126.0000
2223420292013180,0.9873969607,-28379521540997.0000
764076399532248,0.3393180846,764076399532248.0000
2089992164323601,0.9281429689,-161807649230576.0000
441807096696573,0.1962017645,441807096696573.0000
290613188378326,0.1290581812,290613188378326.0000
2058064778190382,0.9139643612,-193735035363795.0000
587789388622399,0.2610309252,587789388622399.0000
1339013479683895,0.5946414382,-912786333870282.0000
1644364241613684,0.7302444168,-607435571940493.0000
2233724420161177,0.9919729128,-18075393393000.0000
1090768952655080,0.4843987223,1090768952655080.0000
723212331598133,0.3211707929,723212331598133.0000
825464375688185,0.3665798224,825464375688185.0000
1412797098403640,0.6274079471,-839002715150537.0000
2225735708710693,0.9884252123,-26064104843484.0000
135959745152195,0.0603782558,135959745152195.0000
383543212142711,0.1703274020,383543212142711.0000
746342896016825,0.3314428270,746342896016825.0000
482307789358256,0.2141876851,482307789358256.0000
1426476790501568,0.6334829508,-825323023052609.0000
116618107191106,0.0517888431,116618107191106.0000
1382781592039908,0.6140783846,-869018221514269.0000
67924851884898,0.0301646938,67924851884898.0000
2201312780741169,0.9775792535,-50487032813008.0000
716635752004678,0.3182502049,716635752004678.0000
262718367795700,0.1166703924,262718367795700.0000
837357021577002,0.3718612181,837357021577002.0000
1065384567135699,0.4731257906,1065384567135699.0000
1863563601007729,0.8275884871,-388236212546448.0000
825057137137638,0.3663989721,825057137137638.0000
477702535499527,0.2121425415,477702535499527.0000
1994528150600726,0.8857484305,-257271662953451.0000
1456668645262260,0.6468908277,-795131168291917.0000
1330498641177553,0.5908600903,-921301172376624.0000
207906897404174,0.0923292098,207906897404174.0000
1791012447940030,0.7953693029,-460787365614147.0000
1226121938653683,0.5445075229,-1025677874900494.0000
206446692190357,0.0916807484,206446692190357.0000
1286834252816730,0.5714692066,-964965560737447.0000
1210723834679810,0.5376693911,-1041075978874367.0000
116943644748713,0.0519334108,116943644748713.0000
2070236126068511,0.9193695255,-181563687485666.0000
591125034682051,0.2625122496,591125034682051.0000
1973470742427927,0.8763970627,-278329071126250.0000
1886579782772111,0.8378097251,-365220030782066.0000
2035757054169431,0.9040577417,-216042759384746.0000
1579048880458532,0.7012385697,-672750933095645.0000
236962777091649,0.1052326124,236962777091649.0000
661088853226128,0.2935824265,661088853226128.0000
1427422917135871,0.6339031154,-824376896418306.0000
399681669921321,0.1774943170,399681669921321.0000
272647476593589,0.1210798025,272647476593589.0000
822205572046247,0.3651326228,822205572046247.0000
337056971383312,0.1496833641,337056971383312.0000
768248572312170,0.3411709015,768248572312170.0000
1326529024740484,0.5890972265,-925270788813693.0000
1953827505207005,0.8676737130,-297972308347172.0000
677364820257338,0.3008104078,677364820257338.0000
140536923156093,0.0624109312,140536923156093.0000
736926899164761,0.3272612844,736926899164761.0000
1579831304561154,0.7015860358,-671968508993023.0000
818128748785014,0.3633221496,818128748785014.0000
667841590968575,0.2965812445,667841590968575.0000
743842056723936,0.3303322312,743842056723936.0000
1225584871432827,0.5442690172,-1026214942121350.0000
708520666045908,0.3146463828,708520666045908.0000
1285567262456195,0.5709065498,-966232551097982.0000
2182506947936740,0.9692277861,-69292865617437.0000
1037272040076917,0.4606413207,1037272040076917.0000
1697696054838300,0.7539284996,-554103758715877.0000
1046614857563672,0.4647903651,1046614857563672.0000
184706020375662,0.0820259506,184706020375662.0000
1666962164287766,0.7402799104,-584837649266411.0000
1251296009948109,0.5556870564,-1000503803606068.0000
1196467936548931,0.5313385006,-1055331877005246.0000
1547247263405369,0.6871158147,-704552550148808.0000
437131052536646,0.1941251837,437131052536646.0000
759345784820523,0.3372172696,759345784820523.0000
85231331105690,0.0378503145,85231331105690.0000
215163625996841,0.0955518447,215163625996841.0000
1687304216985525,0.7493135965,-564495596568652.0000
951669394445667,0.4226261094,951669394445667.0000
463785866565685,0.2059622990,463785866565685.0000
2128294948788561,0.9451528222,-123504864765616.0000
1387816628604603,0.6163143900,-863983184949574.0000
212696308955191,0.0944561358,212696308955191.0000
441767395182798,0.1961841335,441767395182798.0000
812116480654002,0.3606521662,812116480654002.0000
1305960356707866,0.5799629029,-945839456846311.0000
1622837058045834,0.7206844269,-628962755508343.0000
1699064609839658,0.7545362601,-552735203714519.0000
828464349791327,0.3679120785,828464349791327.0000
582352081457790,0.2586162757,582352081457790.0000
2056112803045810,0.9130975101,-195687010508367.0000
2036885758824760,0.9045589872,-214914054729417.0000
1176553442326428,0.5224946886,-1075246371227749.0000
357118840032160,0.1585926235,357118840032160.0000
166587893611477,0.0739798860,166587893611477.0000
1434774963614482,0.6371680799,-817024849939695.0000
111948597306510,0.0497151641,111948597306510.0000
362564881719534,0.1610111519,362564881719534.0000
1323434419854067,0.5877229458,-928365393700110.0000
1251996345665095,0.5559980679,-999803467889082.0000
1958819005837287,0.8698903846,-292980807716890.0000
1254801957638042,0.5572440099,-996997855916135.0000
1952546997313279,0.8671050533,-299252816240898.0000
491012555798976,0.2180533779,491012555798976.0000
185547007850428,0.0823994241,185547007850428.0000
758774257238456,0.3369634604,758774257238456.0000
196395427032330,0.0872170900,196395427032330.0000
2091705977465382,0.9289040548,-160093836088795.0000
782219012541363,0.3473750232,782219012541363.0000
667792674827597,0.2965595213,667792674827597.0000
242133027892884,0.1075286650,242133027892884.0000
2250945440659046,0.9996205822,-854372895131.0000
2200730861761323,0.9773208295,-51068951792854.0000
959362222644727,0.4260424114,959362222644727.0000
1882020035579986,0.8357847906,-369779777974191.0000
1457407730344407,0.6472190474,-794392083209770.0000
1467939518052842,0.6518961007,-783860295501335.0000
290029736907758,0.1287990767,290029736907758.0000
1400166816362355,0.6217989752,-851632997191822.0000
1949166170216357,0.8656036644,-302633643337820.0000
1108060697472346,0.4920777996,1108060697472346.0000
524195124039749,0.2327893985,524195124039749.0000
1272533597211394,0.5651184397,-979266216342783.0000
581582517522611,0.2582745207,581582517522611.0000
1944756466545678,0.8636453626,-307043347008499.0000
2035843343855399,0.9040960620,-215956469698778.0000
145191944322459,0.0644781758,145191944322459.0000
931582088453661,0.4137055536,931582088453661.0000
338641974895139,0.1503872471,338641974895139.0000
374528618701089,0.1663241184,374528618701089.0000
1195052481002223,0.5307099120,-1056747332551954.0000
468502240705861,0.2080567899,468502240705861.0000
257619646158735,0.1144061051,257619646158735.0000
364579638934110,0.1619058838,364579638934110.0000
2088971983347592,0.9276899175,-162827830206585.0000
26227430649494,0.0116473190,26227430649494.0000
1635432771349454,0.7262780472,-616367042204723.0000
118871070625013,0.0527893598,118871070625013.0000
1836989511031569,0.8157872205,-414810302522608.0000
1136571952883228,0.5047393405,-1115227860670949.0000
861829985089246,0.3827293971,861829985089246.0000
1334200842639802,0.5925041980,-917598970914375.0000
1868611895058787,0.8298303800,-383187918495390.0000
289850651849610,0.1287195470,289850651849610.0000
409252768735582,0.1817447387,409252768735582.0000
1203027143550746,0.5342513736,-1048772670003431.0000
1220125778584028,0.5418446930,-1031674034970149.0000
1131226294719894,0.5023653914,-1120573518834283.0000
983330733440121,0.4366865685,983330733440121.0000
1216286211269980,0.5401395825,-1035513602284197.0000
1843308953823142,0.8185936169,-408490859731035.0000
1857276888350963,0.8247966259,-394522925203214.0000
1310982840962380,0.5821933340,-940816972591797.0000
672888613726937,0.2988225728,672888613726937.0000
1287239178725026,0.5716490298,-964560634829151.0000
84692707623268,0.0376111176,84692707623268.0000
9868193978954,0.0043823585,9868193978954.0000
603758394512338,0.2681225884,603758394512338.0000
1117114241621569,0.4960983809,1117114241621569.0000
2193025707637892,0.9738990537,-58774105916285.0000
202237418845223,0.0898114555,202237418845223.0000
1104636250250546,0.4905570396,1104636250250546.0000
1019751539047514,0.4528606552,1019751539047514.0000
2046458747254546,0.9088102481,-205341066299631.0000
1995429078949970,0.8861485230,-256370734604207.0000
240868912138251,0.1069672849,240868912138251.0000
1373473150745842,0.6099446063,-878326662808335.0000
1715212421450904,0.7617073290,-536587392103273.0000
2075802340897906,0.9218414214,-175997472656271.0000
760073826106521,0.3375405849,760073826106521.0000
1553014187826716,0.6896768436,-698785625727461.0000
1687854638940388,0.7495580330,-563945174613789.0000
40313150130211,0.0179026350,40313150130211.0000
381508933786488,0.1694240010,381508933786488.0000
1261324908427133,0.5601407820,-990474905127044.0000
1855455816452722,0.8239879075,-396343997101455.0000
1100911966452850,0.4889031253,1100911966452850.0000
1246597137130571,0.5536003377,-1005202676423606.0000
1798431727360180,0.7986641248,-453368086193997.0000
801228668057162,0.3558170061,801228668057162.0000
860408325096429,0.3820980533,860408325096429.0000
2006744401422399,0.8911735357,-245055412131778.0000
159063334900220,0.0706383107,159063334900220.0000
53768257437686,0.0238779030,53768257437686.0000
289881441899043,0.1287332205,289881441899043.0000
2114553309096886,0.9390503083,-137246504457291.0000
1117501062840095,0.4962701640,1117501062840095.0000
1400433711174131,0.6219175003,-851366102380046.0000
980360621338935,0.4353675737,980360621338935.0000
937946876317051,0.4165320872,937946876317051.0000
1999182734033818,0.8878154808,-252617079520359.0000
592313984151841,0.2630402492,592313984151841.0000
39757636631573,0.0176559374,39757636631573.0000
60618919393699,0.0269202080,60618919393699.0000
1892217128547357,0.8403132095,-359582685006820.0000
892684196767425,0.3964314196,892684196767425.0000
1746864501763199,0.7757636763,-504935311790978.0000
227964219132370,0.1012364500,227964219132370.0000
1021780561307101,0.4537617221,1021780561307101.0000
406048250558955,0.1803216468,406048250558955.0000
1082105117766322,0.4805512068,1082105117766322.0000
1807416267579848,0.8026540622,-444383545974329.0000
432343344126269,0.1919990141,432343344126269.0000
2223364089542152,0.9873720018,-28435724012025.0000
1450042231694795,0.6439481090,-801757581859382.0000
1245282469628038,0.5530165080,-1006517343926139.0000
1635401153225551,0.7262640060,-616398660328626.0000
1168310310110111,0.5188340025,-1083489503444066.0000
1381273712611987,0.6134087517,-870526100942190.0000
865636650855219,0.3844198963,865636650855219.0000
743131959565668,0.3300168848,743131959565668.0000
549112667442717,0.2438550106,549112667442717.0000
794265256883983,0.3527246304,794265256883983.0000
1272193284449560,0.5649673105,-979606529104617.0000
113554651819294,0.0504283956,113554651819294.0000
1209382053301860,0.5370735205,-1042417760252317.0000
420551244384415,0.1867622698,420551244384415.0000
1058788173862767,0.4701964036,1058788173862767.0000
1563340166352052,0.6942624992,-688459647202125.0000
230518395599707,0.1023707322,230518395599707.0000
429823288393090,0.1908798845,429823288393090.0000
673989238889598,0.2993113486,673989238889598.0000
2183545397570296,0.9696889503,-68254415983881.0000
1924827824098109,0.8547952676,-326971989456068.0000
60051990861496,0.0266684412,60051990861496.0000
761120150102324,0.3380052461,761120150102324.0000
2167260094138289,0.9624568228,-84539719415888.0000
327697729421376,0.1455270257,327697729421376.0000
1250990567993790,0.5555514129,-1000809245560387.0000
802220097364395,0.3562572892,802220097364395.0000
347428212136744,0.1542891202,347428212136744.0000
2076577496633126,0.9221856597,-175222316921051.0000
688884304541878,0.3059260865,688884304541878.0000
616588190321793,0.2738201623,616588190321793.0000
929437809186262,0.4127533023,929437809186262.0000
335486261986003,0.1489858290,335486261986003.0000
197730274342951,0.0878098813,197730274342951.0000
1051214533153532,0.4668330314,1051214533153532.0000
1474697508152981,0.6548972512,-777102305401196.0000
628032554426724,0.2789024809,628032554426724.0000
1530340126389536,0.6796075376,-721459687164641.0000
1794109192293013,0.7967445336,-457690621261164.0000
2097760709350803,0.9315928959,-154039104203374.0000
42655231643678,0.0189427281,42655231643678.0000
1939339784134424,0.8612398724,-312460029419753.0000
1704804608301759,0.7570853315,-546995205252418.0000
1644413325075179,0.7302662142,-607386488478998.0000
1172202489058157,0.5205624772,-1079597324496020.0000
1905023127840528,0.8460002156,-346776685713649.0000
1508261664543414,0.6698027309,-743538149010763.0000
1762767750976959,0.7828261377,-489032062577218.0000
1190190825662715,0.5285509034,-1061608987891462.0000
1176162162546915,0.5223209255,-1075637651007262.0000
1630554298520421,0.7241115701,-621245515033756.0000
1654966859341806,0.7349529249,-596832954212371.0000
2229197966231582,0.9899627635,-22601847322595.0000
898583820050976,0.3990513787,898583820050976.0000
632939137254805,0.2810814414,632939137254805.0000
674874662935572,0.2997045558,674874662935572.0000
1131998546911008,0.5027083403,-1119801266643169.0000
600162903047151,0.2665258694,600162903047151.0000
378138839713448,0.1679273786,378138839713448.0000
2211000674120440,0.9818815424,-40799139433737.0000
2181551334284534,0.9688034083,-70248479269643.0000
1561162322512146,0.6932953423,-690637491042031.0000
772107747668828,0.3428847196,772107747668828.0000
352911361512310,0.1567241277,352911361512310.0000
511496037751882,0.2271498713,511496037751882.0000
1180805892119956,0.5243831556,-1070993921434221.0000
1182370100726787,0.5250778038,-1069429712827390.0000
1157583578726748,0.5140703768,-1094216234827429.0000
448734367797439,0.1992780908,448734367797439.0000
242919243081347,0.1078778147,242919243081347.0000
2195015004796229,0.9747824791,-56784808757948.0000
967063704826053,0.4294625566,967063704826053.0000
1961834596118043,0.8712295757,-289965217436134.0000
2117536451360472,0.9403750896,-134263362193705.0000
1885732993091510,0.8374336749,-366066820462667.0000
1893686969259910,0.8409659499,-358112844294267.0000
574719389771732,0.2552266797,574719389771732.0000
1938737876161591,0.8609725716,-313061937392586.0000
904387846677652,0.4016288843,904387846677652.0000
1203550422740204,0.5344837563,-1048249390813973.0000
452534381136743,0.2009656358,452534381136743.0000
1390697474027806,0.6175937424,-861102339526371.0000
822733228752085,0.3653669495,822733228752085.0000
656294844445432,0.2914534589,656294844445432.0000
666314099294922,0.2959029019,666314099294922.0000
2251136312951914,0.9997053465,-663500602263.0000
276678871608077,0.1228701015,276678871608077.0000
24177495597858,0.0107369649,24177495597858.0000
1165558239929272,0.5176118378,-1086241573624905.0000
1055400094666502,0.4686917941,1055400094666502.0000
151217113152819,0.0671538883,151217113152819.0000
519225578235734,0.2305824768,519225578235734.0000
1991729499011892,0.8845055795,-260070314542285.0000
1208711800036469,0.5367758682,-1043088013517708.0000
562411174034926,0.2497607339,562411174034926.0000
170034609764476,0.0755105355,170034609764476.0000
657815396815482,0.2921287198,657815396815482.0000
109131227825476,0.0484640007,109131227825476.0000
2052587131097183,0.9115317973,-199212682456994.0000
433715213160705,0.1926082463,433715213160705.0000
550489866826334,0.2444666100,550489866826334.0000
1258853455590756,0.5590432364,-992946357963421.0000
2155232352626894,0.9571154326,-96567460927283.0000
1873706841617474,0.8320929908,-378092971936703.0000
1765515076228649,0.7840461952,-486284737325528.0000
527227366604030,0.2341359847,527227366604030.0000
220598867075722,0.0979655766,220598867075722.0000
878764276810217,0.3902497334,878764276810217.0000
544216530569838,0.2416806891,544216530569838.0000
966407622586592,0.4291711975,966407622586592.0000
1578696738691615,0.7010821873,-673103074862562.0000
1537089954603770,0.6826050634,-714709858950407.0000
1479437531544668,0.6570022444,-772362282009509.0000
1617836125148425,0.7184635665,-633963688405752.0000
609248891854028,0.2705608590,609248891854028.0000
1364966784612125,0.6061670209,-886833028942052.0000
1491621937675411,0.6624132077,-760177875878766.0000
1292188419814234,0.5738469344,-959611393739943.0000
892797522057423,0.3964817461,892797522057423.0000
1215822521634226,0.5399336630,-1035977291919951.0000
530902516056792,0.2357680789,530902516056792.0000
1720036056220183,0.7638494532,-531763757333994.0000
2078837235805448,0.9231891855,-172962577748729.0000
1079480468035246,0.4793856281,1079480468035246.0000
1360858541356508,0.6043425944,-890941272197669.0000
2144802955130084,0.9524838497,-106996858424093.0000
450392896012156,0.2000146253,450392896012156.0000
1651299988995466,0.7333245074,-600499824558711.0000
450155821662834,0.1999093432,450155821662834.0000
53573816639383,0.0237915539,53573816639383.0000
2061970214807225,0.9156987235,-189829598746952.0000
632763821812622,0.2810035857,632763821812622.0000
230044872128331,0.1021604455,230044872128331.0000
1658637873849176,0.7365831829,-593161939705001.0000
2059415660733272,0.9145642736,-192384152820905.0000
979791160241879,0.4351146822,979791160241879.0000
446637821276979,0.1983470372,446637821276979.0000
343505253138129,0.1525469765,343505253138129.0000
276711731132628,0.1228846940,276711731132628.0000
2048621010282379,0.9097704858,-203178803271798.0000
1098491148288091,0.4878280661,1098491148288091.0000
971698996271562,0.4315210395,971698996271562.0000
1634558939440882,0.7258899879,-617240874113295.0000
1827878194556092,0.8117409832,-423921618998085.0000
1847284149199822,0.8203589582,-404515664354355.0000
465206328892141,0.2065931110,465206328892141.0000
91547419565131,0.0406552212,91547419565131.0000
123467162597102,0.0548304347,123467162597102.0000
1762637323083760,0.7827682161,-489162490470417.0000
373527258485025,0.1658794251,373527258485025.0000
881615927388236,0.3915161206,881615927388236.0000
2115170687538606,0.9393244794,-136629126015571.0000
1087650698898796,0.4830139395,1087650698898796.0000
121145664946218,0.0537994826,121145664946218.0000
1986816588732186,0.8823238091,-264983224821991.0000
853396811801754,0.3789843159,853396811801754.0000
603508678995757,0.2680116924,603508678995757.0000
901613689478299,0.4003969110,901613689478299.0000
1811240378516772,0.8043523086,-440559435037405.0000
2246845571329959,0.9977998745,-4954242224218.0000
204296374879265,0.0907258157,204296374879265.0000
1510168667395419,0.6706496103,-741631146158758.0000
260567781242603,0.1157153401,260567781242603.0000
2198363808100651,0.9762696466,-53436005453526.0000
1878522058112222,0.8342313765,-373277755441955.0000
1229138008745693,0.5458469271,-1022661804808484.0000
1661632241876123,0.7379129494,-590167571678054.0000
1072187720149532,0.4761469975,1072187720149532.0000
413062916759788,0.1834367843,413062916759788.0000
1969064498202,0.0008744403,1969064498202.0000
275112542812534,0.1221745118,275112542812534.0000
1228243937760928,0.5454498799,-1023555875793249.0000
638593485846150,0.2835924766,638593485846150.0000
14610398572188,0.0064883204,14610398572188.0000
153327017142033,0.0680908739,153327017142033.0000
1092309840632611,0.4850830141,1092309840632611.0000
734755478748769,0.3262969800,734755478748769.0000
1099955008112924,0.4884781505,1099955008112924.0000
510822654665310,0.2268508291,510822654665310.0000
2181089168428877,0.9685981655,-70710645125300.0000
1965240928179752,0.8727422910,-286558885374425.0000
194674780672198,0.0864529695,194674780672198.0000
970143345415323,0.4308301917,970143345415323.0000
1385053721004713,0.6150874126,-866746092549464.0000
1951783097222353,0.8667658135,-300016716331824.0000
760572484672800,0.3377620338,760572484672800.0000
642938308114836,0.2855219652,642938308114836.0000
1404533595709267,0.6237382148,-847266217844910.0000
1897253344042846,0.8425497385,-354546469511331.0000
104096509684296,0.0462281367,104096509684296.0000
1954145282653581,0.8678148346,-297654530900596.0000
1065436386999987,0.4731488033,1065436386999987.0000
1972858890603096,0.8761253459,-278940922951081.0000
1997574492101469,0.8871012779,-254225321452708.0000
944257494067918,0.4193345645,944257494067918.0000
1656284698146125,0.7355381629,-595515115408052.0000
1416587243870263,0.6290911099,-835212569683914.0000
961563503418856,0.4270199765,961563503418856.0000
849923332759081,0.3774417813,849923332759081.0000
604337699227509,0.2683798513,604337699227509.0000
1914789429195594,0.8503373247,-337010384358583.0000
1073997569341581,0.4769507320,1073997569341581.0000
550382191042571,0.2444187923,550382191042571.0000
664262189119698,0.2949916707,664262189119698.0000
710870801104843,0.3156900524,710870801104843.0000
892962505026744,0.3965550133,892962505026744.0000
2237519871039848,0.9936584316,-14279942514329.0000
818791093796136,0.3636162899,818791093796136.0000
2150211462678762,0.9548857095,-101588350875415.0000
913856651081364,0.4058338781,913856651081364.0000
1310815815282035,0.5821191597,-940983998272142.0000
609336388744942,0.2705997154,609336388744942.0000
796386707049427,0.3536667435,796386707049427.0000
24787960356763,0.0110080657,24787960356763.0000
1102376671863762,0.4895535852,1102376671863762.0000
1230908103385317,0.5466330071,-1020891710168860.0000
189364410154380,0.0840946913,189364410154380.0000
1799762271347872,0.7992550050,-452037542206305.0000
1416734518545569,0.6291565129,-835065295008608.0000
1032973606527774,0.4587324327,1032973606527774.0000
1024312244658706,0.4548860154,1024312244658706.0000
993817966727220,0.4413438356,993817966727220.0000
2045753449432263,0.9084970330,-206046364121914.0000
730732061937612,0.3245102240,730732061937612.0000
1666296098174821,0.7399841177,-585503715379356.0000
1505800589786841,0.6687097941,-745999223767336.0000
446348621711143,0.1982186067,446348621711143.0000
473481516247246,0.2102680324,473481516247246.0000
1317331476463494,0.5850126945,-934468337090683.0000
436336557040421,0.1937723569,436336557040421.0000
329316929634717,0.1462460951,329316929634717.0000
1796688075310216,0.7978897878,-455111738243961.0000
1623724175645269,0.7210783862,-628075637908908.0000
418648108104501,0.1859171075,418648108104501.0000
150382023729206,0.0667830341,150382023729206.0000
67436793020412,0.0299479521,67436793020412.0000
1828826280238290,0.8121620178,-422973533315887.0000
1736124153560432,0.7709940036,-515675659993745.0000
114115917540399,0.0506776477,114115917540399.0000
1508449238871839,0.6698860306,-743350574682338.0000
1246058881897715,0.5533613043,-1005740931656462.0000
1585850958834393,0.7042592993,-665948854719784.0000
185113680941095,0.0822069883,185113680941095.0000
669303985161681,0.2972306779,669303985161681.0000
856060001914925,0.3801670099,856060001914925.0000
1810775877650934,0.8041460288,-441023935903243.0000
2096694418066361,0.9311193675,-155105395487816.0000
2083576775810203,0.9252939641,-168223037743974.0000
2058181880036889,0.9140163649,-193617933517288.0000
1846856622073765,0.8201690981,-404943191480412.0000
1550172683916987,0.6884149624,-701627129637190.0000
800510630076813,0.3554981332,800510630076813.0000
398120838981914,0.1768011688,398120838981914.0000
604093546237056,0.2682714256,604093546237056.0000
479717451877952,0.2130373442,479717451877952.0000
1483352321508572,0.6587407604,-768447492045605.0000
508922511627527,0.2260069961,508922511627527.0000
1369983663752708,0.6083949628,-881816149801469.0000
1083857518704325,0.4813294291,1083857518704325.0000
215890697387585,0.0958747292,215890697387585.0000
1379725124335004,0.6127210403,-872074689219173.0000
1641319277281796,0.7288921810,-610480536272381.0000
1215800890212971,0.5399240567,-1035998923341206.0000
551004678511948,0.2446952323,551004678511948.0000
1029119408462787,0.4570208250,1029119408462787.0000
1692130406839681,0.7514568554,-559669406714496.0000
1361296152146157,0.6045369326,-890503661408020.0000
1869133862725749,0.8300621803,-382665950828428.0000
1394794587345966,0.6194132262,-857005226208211.0000
1796882614815193,0.7979761807,-454917198738984.0000
1766885003220845,0.7846545650,-484914810333332.0000
2120074402540090,0.9415021663,-131725411014087.0000
367319487611474,0.1631226210,367319487611474.0000
1561101230998532,0.6932682122,-690698582555645.0000
719931690926952,0.3197138958,719931690926952.0000
466157040461110,0.2070153118,466157040461110.0000
1135996190032130,0.5044836505,-1115803623522047.0000
1763245360694924,0.7830382390,-488554452859253.0000
2216447227061637,0.9843002978,-35352586492540.0000
1191784736499977,0.5292587420,-1060015077054200.0000
1702224705374792,0.7559396244,-549575108179385.0000
1139380924021186,0.5059867743,-1112418889532991.0000
515273383666544,0.2288273498,515273383666544.0000
502157501273873,0.2230027280,502157501273873.0000
2030726717643770,0.9018238235,-221073095910407.0000
306591734638789,0.1361540812,306591734638789.0000
2037563441943714,0.9048599390,-214236371610463.0000
1683813555765045,0.7477634316,-567986257789132.0000
866708907405085,0.3848960739,866708907405085.0000
757815679750054,0.3365377665,757815679750054.0000
2208133719464951,0.9806083588,-43666094089226.0000
30017042330507,0.0133302446,30017042330507.0000
610353174141899,0.2710512588,610353174141899.0000
1736317331189138,0.7710797917,-515482482365039.0000
2006968432910731,0.8912730256,-244831380643446.0000
899926830161617,0.3996477950,899926830161617.0000
9878618882852,0.0043869881,9878618882852.0000
1451628390249685,0.6446525049,-800171423304492.0000
1752989830139772,0.7784838686,-498809983414405.0000
506766397380619,0.2250494890,506766397380619.0000
1135284486170000,0.5041675904,-1116515327384177.0000
1298974296651193,0.5768604690,-952825516902984.0000
2042101730361986,0.9068753439,-209698083192191.0000
1606763697987317,0.7135464211,-645036115566860.0000
535320406561249,0.2377300164,535320406561249.0000
653286014912112,0.2901172702,653286014912112.0000
2242528513243617,0.9958827156,-9271300310560.0000
1117355054003607,0.4962053231,1117355054003607.0000
1780913599833183,0.7908845134,-470886213720994.0000
2125025100548825,0.9437007179,-126774713005352.0000
528454992980189,0.2346811603,528454992980189.0000
342241203680293,0.1519856257,342241203680293.0000
1622455129820789,0.7205148167,-629344683733388.0000
691165554641093,0.3069391651,691165554641093.0000
270278545519100,0.1200277857,270278545519100.0000
2001361986944306,0.8887832635,-250437826609871.0000
1078312781176418,0.4788670710,1078312781176418.0000
747981757045205,0.3321706275,747981757045205.0000
965659623947804,0.4288390194,965659623947804.0000
1023187186809373,0.4543863893,1023187186809373.0000
85225202890277,0.0378475930,85225202890277.0000
1466919702700866,0.6514432117,-784880110853311.0000
1173218024334088,0.5210134654,-1078581789220089.0000
1958941265409405,0.8699446787,-292858548144772.0000
435309093037384,0.1933160712,435309093037384.0000
1311952828988082,0.5826240952,-939846984566095.0000
1382635105287956,0.6140133315,-869164708266221.0000
846217240261457,0.3757959456,846217240261457.0000
621014630219869,0.2757858965,621014630219869.0000
1016580501788487,0.4514524318,1016580501788487.0000
544600436370698,0.2418511775,544600436370698.0000
2149601025859061,0.9546146211,-102198787695116.0000
1572484738818107,0.6983235052,-679315074736070.0000
1142759464966575,0.5074871479,-1109040348587602.0000
1360541866149768,0.6042019623,-891257947404409.0000
2183355580863057,0.9696046548,-68444232691120.0000
209719304141733,0.0931340801,209719304141733.0000
2202503606168422,0.9781080862,-49296207385755.0000
2214089389415616,0.9832532075,-37710424138561.0000
885469623898548,0.3932275056,885469623898548.0000
532380205484786,0.2364243048,532380205484786.0000
297044456435634,0.1319142380,297044456435634.0000
1582673142901827,0.7028480655,-669126670652350.0000
932762914986009,0.4142299459,932762914986009.0000
1759742300116123,0.7814825676,-492057513438054.0000
487049560709636,0.2162934546,487049560709636.0000
1167928632227600,0.5186645035,-1083871181326577.0000
1509559434815343,0.6703790567,-742240378738834.0000
1620833285464261,0.7197945731,-630966528089916.0000
1966940735768954,0.8734971572,-284859077785223.0000
1370715359240678,0.6087199008,-881084454313499.0000
658274767641555,0.2923327214,658274767641555.0000
725986838962891,0.3224029217,725986838962891.0000
454320571116064,0.2017588635,454320571116064.0000
1866938467851899,0.8290872291,-384861345702278.0000
1530572100549828,0.6797105548,-721227713004349.0000
391717535770498,0.1739575310,391717535770498.0000
1152057740904553,0.5116164119,-1099742072649624.0000
1304517587648074,0.5793221848,-947282225906103.0000
1770732247104088,0.7863630845,-481067566450089.0000
421175091459104,0.1870393136,421175091459104.0000
178707770810908,0.0793621927,178707770810908.0000
110265709575369,0.0489678118,110265709575369.0000
272311718945455,0.1209306961,272311718945455.0000
646577391247125,0.2871380428,646577391247125.0000
858538318031381,0.3812676033,858538318031381.0000
1547457505008211,0.6872091807,-704342308545966.0000
1569542904133825,0.6970170682,-682256909420352.0000
1303461522482416,0.5788531976,-948338291071761.0000
1196730243541835,0.5314549883,-1055069570012342.0000
1066525425207448,0.4736324334,1066525425207448.0000
1997319914464959,0.8869882227,-254479899089218.0000
2053046631008809,0.9117358562,-198753182545368.0000
250924560726944,0.1114328899,250924560726944.0000
1076403668642851,0.4780192547,1076403668642851.0000
505891804120391,0.2246610916,505891804120391.0000
2138707554868482,0.9497769482,-113092258685695.0000
1973421901599068,0.8763753730,-278377911955109.0000
629770939916174,0.2796744791,629770939916174.0000
1653650625697353,0.7343683998,-598149187856824.0000
415290478890011,0.1844260206,415290478890011.0000
211215341575616,0.0937984542,211215341575616.0000
664213445804263,0.2949700243,664213445804263.0000
290209994724002,0.1288791273,290209994724002.0000
744943326419684,0.3308212932,744943326419684.0000
2024558072470533,0.8990843948,-227241741083644.0000
920713136633006,0.4088787694,920713136633006.0000
1787291510698916,0.7937168748,-464508302855261.0000
1521493951069097,0.6756790466,-730305862485080.0000
688704467896426,0.3058462230,688704467896426.0000
1568488278169072,0.6965487202,-683311535385105.0000
800790983665702,0.3556226352,800790983665702.0000
559632280893136,0.2485266574,559632280893136.0000
996024625129611,0.4423237888,996024625129611.0000
264039188123043,0.1172569544,264039188123043.0000
1004775714443454,0.4462100531,1004775714443454.0000
1415727910220356,0.6287094890,-836071903333821.0000
1886558358196130,0.8378002107,-365241455358047.0000
381670943731051,0.1694959478,381670943731051.0000
1407055293000153,0.6248580733,-844744520554024.0000
1839191915200136,0.8167652844,-412607898354041.0000
1429011288924227,0.6346084942,-822788524629950.0000
506542880684395,0.2249502277,506542880684395.0000
1535735092429523,0.6820033838,-716064721124654.0000
1830019595287915,0.8126919561,-421780218266262.0000
309333701466591,0.1373717591,309333701466591.0000
556314086434496,0.2470530831,556314086434496.0000
2196384418829353,0.9753906211,-55415394724824.0000
659504845096859,0.2928789856,659504845096859.0000
854014860292411,0.3792587845,854014860292411.0000
1593856123380768,0.7078143065,-657943690173409.0000
638300168003519,0.2834622173,638300168003519.0000
373424527739257,0.1658338035,373424527739257.0000
1194610901862623,0.5305138115,-1057188911691554.0000
1645113745978671,0.7305772636,-606686067575506.0000
517698218149577,0.2299041927,517698218149577.0000
784428054884649,0.3483560351,784428054884649.0000
69232838007261,0.0307455563,69232838007261.0000
1850889663043519,0.8219601280,-400910150510658.0000
2169868959790827,0.9636153919,-81930853763350.0000
383894794923349,0.1704835362,383894794923349.0000
1686739064395025,0.7490626184,-565060749159152.0000
557113103031934,0.2474079177,557113103031934.0000
400254529715513,0.1777487179,400254529715513.0000
1188500188084719,0.5278001095,-1063299625469458.0000
1686355810571432,0.7488924195,-565444002982745.0000
114467810270851,0.0508339194,114467810270851.0000
781293942745765,0.3469642097,781293942745765.0000
379284199945225,0.1684360207,379284199945225.0000
2098643489909071,0.9319849292,-153156323645106.0000
223815341281997,0.0993939781,223815341281997.0000
262444188530303,0.1165486323,262444188530303.0000
1773827671060804,0.7877377289,-477972142493373.0000
1770197289208044,0.7861255155,-481602524346133.0000
675554877316963,0.3000066317,675554877316963.0000
1317025562641705,0.5848768415,-934774250912472.0000
1941095714414797,0.8620196621,-310704099139380.0000
1361409535831217,0.6045872851,-890390277722960.0000
2182603830913273,0.9692708107,-69195982640904.0000
659650696987653,0.2929437568,659650696987653.0000
923181434601291,0.4099749139,923181434601291.0000
2078414277697405,0.9230013544,-173385535856772.0000
1151709864028607,0.5114619235,-1100089949525570.0000
998520634317121,0.4434322395,998520634317121.0000
296777985516489,0.1317959011,296777985516489.0000
1798581311533610,0.7987305535,-453218502020567.0000
1318845024336255,0.5856848448,-932954789217922.0000
1318290176563573,0.5854384429,-933509636990604.0000
2210769383291825,0.9817788286,-41030430262352.0000
1448664432672368,0.6433362433,-803135380881809.0000
971579350454291,0.4314679061,971579350454291.0000
2155257019740976,0.9571263870,-96542793813201.0000
1836349352903530,0.8155029332,-415450460650647.0000
1044461566603554,0.4638341119,1044461566603554.0000
1574264305023866,0.6991137914,-677535508530311.0000
1567988178732162,0.6963266314,-683811634822015.0000
596942656482666,0.2650957927,596942656482666.0000
909215101851623,0.4037726162,909215101851623.0000
281101907804868,0.1248343241,281101907804868.0000
346974285097129,0.1540875361,346974285097129.0000
262591780609354,0.1166141764,262591780609354.0000
674897465828096,0.2997146823,674897465828096.0000
1945168065961954,0.8638281495,-306631747592223.0000
1175412866877700,0.5219881713,-1076386946676477.0000
1249799180106491,0.5550223304,-1002000633447686.0000
1115645437004068,0.4954461006,1115645437004068.0000
368451552253479,0.1636253587,368451552253479.0000
1521284946779404,0.6755862300,-730514866774773.0000
1293514579143022,0.5744358674,-958285234411155.0000
741346152254951,0.3292238270,741346152254951.0000
1447122055692734,0.6426512903,-804677757861443.0000
27990398384873,0.0124302339,27990398384873.0000
2038197934913279,0.9051417105,-213601878640898.0000
495047748066921,0.2198453633,495047748066921.0000
1741877314992420,0.7735489205,-509922498561757.0000
969672498966146,0.4306210939,969672498966146.0000
1847629518383663,0.8205123330,-404170295170514.0000
1457593578538677,0.6473015806,-794206235015500.0000
1183581506069360,0.5256157759,-1068218307484817.0000
583370882254550,0.2590687142,583370882254550.0000
847265087009804,0.3762612830,847265087009804.0000
1331937754446391,0.5914991850,-919862059107786.0000
1810747445916549,0.8041334025,-441052367637628.0000
66987512057907,0.0297484313,66987512057907.0000
1759261937147094,0.7812692436,-492537876407083.0000
1417313833580419,0.6294137805,-834485979973758.0000
1847764296218204,0.8205721863,-404035517335973.0000
115948551627481,0.0514915007,115948551627481.0000
1420953488620720,0.6310301120,-830846324933457.0000
2207596049564458,0.9803695854,-44203763989719.0000
1563570239638392,0.6943646723,-688229573915785.0000
634039646082908,0.2815701655,634039646082908.0000
1822121502936182,0.8091844985,-429678310617995.0000
73572346124072,0.0326726851,73572346124072.0000
246966928899648,0.1096753483,246966928899648.0000
893355061096015,0.3967293432,893355061096015.0000
1656814995208801,0.7357736621,-594984818345376.0000
1487264382856763,0.6604780647,-764535430697414.0000
421422611037304,0.1871492344,421422611037304.0000
120239098227131,0.0533968861,120239098227131.0000
252617043662294,0.1121845033,252617043662294.0000
368187840608538,0.1635082472,368187840608538.0000
603691410783248,0.2680928416,603691410783248.0000
1321402694308575,0.5868206784,-930397119245602.0000
733176990106376,0.3255959902,733176990106376.0000
467286456174134,0.2075168731,467286456174134.0000
1522707390869011,0.6762179221,-729092422685166.0000
1452546609016419,0.6450602759,-799253204537758.0000
665333731518105,0.2954675311,665333731518105.0000
761142745452080,0.3380152804,761142745452080.0000
758362825596249,0.3367807480,758362825596249.0000
622383922961288,0.2763939846,622383922961288.0000
1413298943542739,0.6276308112,-838500870011438.0000
1887802738396906,0.8383528265,-363997075157271.0000
929375531555289,0.4127256455,929375531555289.0000
346321948549848,0.1537978405,346321948549848.0000
811830765156443,0.3605252831,811830765156443.0000
818187216563110,0.3633481145,818187216563110.0000
1739532171476047,0.7725074676,-512267642078130.0000
71392556319673,0.0317046639,71392556319673.0000
44485252199426,0.0197554205,44485252199426.0000
2180342619024632,0.9682666309,-71457194529545.0000
262545032709095,0.1165934161,262545032709095.0000
1020863576628298,0.4533544991,1020863576628298.0000
474787971961763,0.2108482153,474787971961763.0000
984634235450817,0.4372654396,984634235450817.0000
647739848488502,0.2876542775,647739848488502.0000
778977439256503,0.3459354755,778977439256503.0000
584152080431117,0.2594156358,584152080431117.0000
865824399810501,0.3845032736,865824399810501.0000
849632259016908,0.3773125186,849632259016908.0000
1768589928943127,0.7854117041,-483209884611050.0000
1108067148404947,0.4920806644,1108067148404947.0000
1230024166818029,0.5462404604,-1021775646736148.0000
717259121492003,0.3185270365,717259121492003.0000
1983091558900063,0.8806695635,-268708254654114.0000
452702257569696,0.2010401879,452702257569696.0000
1297705114766127,0.5762968391,-954094698788050.0000
965212353989635,0.4286403916,965212353989635.0000
644534381560963,0.2862307642,644534381560963.0000
550336274717163,0.2443984014,550336274717163.0000
789021239779051,0.3503958189,789021239779051.0000
898986309527955,0.3992301199,898986309527955.0000
432207464042614,0.1919386712,432207464042614.0000
1970738349498430,0.8751836365,-281061464055747.0000
2232354035846475,0.9913643399,-19445777707702.0000
1625422367994119,0.7218325351,-626377445560058.0000
471885753997603,0.2095593716,471885753997603.0000
264401403908624,0.1174178106,264401403908624.0000
2100073764828078,0.9326200989,-151726048726099.0000
46403249627978,0.0206071825,46403249627978.0000
1337246852918013,0.5938568983,-914552960636164.0000
369715238990454,0.1641865484,369715238990454.0000
1476301827411906,0.6556097121,-775497986142271.0000
842020001611769,0.3739319972,842020001611769.0000
1282652685748262,0.5696122178,-969147127805915.0000
540108069400899,0.2398561658,540108069400899.0000
1328307930987439,0.5898872195,-923491882566738.0000
119088598630115,0.0528859617,119088598630115.0000
908786618857685,0.4035823315,908786618857685.0000
1293737802393242,0.5745349985,-958062011160935.0000
762658567030356,0.3386884404,762658567030356.0000
757434467092780,0.3363684740,757434467092780.0000
1638223503040582,0.7275173811,-613576310513595.0000
1285721520001849,0.5709750539,-966078293552328.0000
1948194070663166,0.8651719655,-303605742891011.0000
824208157428499,0.3660219494,824208157428499.0000
1710286542719223,0.7595197994,-541513270834954.0000
1913970042643338,0.8499734440,-337829770910839.0000
2084038762462953,0.9254991274,-167761051091224.0000
388954165408393,0.1727303480,388954165408393.0000
1317125999309329,0.5849214443,-934673814244848.0000
1445050947486186,0.6417315335,-806748866067991.0000
1895070308163298,0.8415802758,-356729505390879.0000
499973236122433,0.2220327194,499973236122433.0000
226254392216902,0.1004771343,226254392216902.0000
228085693238391,0.1012903953,228085693238391.0000
481381879367329,0.2137764985,481381879367329.0000
73496986056600,0.0326392185,73496986056600.0000
183373844789827,0.0814343458,183373844789827.0000
6167549266215,0.0027389421,6167549266215.0000
1347586313385473,0.5984485412,-904213500168704.0000
1313409920028060,0.5832711736,-938389893526117.0000
1401689807153409,0.6224753189,-850110006400768.0000
17940956749743,0.0079673853,17940956749743.0000
1592915636143496,0.7073966463,-658884177410681.0000
6448222752461,0.0028635861,6448222752461.0000
1405527061995256,0.6241794024,-846272751558921.0000
1410729255613107,0.6264896405,-841070557941070.0000
665549965902886,0.2955635585,665549965902886.0000
1640410935029078,0.7284887960,-611388878525099.0000
728572841233564,0.3235513374,728572841233564.0000
1394612573725589,0.6193323959,-857187239828588.0000
2020808096694472,0.8974190710,-230991716859705.0000
1204025747270856,0.5346948428,-1047774066283321.0000
1412078848065646,0.6270889799,-839720965488531.0000
1921483035919085,0.8533098832,-330316777635092.0000
630818309372754,0.2801396046,630818309372754.0000
518028371906187,0.2300508104,518028371906187.0000
1461166125876129,0.6488881103,-790633687678048.0000
546111037295265,0.2425220191,546111037295265.0000
1398077189335257,0.6208709944,-853722624218920.0000
954111044857428,0.4237104200,954111044857428.0000
2025245031008558,0.8993894656,-226554782545619.0000
113069458983624,0.0502129267,113069458983624.0000
1798192669498659,0.7985579618,-453607144055518.0000
509803785558659,0.2263983603,509803785558659.0000
558614093164362,0.2480744913,558614093164362.0000
89493108581205,0.0397429239,89493108581205.0000
1406669859736524,0.6246869066,-845129953817653.0000
674545256204245,0.2995582699,674545256204245.0000
1229409043491874,0.5459672907,-1022390770062303.0000
269586509791929,0.1197204601,269586509791929.0000
220081978065638,0.0977360317,220081978065638.0000
1123251560432233,0.4988238980,1123251560432233.0000
421767079911236,0.1873022093,421767079911236.0000
1220221186608755,0.5418870626,-1031578626945422.0000
1505655375156597,0.6686453059,-746144438397580.0000
77129459579520,0.0342523608,77129459579520.0000
1894810508344578,0.8414649015,-356989305209599.0000
2036786594782546,0.9045149496,-215013218771631.0000
1567084187515760,0.6959251786,-684715626038417.0000
494123640359071,0.2194349770,494123640359071.0000
2073723925692843,0.9209184197,-178075887861334.0000
2241607884810322,0.9954738744,-10191928743855.0000
1097645341322481,0.4874524524,1097645341322481.0000
1398026117432415,0.6208483139,-853773696121762.0000
67709408845806,0.0300690179,67709408845806.0000
721217344254851,0.3202848406,721217344254851.0000
2147074945596029,0.9534928161,-104724867958148.0000
1637697956469501,0.7272839915,-614101857084676.0000
2041801646033329,0.9067420797,-209998167520848.0000
598104563631615,0.2656117831,598104563631615.0000
2161131143119752,0.9597350218,-90668670434425.0000
1452933888291333,0.6452322625,-798865925262844.0000
153195239773807,0.0680323530,153195239773807.0000
1818109940260065,0.8074030068,-433689873294112.0000
667273408719474,0.2963289208,667273408719474.0000
409961765765799,0.1820595966,409961765765799.0000
1267596477667210,0.5629259182,-984203335886967.0000
689512973675609,0.3062052717,689512973675609.0000
1056331494718137,0.4691054189,1056331494718137.0000
1334911061464803,0.5928195985,-916888752089374.0000
1884333355273994,0.8368121109,-367466458280183.0000
1312812808612860,0.5830060029,-938987004941317.0000
481872393231766,0.2139943304,481872393231766.0000
724323088737752,0.3216640682,724323088737752.0000
373149085496978,0.1657114825,373149085496978.0000
724946277038712,0.3219408194,724946277038712.0000
1995227296040372,0.8860589134,-256572517513805.0000
2239986085026475,0.9947536506,-11813728527702.0000
2230255989957311,0.9904326204,-21543823596866.0000
459859047584375,0.2042184411,459859047584375.0000
59204005249938,0.0262918599,59204005249938.0000
290650942809781,0.1290749475,290650942809781.0000
961277960161104,0.4268931698,961277960161104.0000
79633762777110,0.0353644948,79633762777110.0000
1803127205911458,0.8007493362,-448672607642719.0000
1773996186829142,0.7878125649,-477803626725035.0000
529985840508621,0.2353609932,529985840508621.0000
1418131579411742,0.6297769326,-833668234142435.0000
384251219009589,0.1706418202,384251219009589.0000
949067491742707,0.4214706325,949067491742707.0000
469604829972446,0.2085464379,469604829972446.0000
97879410431839,0.0434671900,97879410431839.0000
242659100903040,0.1077622884,242659100903040.0000
1659859859116314,0.7371258533,-591939954437863.0000
728555452041874,0.3235436150,728555452041874.0000
1419728078632477,0.6304859207,-832071734921700.0000
1377915433611102,0.6119173762,-873884379943075.0000
1388894507104584,0.6167930643,-862905306449593.0000
1904178201407489,0.8456249929,-347621612146688.0000
1146422254198595,0.5091137531,-1105377559355582.0000
1290993141513508,0.5733161242,-960806672040669.0000
1658544083513989,0.7365415316,-593255730040188.0000
2034363115830483,0.9034387087,-217436697723694.0000
611508355703515,0.2715642625,611508355703515.0000
4986244346047,0.0022143373,4986244346047.0000
1156486321780835,0.5135830969,-1095313491773342.0000
1868549929129913,0.8298028616,-383249884424264.0000
2084934664941683,0.9258969880,-166865148612494.0000
850932022096708,0.3778897294,850932022096708.0000
1374297762789728,0.6103108076,-877502050764449.0000
2205301841631492,0.9793507524,-46497971922685.0000
49486480889862,0.0219764122,49486480889862.0000
979889361960328,0.4351582925,979889361960328.0000
1258181450714658,0.5587448063,-993618362839519.0000
1299267245484198,0.5769905645,-952532568069979.0000
1036428292698083,0.4602666216,1036428292698083.0000
1722090303152566,0.7647617221,-529709510401611.0000
173413690465307,0.0770111488,173413690465307.0000
1207402887491803,0.5361945943,-1044396926062374.0000
1096248878433839,0.4868322983,1096248878433839.0000
2070984773056271,0.9197019915,-180815040497906.0000
1072971631326220,0.4764951240,1072971631326220.0000
523814132092960,0.2326202040,523814132092960.0000
123052269097765,0.0546461850,123052269097765.0000
1566609776165238,0.6957144977,-685190037388939.0000
2041691660731694,0.9066932364,-210108152822483.0000
1629763779149479,0.7237605090,-622036034404698.0000
195110365418846,0.0866464080,195110365418846.0000
157324007683213,0.0698658943,157324007683213.0000
1696245705802575,0.7532844152,-555554107751602.0000
1682461405406506,0.7471629562,-569338408147671.0000
2117969688303192,0.9405674854,-133830125250985.0000
1270592420325690,0.5642563840,-981207393228487.0000
63831228350520,0.0283467598,63831228350520.0000
1301005321220859,0.5777624251,-950794492333318.0000
868291742624164,0.3855989939,868291742624164.0000
849805333777107,0.3773893792,849805333777107.0000
518067834566358,0.2300683353,518067834566358.0000
624366043817932,0.2772742231,624366043817932.0000
371948944756947,0.1651785130,371948944756947.0000
1752616090229165,0.7783178947,-499183723325012.0000
694725294049846,0.3085200069,694725294049846.0000
1891249224814863,0.8398833739,-360550588739314.0000
509319756570543,0.2261834083,509319756570543.0000
2181106747721097,0.9686059723,-70693065833080.0000
376273723632536,0.1670991006,376273723632536.0000
2202479320085141,0.9780973010,-49320493469036.0000
169975580925607,0.0754843214,169975580925607.0000
941693295158706,0.4181958314,941693295158706.0000
1542597625623077,0.6850509607,-709202187931100.0000
1114012472147277,0.4947209185,1114012472147277.0000
1122694534562527,0.4985765288,1122694534562527.0000
1676802052229785,0.7446496985,-574997761324392.0000
585287754068042,0.2599199763,585287754068042.0000
2138163180036245,0.9495351972,-113636633517932.0000
1576869246422359,0.7002706177,-674930567131818.0000
938351538205849,0.4167117932,938351538205849.0000
1002008033578797,0.4449809559,1002008033578797.0000
1689856866337048,0.7504472006,-561942947217129.0000
1410226438239080,0.6262663447,-841573375315097.0000
649445197789432,0.2884116047,649445197789432.0000
714649521589905,0.3173681414,714649521589905.0000
1750572094936662,0.7774101785,-501227718617515.0000
1624922688493324,0.7216106328,-626877125060853.0000
2175010282068260,0.9658985976,-76789531485917.0000
1246841009236115,0.5537086386,-1004958804318062.0000
2046344076613632,0.9087593241,-205455736940545.0000
1984819704988815,0.8814370145,-266980108565362.0000
2242501633428853,0.9958707785,-9298180125324.0000
543130612959663,0.2411984448,543130612959663.0000
278032160384297,0.1234710824,278032160384297.0000
1981184731477223,0.8798227620,-270615082076954.0000
551495978995536,0.2449134136,551495978995536.0000
582919816466821,0.2588684007,582919816466821.0000
2100857434295992,0.9329681181,-150942379258185.0000
1108156958745529,0.4921205482,1108156958745529.0000
126331089351310,0.0561022737,126331089351310.0000
1953945096878695,0.8677259342,-297854716675482.0000
1742737493571852,0.7739309165,-509062319982325.0000
2241288135448582,0.9953318772,-10511678105595.0000
2018092179026101,0.8962129612,-233707634528076.0000
1453930314616415,0.6456747646,-797869498937762.0000
1087454072840111,0.4829266200,1087454072840111.0000
385720429430960,0.1712942807,385720429430960.0000
2012640361907394,0.8937918681,-239159451646783.0000
779436450175537,0.3461393173,779436450175537.0000
339609194228944,0.1508167787,339609194228944.0000
1612409212989375,0.7160535334,-639390600564802.0000
103061197537591,0.0457683658,103061197537591.0000
179700718129974,0.0798031499,179700718129974.0000
359523507179799,0.1596605102,359523507179799.0000
787653596790492,0.3497884635,787653596790492.0000
2132449410499455,0.9469977738,-119350403054722.0000
1153267406389446,0.5121536113,-1098532407164731.0000
716281094994845,0.3180927055,716281094994845.0000
1425767004007731,0.6331677423,-826032809546446.0000
343137027044683,0.1523834512,343137027044683.0000
1346076492060554,0.5977780458,-905723321493623.0000
531989461516586,0.2362507796,531989461516586.0000
1796067430830942,0.7976141662,-455732382723235.0000
620167151569154,0.2754095403,620167151569154.0000
462423122613591,0.2053571191,462423122613591.0000
1720594975910769,0.7640976634,-531204837643408.0000
739973471142683,0.3286142341,739973471142683.0000
17047256943070,0.0075705029,17047256943070.0000
1080692208152135,0.4799237488,1080692208152135.0000
1680528940945581,0.7463047696,-571270872608596.0000
912943400444861,0.4054283134,912943400444861.0000
2218184704336619,0.9850718927,-33615109217558.0000
1989509770449222,0.8835198220,-262290043104955.0000
1112464064793407,0.4940332875,1112464064793407.0000
2039705487524277,0.9058111983,-212094326029900.0000
433112270419001,0.1923404860,433112270419001.0000
1981684680560946,0.8800447840,-270115132993231.0000
1299445193693009,0.5770695893,-952354619861168.0000
2034431551962836,0.9034691005,-217368261591341.0000
1205933531162507,0.5355420690,-1045866282391670.0000
195926002486745,0.0870086236,195926002486745.0000
1732732684641665,0.7694878888,-519067128912512.0000
856523328511622,0.3803727682,856523328511622.0000
971226843725531,0.4313113616,971226843725531.0000
1714250131758981,0.7612799865,-537549681795196.0000
159670129029259,0.0709077814,159670129029259.0000
561604092913036,0.2494023179,561604092913036.0000
2161011494585440,0.9596818872,-90788318968737.0000
796964022602596,0.3539231231,796964022602596.0000
558035051356598,0.2478173450,558035051356598.0000
1964363447430652,0.8723526113,-287436366123525.0000
1461734739052662,0.6491406253,-790065074501515.0000
2024783346097650,0.8991844363,-227016467456527.0000
641032899246140,0.2846757937,641032899246140.0000
1431338830865815,0.6356421305,-820460982688362.0000
684962060857988,0.3041842604,684962060857988.0000
1012620036570570,0.4496936319,1012620036570570.0000
425598652932295,0.1890037695,425598652932295.0000
1415659942352423,0.6286793053,-836139871201754.0000
94187358718012,0.0418275897,94187358718012.0000
1039997132848709,0.4618515050,1039997132848709.0000
1767718764628053,0.7850248295,-484081048926124.0000
2070951432469124,0.9196871853,-180848381085053.0000
1042540345431845,0.4629809183,1042540345431845.0000
789520233353714,0.3506174166,789520233353714.0000
554413650412444,0.2462091200,554413650412444.0000
885708494898817,0.3933335857,885708494898817.0000
1599671752511302,0.7103969646,-652128061042875.0000
741386404709626,0.3292417027,741386404709626.0000
1477910124239772,0.6563239393,-773889689314405.0000
1820777741512939,0.8085877486,-431022072041238.0000
363240697848909,0.1613112745,363240697848909.0000
74358152191611,0.0330216531,74358152191611.0000
321777758778729,0.1428980307,321777758778729.0000
1184202430798053,0.5258915218,-1067597382756124.0000
297408694694274,0.1320759922,297408694694274.0000
2119322865560187,0.9411684168,-132476947993990.0000
646864592615328,0.2872655858,646864592615328.0000
1490253790739793,0.6618056284,-761546022814384.0000
1449596981444336,0.6437503781,-802202832109841.0000
1155421347816753,0.5131101534,-1096378465737424.0000
1546294581353962,0.6866927389,-705505232200215.0000
287630813691202,0.1277337408,287630813691202.0000
206980826829903,0.0919179518,206980826829903.0000
249021857552187,0.1105879200,249021857552187.0000
539279952451801,0.2394884080,539279952451801.0000
897081376739790,0.3983841598,897081376739790.0000
358899271477755,0.1593832939,358899271477755.0000
1534554411966227,0.6814790563,-717245401587950.0000
1895034853189929,0.8415645306,-356764960364248.0000
1371921054675625,0.6092553372,-879878758878552.0000
922140077641963,0.4095124585,922140077641963.0000
419518566406054,0.1863036687,419518566406054.0000
1073653054725120,0.4767977368,1073653054725120.0000
1345420164913056,0.5974865780,-906379648641121.0000
838550475356832,0.3723912180,838550475356832.0000
1132217292105108,0.5028054827,-1119582521449069.0000
720199385650967,0.3198327761,720199385650967.0000
1374605902365431,0.6104476491,-877193911188746.0000
399658976426288,0.1774842391,399658976426288.0000
398075629253033,0.1767810917,398075629253033.0000
1558233072954629,0.6919944942,-693566740599548.0000
743043457255484,0.3299775818,743043457255484.0000
577944595360652,0.2566589587,577944595360652.0000
1132568453238637,0.5029614295,-1119231360315540.0000
1674655517409654,0.7436964455,-577144296144523.0000
2054267048973884,0.9122778307,-197532764580293.0000
16874753286127,0.0074938959,16874753286127.0000
38508794547948,0.0171013401,38508794547948.0000
341032584199663,0.1514488909,341032584199663.0000
2228907386484186,0.9898337202,-22892427069991.0000
1645194721329358,0.7306132239,-606605092224819.0000
104622957304085,0.0464619264,104622957304085.0000
2092115259588161,0.9290858126,-159684553966016.0000
527305839911020,0.2341708338,527305839911020.0000
544581261317102,0.2418426621,544581261317102.0000
1398603017358423,0.6211045089,-853196796195754.0000
1373429712422559,0.6099253158,-878370101131618.0000
1280682955450189,0.5687374818,-971116858103988.0000
1735161704144465,0.7705665902,-516638109409712.0000
282636453977034,0.1255157995,282636453977034.0000
984263634687647,0.4371008598,984263634687647.0000
62080531736806,0.0275692943,62080531736806.0000
1338996394900515,0.5946338510,-912803418653662.0000
1968003111846295,0.8739689470,-283796701707882.0000
430112798650348,0.1910084529,430112798650348.0000
1483551470955643,0.6588292005,-768248342598534.0000
1525178199335041,0.6773151815,-726621614219136.0000
1510087931441797,0.6706137563,-741711882112380.0000
2215051756100760,0.9836805842,-36748057453417.0000
257364741732297,0.1142929048,257364741732297.0000
1059995727559490,0.4707326651,1059995727559490.0000
854323388737996,0.3793957987,854323388737996.0000
304668890999135,0.1353001671,304668890999135.0000
1190370669839442,0.5286307702,-1061429143714735.0000
1938261662061125,0.8607610900,-313538151493052.0000
1469266639247425,0.6524854609,-782533174306752.0000
1556608498562930,0.6912730382,-695191314991247.0000
525999010887070,0.2335904851,525999010887070.0000
5269047929576,0.0023399273,5269047929576.0000
925596871960583,0.4110475835,925596871960583.0000
1099484713427377,0.4882692977,1099484713427377.0000
1995740806233294,0.8862869578,-256059007320883.0000
2155510819535257,0.9572390967,-96288994018920.0000
1100427146662325,0.4886878221,1100427146662325.0000
82079147706393,0.0364504639,82079147706393.0000
1485292885861965,0.6596025441,-766506927692212.0000
142654288909969,0.0633512304,142654288909969.0000
811182250674434,0.3602372848,811182250674434.0000
61315642155450,0.0272296151,61315642155450.0000
1299697703858413,0.5771817264,-952102109695764.0000
291215512344717,0.1293256668,291215512344717.0000
622564369123735,0.2764741188,622564369123735.0000
331727596435259,0.1473166462,331727596435259.0000
703076323466338,0.3122286090,703076323466338.0000
2174043231577041,0.9654691409,-77756581977136.0000
169400644516642,0.0752289984,169400644516642.0000
2188012316337767,0.9716726608,-63787497216410.0000
2116347540492942,0.9398471071,-135452273061235.0000
5380577357016,0.0023894563,5380577357016.0000
58145816191727,0.0258219296,58145816191727.0000
2127246472911144,0.9446872054,-124553340643033.0000
2096379365954930,0.9309794562,-155420447599247.0000
109143158572927,0.0484692991,109143158572927.0000
505989514768558,0.2247044838,505989514768558.0000
1197184142727601,0.5316565600,-1054615670826576.0000
1174959908455727,0.5217870174,-1076839905098450.0000
2059542881232985,0.9146207708,-192256932321192.0000
785232211999298,0.3487131526,785232211999298.0000
1577061220072938,0.7003558711,-674738593481239.0000
1578507101597904,0.7009979715,-673292711956273.0000
1424839887786213,0.6327560200,-826959925767964.0000
74292021881149,0.0329922853,74292021881149.0000
1983212900121368,0.8807234498,-268586913432809.0000
319548922054332,0.1419082283,319548922054332.0000
1936016590949586,0.8597640782,-315783222604591.0000
181544184159103,0.0806218133,181544184159103.0000
128583848389618,0.0571026996,128583848389618.0000
213508034397714,0.0948166143,213508034397714.0000
944029457001898,0.4192332957,944029457001898.0000
1561647893817276,0.6935109793,-690151919736901.0000
1099971233683771,0.4884853561,1099971233683771.0000
158204347811510,0.0702568438,158204347811510.0000
2207851485886384,0.9804830219,-43948327667793.0000
1147215843499704,0.5094661775,-1104583970054473.0000
673302257590854,0.2990062676,673302257590854.0000
832686699958879,0.3697871787,832686699958879.0000
986433362984292,0.4380644128,986433362984292.0000
628848582941409,0.2792648703,628848582941409.0000
369972980787825,0.1643010087,369972980787825.0000
2039977211789563,0.9059318681,-211822601764614.0000
1167011611293282,0.5182572644,-1084788202260895.0000
2183124661565442,0.9695021060,-68675151988735.0000
676914548392900,0.3006104469,676914548392900.0000
480468955167090,0.2133710787,480468955167090.0000
1327381000455453,0.5894755797,-924418813098724.0000
1293523373128749,0.5744397727,-958276440425428.0000
426501602493326,0.1894047597,426501602493326.0000
1067298846324959,0.4739759014,1067298846324959.0000
606414650631306,0.2693022031,606414650631306.0000
34648109083410,0.0153868514,34648109083410.0000
893974093227474,0.3970042487,893974093227474.0000
176118368779160,0.0782122672,176118368779160.0000
438615634278008,0.1947844705,438615634278008.0000
1716407045503867,0.7622378487,-535392768050310.0000
489755998122750,0.2174953542,489755998122750.0000
523415612142798,0.2324432256,523415612142798.0000
1592838914645818,0.7073625751,-658960898908359.0000
1462954524109388,0.6496823187,-788845289444789.0000
1394246176741750,0.6191696830,-857553636812427.0000
1254554113512575,0.5571339450,-997245700041602.0000
2101123025482030,0.9330860642,-150676788072147.0000
147251020876825,0.0653925895,147251020876825.0000
262236149504166,0.1164562444,262236149504166.0000
967457334124657,0.4296373631,967457334124657.0000
2115160221364060,0.9393198315,-136639592190117.0000
1969753651141528,0.8747463426,-282046162412649.0000
1118754512001749,0.4968268073,1118754512001749.0000
1680225258160065,0.7461699073,-571574555394112.0000
1826693666516543,0.8112149470,-425106147037634.0000
1596946630178423,0.7091867672,-654853183375754.0000
966559833372230,0.4292387927,966559833372230.0000
1329967429547922,0.5906241849,-921832384006255.0000
1405947081095414,0.6243659284,-845852732458763.0000
2209319938602097,0.9811351459,-42479874952080.0000
1976720807851914,0.8778403817,-275079005702263.0000
695140588515100,0.3087044347,695140588515100.0000
1497721918222632,0.6651221433,-754077895331545.0000
1511361081923674,0.6711791487,-740438731630503.0000
2197238208670975,0.9757697800,-54561604883202.0000
467512300080100,0.2076171679,467512300080100.0000
1595825074756262,0.7086886965,-655974738797915.0000
717652540535171,0.3187017497,717652540535171.0000
8904115171377,0.0039542215,8904115171377.0000
2173364687069329,0.9651678067,-78435126484848.0000
228646148938775,0.1015392876,228646148938775.0000
1180294805626269,0.5241561877,-1071505007927908.0000
433758858357208,0.1926276287,433758858357208.0000
753960438947796,0.3348256956,753960438947796.0000
475855270625570,0.2113221911,475855270625570.0000
635798830559201,0.2823514003,635798830559201.0000
965943456716696,0.4289650665,965943456716696.0000
769249505378288,0.3416154050,769249505378288.0000
1105213206643756,0.4908132597,1105213206643756.0000
713332814137827,0.3167834058,713332814137827.0000
535181648387488,0.2376683954,535181648387488.0000
1176195599950304,0.5223357746,-1075604213603873.0000
883054261936751,0.3921548695,883054261936751.0000
1623001859762661,0.7207576135,-628797953791516.0000
2092856705725173,0.9294150808,-158943107829004.0000
904459780285279,0.4016608292,904459780285279.0000
137752852114066,0.0611745553,137752852114066.0000
737600807989477,0.3275605600,737600807989477.0000
506123383094829,0.2247639333,506123383094829.0000
965793897564894,0.4288986489,965793897564894.0000
1432959976693935,0.6363620638,-818839836860242.0000
757193900715505,0.3362616411,757193900715505.0000
1178445714448102,0.5233350262,-1073354099106075.0000
2100171948672798,0.9326637013,-151627864881379.0000
869919969372081,0.3863220719,869919969372081.0000
225674864316526,0.1002197722,225674864316526.0000
266282227692027,0.1182530641,266282227692027.0000
1010522370624157,0.4487620811,1010522370624157.0000
1918664834443339,0.8520583503,-333134979110838.0000
937355923869162,0.4162696516,937355923869162.0000
840794393020540,0.3733877177,840794393020540.0000
971122492301791,0.4312650203,971122492301791.0000
12835228312971,0.0056999864,12835228312971.0000
580797211240793,0.2579257746,580797211240793.0000
2078103408319755,0.9228633006,-173696405234422.0000
237725571932448,0.1055713614,237725571932448.0000
1368898517568567,0.6079130611,-882901295985610.0000
1314457357518789,0.5837363293,-937342456035388.0000
2225600154843870,0.9883650143,-26199658710307.0000
214009667667007,0.0950393842,214009667667007.0000
52737230824900,0.0234200352,52737230824900.0000
354059191233410,0.1572338665,354059191233410.0000
1471627332845559,0.6535338195,-780172480708618.0000
1417971956564516,0.6297060458,-833827856989661.0000
59781638183512,0.0265483805,59781638183512.0000
666668289395231,0.2960601939,666668289395231.0000
120559053652223,0.0535389749,120559053652223.0000
323677119444513,0.1437415162,323677119444513.0000
784304197268854,0.3483010313,784304197268854.0000
772184496969630,0.3429188031,772184496969630.0000
572616838785084,0.2542929595,572616838785084.0000
1841963777268740,0.8179962385,-409836036285437.0000
2191474286942408,0.9732100846,-60325526611769.0000
948245097054275,0.4211054159,948245097054275.0000
2119945826542818,0.9414450671,-131853987011359.0000
1104809490250813,0.4906339736,1104809490250813.0000
2245998056138981,0.9974235021,-5801757415196.0000
2102025255382852,0.9334867348,-149774558171325.0000
855452153522965,0.3798970709,855452153522965.0000
1346878028277642,0.5981339994,-904921785276535.0000
2006776461005502,0.8911877730,-245023352548675.0000
1114001700750219,0.4947161351,1114001700750219.0000
874031965100378,0.3881481648,874031965100378.0000
1629500389802450,0.7236435406,-622299423751727.0000
2127384356915412,0.9447484382,-124415456638765.0000
1514215872721831,0.6724469305,-737583940832346.0000
1052557887190468,0.4674296005,1052557887190468.0000
1044868101862474,0.4640146498,1044868101862474.0000
1224805094608113,0.5439227267,-1026994718946064.0000
571074175102559,0.2536078792,571074175102559.0000
1022991107130447,0.4542993125,1022991107130447.0000
1695824385958518,0.7530973116,-555975427595659.0000
251647850089895,0.1117540949,251647850089895.0000
1668284344513535,0.7408670764,-583515469040642.0000
1251514176075482,0.5557839416,-1000285637478695.0000
772922664405169,0.3432466153,772922664405169.0000
1485024334243116,0.6594832832,-766775479311061.0000
1723169942863604,0.7652411784,-528629870690573.0000
376165137255107,0.1670508786,376165137255107.0000
1625054614197827,0.7216692196,-626745199356350.0000
1330077341385556,0.5906729956,-921722472168621.0000
717611243238961,0.3186834100,717611243238961.0000
2048510770001239,0.9097215293,-203289043552938.0000
1308729665070775,0.5811927229,-943070148483402.0000
888926992536823,0.3947628858,888926992536823.0000
1014678990574069,0.4506079912,1014678990574069.0000
652201409975905,0.2896356088,652201409975905.0000
557377700334217,0.2475254225,557377700334217.0000
1319248759890194,0.5858641394,-932551053663983.0000
1204865086419629,0.5350675842,-1046934727134548.0000
2050688329968852,0.9106885602,-201111483585325.0000
1916383037954598,0.8510450291,-335416775599579.0000
2142349572771240,0.9513943290,-109450240782937.0000
1705213483093223,0.7572669084,-546586330460954.0000
903646687634229,0.4012997435,903646687634229.0000
494934038798268,0.2197948662,494934038798268.0000
899987330928547,0.3996746627,899987330928547.0000
2202022101277776,0.9778942551,-49777712276401.0000
1066081846092835,0.4734354447,1066081846092835.0000
2051130932259080,0.9108851151,-200668881295097.0000
44172434261062,0.0196165014,44172434261062.0000
1990790470551403,0.8840885671,-261009343002774.0000
1569753260921924,0.6971104853,-682046552632253.0000
266422129575267,0.1183151930,266422129575267.0000
2013034920176402,0.8939670872,-238764893377775.0000
763697050011976,0.3391496195,763697050011976.0000
1992234689474946,0.8847299291,-259565124079231.0000
1026070705062980,0.4556669287,1026070705062980.0000
440030683192958,0.1954128784,440030683192958.0000
2226565988729575,0.9887939307,-25233824824602.0000
104769677476675,0.0465270833,104769677476675.0000
801943661263816,0.3561345269,801943661263816.0000
2153651781638496,0.9564135181,-98148031915681.0000
873398240906217,0.3878667347,873398240906217.0000
1120537830669906,0.4976187599,1120537830669906.0000
2133869210684471,0.9476282918,-117930602869706.0000
2082764563927927,0.9249332696,-169035249626250.0000
1017342614789994,0.4517908780,1017342614789994.0000
1825453103632095,0.8106640265,-426346709922082.0000
1029180670029265,0.4570480306,1029180670029265.0000
1312124658210883,0.5827004027,-939675155343294.0000
1448429640029169,0.6432319744,-803370173525008.0000
772583761635021,0.3430961123,772583761635021.0000
1239108430361261,0.5502746838,-1012691383192916.0000
1161550331308218,0.5158319689,-1090249482245959.0000
1948735411099180,0.8654123690,-303064402454997.0000
1299956720126379,0.5772967527,-951843093427798.0000
727191780702393,0.3229380233,727191780702393.0000
1720212586528720,0.7639278484,-531587227025457.0000
1315590185829203,0.5842394061,-936209627724974.0000
826650413000906,0.3671065288,826650413000906.0000
38682393866122,0.0171784337,38682393866122.0000
594268668877417,0.2639083036,594268668877417.0000
370423729808053,0.1645011815,370423729808053.0000
449054134851129,0.1994200959,449054134851129.0000
551130369689359,0.2447510504,551130369689359.0000
2153681695092192,0.9564268023,-98118118461985.0000
245189328704658,0.1088859353,245189328704658.0000
1987773198080642,0.8827486289,-264026615473535.0000
1261509572225524,0.5602227892,-990290241328653.0000
854259877381844,0.3793675940,854259877381844.0000
247337402732841,0.1098398718,247337402732841.0000
1688835900118054,0.7499938005,-562963913436123.0000
765284138343217,0.3398544283,765284138343217.0000
2035827222414184,0.9040889026,-215972591139993.0000
590742716246412,0.2623424661,590742716246412.0000
1178938078642777,0.5235536798,-1072861734911400.0000
1690660657119525,0.7508041554,-561139156434652.0000
2112853270151739,0.9382953393,-138946543402438.0000
1586099720095335,0.7043697715,-665700093458842.0000
2125785983178612,0.9440386176,-126013830375565.0000
44052296132514,0.0195631494,44052296132514.0000
886503245279499,0.3936865257,886503245279499.0000
530262701226086,0.2354839440,530262701226086.0000
1145453876653727,0.5086837070,-1106345936900450.0000
243246178751378,0.1080230033,243246178751378.0000
1528989261392276,0.6790076330,-722810552161901.0000
420580728041627,0.1867753632,420580728041627.0000
1012356771439215,0.4495767187,1012356771439215.0000
1439679101351478,0.6393459546,-812120712202699.0000
1296071405141968,0.5755713263,-955728408412209.0000
1499428649549749,0.6658800842,-752371164004428.0000
705697714608247,0.3133927405,705697714608247.0000
1907019414772232,0.8468867451,-344780398781945.0000
2078680610511971,0.9231196299,-173119203042206.0000
2121850938147768,0.9422911066,-129948875406409.0000
704947445986214,0.3130595543,704947445986214.0000
998176224505070,0.4432792909,998176224505070.0000
1816119479571831,0.8065190647,-435680333982346.0000
1439402886017399,0.6392232903,-812396927536778.0000
2017663304876745,0.8960225029,-234136508677432.0000
904619383732143,0.4017317074,904619383732143.0000
1669706513317890,0.7414986462,-582093300236287.0000
884823993315533,0.3929407881,884823993315533.0000
1093684817200266,0.4856936263,1093684817200266.0000
1589211000769141,0.7057514577,-662588812785036.0000
861406902997326,0.3825415109,861406902997326.0000
1716986285274260,0.7624950828,-534813528279917.0000
35110083591907,0.0155920093,35110083591907.0000
212986412683464,0.0945849677,212986412683464.0000
85201654587451,0.0378371355,85201654587451.0000
977334451210025,0.4340236842,977334451210025.0000
559240754965688,0.2483527850,559240754965688.0000
97394345874512,0.0432517781,97394345874512.0000
787303830486239,0.3496331360,787303830486239.0000
844465772642600,0.3750181377,844465772642600.0000
1090855960085906,0.4844373614,1090855960085906.0000
1521696665614024,0.6757690699,-730103147940153.0000
681562276518990,0.3026744529,681562276518990.0000
1911723885396322,0.8489759498,-340075928157855.0000
1324510566847923,0.5882008511,-927289246706254.0000
902715582166074,0.4008862496,902715582166074.0000
2207750978752443,0.9804383878,-44048834801734.0000
166418604922931,0.0739047068,166418604922931.0000
877678763584713,0.3897676686,877678763584713.0000
796640958603326,0.3537796539,796640958603326.0000
1882131205772885,0.8358341601,-369668607781292.0000
2111274107228780,0.9375940501,-140525706325397.0000
1697573034319019,0.7538738675,-554226779235158.0000
181802239912160,0.0807364131,181802239912160.0000
321505505124830,0.1427771257,321505505124830.0000
2000860499817176,0.8885605584,-250939313737001.0000
2023672833328315,0.8986912696,-228126980225862.0000
1623479824831282,0.7209698727,-628319988722895.0000
963459831730044,0.4278621154,963459831730044.0000
1442713618202596,0.6406935508,-809086195351581.0000
997173445930425,0.4428339677,997173445930425.0000
362799069190837,0.1611151520,362799069190837.0000
559121491151947,0.2482998212,559121491151947.0000
792792524059976,0.3520706056,792792524059976.0000
412844976500009,0.1833399994,412844976500009.0000
281037486701005,0.1248057154,281037486701005.0000
1212478246653791,0.5384485065,-1039321566900386.0000
731041829904193,0.3246477886,731041829904193.0000
709014828467062,0.3148658350,709014828467062.0000
54430945700870,0.0241721957,54430945700870.0000
128256247868071,0.0569572158,128256247868071.0000
838011282146569,0.3721517682,838011282146569.0000
1238324799323639,0.5499266817,-1013475014230538.0000
607993825870234,0.2700034977,607993825870234.0000
1385472366259931,0.6152733284,-866327447294246.0000
709212933611198,0.3149538113,709212933611198.0000
1153892801459767,0.5124313425,-1097907012094410.0000
1387154327641562,0.6160202693,-864645485912615.0000
1245312036838794,0.5530296385,-1006487776715383.0000
571946211628140,0.2539951412,571946211628140.0000
273736902529852,0.1215636048,273736902529852.0000
2137984469433145,0.9494558338,-113815344121032.0000
1666216472148108,0.7399487566,-585583341406069.0000
884142601300625,0.3926381892,884142601300625.0000
1031214518621939,0.4579512408,1031214518621939.0000
1940012103680552,0.8615384423,-311787709873625.0000
1286549480073202,0.5713427421,-965250333480975.0000
353603126154320,0.1570313329,353603126154320.0000
1754868004662817,0.7793179456,-496931808891360.0000
126650052982883,0.0562439220,126650052982883.0000
2054682441901756,0.9124623022,-197117371652421.0000
997691594712126,0.4430640720,997691594712126.0000
1436177386041753,0.6377908806,-815622427512424.0000
186927401115524,0.0830124419,186927401115524.0000
398366716825102,0.1769103605,398366716825102.0000
409431083013123,0.1818239262,409431083013123.0000
1936344366695029,0.8599096399,-315455446859148.0000
409411716986998,0.1818153259,409411716986998.0000
658861354538108,0.2925932184,658861354538108.0000
603372075497785,0.2679510283,603372075497785.0000
1968193557767802,0.8740535220,-283606255786375.0000
1879287022448296,0.8345710889,-372512791105881.0000
1703235382117820,0.7563884551,-548564431436357.0000
72207999021690,0.0320667932,72207999021690.0000
636685990716293,0.2827453786,636685990716293.0000
919426342622139,0.4083073180,919426342622139.0000
562016131887527,0.2495852999,562016131887527.0000
974115192423825,0.4325940461,974115192423825.0000
130769432282010,0.0580732939,130769432282010.0000
276668937792916,0.1228656900,276668937792916.0000
341191229632650,0.1515193436,341191229632650.0000
652799562284481,0.2899012418,652799562284481.0000
752657785475650,0.3342472013,752657785475650.0000
2226812271328580,0.9889033021,-24987542225597.0000
1835310778776127,0.8150417136,-416489034778050.0000
1487255529860576,0.6604741331,-764544283693601.0000
28029056728978,0.0124474017,28029056728978.0000
280928335015187,0.1247572423,280928335015187.0000
1477990025637326,0.6563594227,-773809787916851.0000
1388836050400527,0.6167671043,-862963763153650.0000
1683795761812500,0.7477555295,-568004051741677.0000
251125933174236,0.1115223172,251125933174236.0000
1290437988085490,0.5730695865,-961361825468687.0000
977629910964637,0.4341548947,977629910964637.0000
52940988885071,0.0235105219,52940988885071.0000
557106734029001,0.2474050893,557106734029001.0000
2181807252227406,0.9689170587,-69992561326771.0000
2192365599860773,0.9736059070,-59434213693404.0000
1299725317071705,0.5771939891,-952074496482472.0000
1250306997774631,0.5552478467,-1001492815779546.0000
324885133923101,0.1442779824,324885133923101.0000
1869510595477009,0.8302294832,-382289218077168.0000
1215199669300248,0.5396570610,-1036600144253929.0000
1115889737589522,0.4955545919,1115889737589522.0000
2122387859596947,0.9425295476,-129411953957230.0000
2203405717034876,0.9785087039,-48394096519301.0000
483223881032663,0.2145945115,483223881032663.0000
1124472089168767,0.4993659216,1124472089168767.0000
837168029108940,0.3717772886,837168029108940.0000
1842631250121020,0.8182926560,-409168563433157.0000
1496245977245331,0.6644666938,-755553836308846.0000
1323051732204997,0.5875529984,-928748081349180.0000
1591147327863420,0.7066113596,-660652485690757.0000
389349046256958,0.1729057103,389349046256958.0000
234866302848978,0.1043015909,234866302848978.0000
453580969305120,0.2014304143,453580969305120.0000
669445098850012,0.2972933450,669445098850012.0000
1381155505361578,0.6133562571,-870644308192599.0000
1809110521529023,0.8034064621,-442689292025154.0000
1334672659945178,0.5927137270,-917127153608999.0000
95061429033935,0.0422157549,95061429033935.0000
348562822208919,0.1547929883,348562822208919.0000
662478953432414,0.2941997550,662478953432414.0000
1820878669369062,0.8086325696,-430921144185115.0000
2077016274237662,0.9223805161,-174783539316515.0000
2017237883985497,0.8958335780,-234561929568680.0000
380997406335988,0.1691968371,380997406335988.0000
602668667741965,0.2676386525,602668667741965.0000
1362675300671657,0.6051493976,-889124512882520.0000
918270475764412,0.4077940100,918270475764412.0000
745189713464912,0.3309307111,745189713464912.0000
1386673006089724,0.6158065196,-865126807464453.0000
992464728382701,0.4407428771,992464728382701.0000
927701479673876,0.4119822171,927701479673876.0000
1690976143804464,0.7509442596,-560823669749713.0000
2112683290923679,0.9382198534,-139116522630498.0000
882414989303862,0.3918709754,882414989303862.0000
605471810280564,0.2688834978,605471810280564.0000
1964321599611067,0.8723340271,-287478213943110.0000
1200185360408698,0.5329893684,-1051614453145479.0000
800980404630581,0.3557067550,800980404630581.0000
1742307212349174,0.7737398333,-509492601205003.0000
231378549257023,0.1027527171,231378549257023.0000
1983526258449346,0.8808626089,-268273555104831.0000
852279766714206,0.3784882482,852279766714206.0000
298537574324246,0.1325773155,298537574324246.0000
636203353732529,0.2825310447,636203353732529.0000
2083943306447488,0.9254567364,-167856507106689.0000
1429313067099013,0.6347425106,-822486746455164.0000
196857240055523,0.0874221762,196857240055523.0000
2084848574539684,0.9258587562,-166951239014493.0000
514628214396693,0.2285408371,514628214396693.0000
1050660274186428,0.4665868910,1050660274186428.0000
1628210847750481,0.7230708689,-623588965803696.0000
1231774976122415,0.5470179759,-1020024837431762.0000
2117336638530331,0.9402863548,-134463175023846.0000
627760837619122,0.2787818144,627760837619122.0000
562589709166406,0.2498400194,562589709166406.0000
1220087697563938,0.5418277816,-1031712115990239.0000
1013675867266661,0.4501625150,1013675867266661.0000
2002383524398024,0.8892369172,-249416289156153.0000
199901700070817,0.0887741880,199901700070817.0000
660094358196234,0.2931407820,660094358196234.0000
862178563801651,0.3828841972,862178563801651.0000
14539963472598,0.0064570409,14539963472598.0000
1933493899468179,0.8586437781,-318305914085998.0000
1934487881653216,0.8590851949,-317311931900961.0000
1299889206867508,0.5772667708,-951910606686669.0000
905277983451229,0.4020241844,905277983451229.0000
275879837973633,0.1225152593,275879837973633.0000
1344443183581340,0.5970527111,-907356629972837.0000
1833956215895174,0.8144401669,-417843597659003.0000
1341365764143402,0.5956860624,-910434049410775.0000
1072621745317714,0.4763397434,1072621745317714.0000
4838270665610,0.0021486238,4838270665610.0000
577672429356541,0.2565380927,577672429356541.0000
469422160981132,0.2084653166,469422160981132.0000
1734939210498738,0.7704677832,-516860603055439.0000
1773116952384413,0.7874221064,-478682861169764.0000
337613903995685,0.1499306919,337613903995685.0000
652022952901685,0.2895563580,652022952901685.0000
389434434299569,0.1729436302,389434434299569.0000
1136135418703655,0.5045454804,-1115664394850522.0000
2066955844677755,0.9179127879,-184843968876422.0000
1432530080861473,0.6361711517,-819269732692704.0000
1958584917522220,0.8697864285,-293214896031957.0000
546027043385423,0.2424847183,546027043385423.0000
2056557073626828,0.9132948059,-195242739927349.0000
554540791188085,0.2462655818,554540791188085.0000
1164150004011758,0.5169864555,-1087649809542419.0000
1316589805063012,0.5846833263,-935210008491165.0000
79722429300254,0.0354038706,79722429300254.0000
1791140244583325,0.7954260560,-460659568970852.0000
1098761846551607,0.4879482803,1098761846551607.0000
2134059405274156,0.9477127551,-117740408280021.0000
1670309320030221,0.7417663462,-581490493523956.0000
348258439931080,0.1546578154,348258439931080.0000
1890782859791569,0.8396762663,-361016953762608.0000
729548158949883,0.3239844655,729548158949883.0000
2224910947895353,0.9880589449,-26888865658824.0000
1159907509032519,0.5151024092,-1091892304521658.0000
1246769172405150,0.5536767367,-1005030641149027.0000
1039335627738827,0.4615577377,1039335627738827.0000
1515199221371859,0.6728836250,-736600592182318.0000
221121253680312,0.0981975628,221121253680312.0000
573605878185454,0.2547321812,573605878185454.0000
912379889036760,0.4051780640,912379889036760.0000
1458445898227168,0.6476800866,-793353915327009.0000
631922491208157,0.2806299598,631922491208157.0000
551920256245618,0.2451018305,551920256245618.0000
987908879141014,0.4387196736,987908879141014.0000
1406857116144653,0.6247700651,-844942697409524.0000
1417679863739891,0.6295763305,-834119949814286.0000
1751980475404808,0.7780356250,-499819338149369.0000
2023555355701308,0.8986390991,-228244457852869.0000
1612972138438258,0.7163035225,-638827675115919.0000
1451907313981006,0.6447763719,-799892499573171.0000
368419963404457,0.1636113305,368419963404457.0000
1630602753571615,0.7241330885,-621197059982562.0000
1106562149793284,0.4914123108,1106562149793284.0000
294920992863693,0.1309712307,294920992863693.0000
1743921496459994,0.7744567194,-507878317094183.0000
1438622943225451,0.6388769262,-813176870328726.0000
1705975370437173,0.7576052543,-545824443117004.0000
1041632305704892,0.4625776676,1041632305704892.0000
995131594232882,0.4419272034,995131594232882.0000
1225819348353105,0.5443731459,-1025980465201072.0000
1951441172639164,0.8666139685,-300358640915013.0000
1712872408729936,0.7606681546,-538927404824241.0000
22490937661112,0.0099879827,22490937661112.0000
721195553311947,0.3202751634,721195553311947.0000
616296799672095,0.2736907588,616296799672095.0000
1903863546997647,0.8454852583,-347936266556530.0000
1472839033267852,0.6540719226,-778960780286325.0000
165572057030426,0.0735287640,165572057030426.0000
1300542430321394,0.5775568603,-951257383232783.0000
2192699071648176,0.9737539982,-59100741906001.0000
581335037160346,0.2581646173,581335037160346.0000
1472654423450251,0.6539899393,-779145390103926.0000
2184697090050061,0.9702004045,-67102723504116.0000
985822442641141,0.4377931096,985822442641141.0000
528430068005170,0.2346700914,528430068005170.0000
1524362976762949,0.6769531499,-727436836791228.0000
1417354804846620,0.6294319754,-834445008707557.0000
1364147536484313,0.6058032016,-887652277069864.0000
1755938916758617,0.7797935261,-495860896795560.0000
1147798350040968,0.5097248624,-1104001463513209.0000
510948650487744,0.2269067825,510948650487744.0000
277311382826263,0.1231509929,277311382826263.0000
130196086252477,0.0578186771,130196086252477.0000
1974990040056158,0.8770717664,-276809773498019.0000
218198866772058,0.0968997623,218198866772058.0000
1079751591706069,0.4795060312,1079751591706069.0000
759630073781062,0.3373435193,759630073781062.0000
1610976160071357,0.7154171301,-640823653482820.0000
124642008217794,0.0553521709,124642008217794.0000
1105422762882694,0.4909063213,1105422762882694.0000
1741306504136292,0.7732954296,-510493309417885.0000
1479209798569436,0.6569011107,-772590014984741.0000
2189760879449024,0.9724491788,-62038934105153.0000
1501269801349768,0.6666977199,-750530012204409.0000
446070935567124,0.1980952893,446070935567124.0000
1671443048398206,0.7422698227,-580356765155971.0000
1928217620352947,0.8563006395,-323582193201230.0000
1875361806749125,0.8328279430,-376438006805052.0000
1853237460418,0.0008230028,1853237460418.0000
2092517195800550,0.9292643081,-159282617753627.0000
1556423056752204,0.6911906855,-695376756801973.0000
125999547006372,0.0559550393,125999547006372.0000
688684232661544,0.3058372367,688684232661544.0000
1734688881511168,0.7703566148,-517110932043009.0000
430138408263232,0.1910198259,430138408263232.0000
2098463786092591,0.9319051247,-153336027461586.0000
1457121974604322,0.6470921464,-794677838949855.0000
729822510722260,0.3241063021,729822510722260.0000
1450102115199040,0.6439747026,-801697698355137.0000
1747261356923500,0.7759399154,-504538456630677.0000
1709739860795860,0.7592770239,-542059952758317.0000
249924438931727,0.1109887466,249924438931727.0000
1880605399647237,0.8351565660,-371194413906940.0000
436920199665268,0.1940315462,436920199665268.0000
1870615850606580,0.8307203151,-381183962947597.0000
2250149530638390,0.9992671272,-1650282915787.0000
853554419579903,0.3790543078,853554419579903.0000
1122288741358744,0.4983963204,1122288741358744.0000
1961611484396358,0.8711304942,-290188329157819.0000
979189090798865,0.4348473097,979189090798865.0000
559754056850172,0.2485807368,559754056850172.0000
665735232578696,0.2956458334,665735232578696.0000
2057112310003870,0.9135413804,-194687503550307.0000
605492190376203,0.2688925484,605492190376203.0000
1930312556688685,0.8572309781,-321487256865492.0000
818900690523930,0.3636649606,818900690523930.0000
684012365328034,0.3037625109,684012365328034.0000
1824387071161157,0.8101906129,-427412742393020.0000
2074100674415523,0.9210857297,-177699139138654.0000
262048268918254,0.1163728087,262048268918254.0000
2183889052073340,0.9698415636,-67910761480837.0000
1486329562547441,0.6600629210,-765470251006736.0000
2095008543896775,0.9303706889,-156791269657402.0000
668839717329025,0.2970245016,668839717329025.0000
496055263498149,0.2202927900,496055263498149.0000
568912515249055,0.2526479094,568912515249055.0000
1934803503255252,0.8592253590,-316996310298925.0000
1691325308010464,0.7510993197,-560474505543713.0000
2114439316665373,0.9389996855,-137360496888804.0000
810956902882478,0.3601372102,810956902882478.0000
408779542225608,0.1815345839,408779542225608.0000
205682985910676,0.0913415947,205682985910676.0000
1369418969090388,0.6081441880,-882380844463789.0000
869191174855486,0.3859984221,869191174855486.0000
1272919872872916,0.5652899806,-978879940681261.0000
775867083460268,0.3445542001,775867083460268.0000
1633420611046289,0.7253844686,-618379202507888.0000
475598224142275,0.2112080396,475598224142275.0000
165059822712096,0.0733012863,165059822712096.0000
2143018611090839,0.9516914417,-108781202463338.0000
1980821393635149,0.8796614076,-270978419919028.0000
249803507749031,0.1109350424,249803507749031.0000
914656762552640,0.4061891990,914656762552640.0000
1082334054882347,0.4806528753,1082334054882347.0000
1318601085522585,0.5855765142,-933198728031592.0000
443352894434259,0.1968882366,443352894434259.0000
351249441533119,0.1559860870,351249441533119.0000
1946764859672633,0.8645372683,-305034953881544.0000
670838352212144,0.2979120738,670838352212144.0000
1941710445234975,0.8622926574,-310089368319202.0000
30741132900634,0.0136518054,30741132900634.0000
164494352474646,0.0730501670,164494352474646.0000
526325060340286,0.2337352802,526325060340286.0000
1899864657249357,0.8437093945,-351935156304820.0000
1116694402054,0.0004959119,1116694402054.0000
133719002903540,0.0593831663,133719002903540.0000
497861957284280,0.2210951232,497861957284280.0000
867068073635157,0.3850555757,867068073635157.0000
2202731485145003,0.9782092848,-49068328409174.0000
634585963619221,0.2818127792,634585963619221.0000
1465943905836794,0.6510098709,-785855907717383.0000
987114547060476,0.4383669193,987114547060476.0000
2212791996014632,0.9826770491,-39007817539545.0000
197909218434858,0.0878893484,197909218434858.0000
1217181666110561,0.5405372444,-1034618147443616.0000
1233541038742627,0.5478022652,-1018258774811550.0000
2186079582499399,0.9708143545,-65720231054778.0000
639721582933028,0.2840934523,639721582933028.0000
2168793619996525,0.9631378451,-83006193557652.0000
1659630444869724,0.7370239729,-592169368684453.0000
992328543253371,0.4406823987,992328543253371.0000
283921195200239,0.1260863392,283921195200239.0000
982600780001495,0.4363624040,982600780001495.0000
72780831827069,0.0323211821,72780831827069.0000
1646780129015552,0.7313172863,-605019684538625.0000
1777991671354230,0.7895869165,-473808142199947.0000
366246906804852,0.1626462995,366246906804852.0000
2090057892842110,0.9281721582,-161741920712067.0000
1130317147190384,0.5019616488,-1121482666363793.0000
955879663723614,0.4244958446,955879663723614.0000
307281587135722,0.1364604372,307281587135722.0000
2218030793551276,0.9850035426,-33769020002901.0000
1889897364316704,0.8392830273,-361902449237473.0000
536025045632202,0.2380429390,536025045632202.0000
706117861463300,0.3135793232,706117861463300.0000
1730790734343865,0.7686254897,-521009079210312.0000
1469456587720435,0.6525698150,-782343225833742.0000
1721409397513066,0.7644593392,-530390416041111.0000
1612725616869335,0.7161940449,-639074196684842.0000
403839000869608,0.1793405428,403839000869608.0000
1954587853498600,0.8680113755,-297211960055577.0000
552409827165821,0.2453192437,552409827165821.0000
893097505501865,0.3966149656,893097505501865.0000
829254519302217,0.3682629843,829254519302217.0000
824368850166916,0.3660933113,824368850166916.0000
167958524696478,0.0745885685,167958524696478.0000
963738247956737,0.4279857571,963738247956737.0000
875197865686949,0.3886659287,875197865686949.0000
2087354019520367,0.9269713973,-164445794033810.0000
107527065421944,0.0477516095,107527065421944.0000
380753894093757,0.1690886960,380753894093757.0000
714110979563256,0.3171289807,714110979563256.0000
619205532298354,0.2749824956,619205532298354.0000
42634504903543,0.0189335236,42634504903543.0000
2017169084392334,0.8958030249,-234630729161843.0000
1079111735370157,0.4792218779,1079111735370157.0000
723298375989121,0.3212090043,723298375989121.0000
1679525000426464,0.7458589304,-572274813127713.0000
766539256958117,0.3404118130,766539256958117.0000
1309598879778059,0.5815787318,-942200933776118.0000
1489432491551582,0.6614408983,-762367322002595.0000
145435604282880,0.0645863826,145435604282880.0000
236572218770405,0.1050591697,236572218770405.0000
1744055059911898,0.7745160335,-507744753642279.0000
1107559080304655,0.4918550369,1107559080304655.0000
897922342960946,0.3987576238,897922342960946.0000
1911957464235196,0.8490796796,-339842349318981.0000
653803268066906,0.2903469767,653803268066906.0000
1409337246644290,0.6258714643,-842462566909887.0000
1656947622046095,0.7358325603,-594852191508082.0000
1527264763691700,0.6782418022,-724535049862477.0000
353077373264557,0.1567978517,353077373264557.0000
646660009359945,0.2871747326,646660009359945.0000
1056728521785995,0.4692817343,1056728521785995.0000
229584418068510,0.1019559628,229584418068510.0000
258102103611800,0.1146203593,258102103611800.0000
2067415700796582,0.9181170051,-184384112757595.0000
2218573583983327,0.9852445900,-33226229570850.0000
1917812096510947,0.8516796586,-333987717043230.0000
1900171102275137,0.8438454834,-351628711279040.0000
185097167238885,0.0821996547,185097167238885.0000
1224664801797048,0.5438604242,-1027135011757129.0000
935576870310859,0.4154795931,935576870310859.0000
638468688358916,0.2835370553,638468688358916.0000
1852672208062923,0.8227517370,-399127605491254.0000
803767545006923,0.3569444940,803767545006923.0000
50424410969618,0.0223929368,50424410969618.0000
877213499382689,0.3895610498,877213499382689.0000
2127821579873014,0.9449426042,-123978233681163.0000
806346872085131,0.3580899453,806346872085131.0000
1671329687994067,0.7422194806,-580470125560110.0000
2239440843258268,0.9945115146,-12358970295909.0000
1516540670990791,0.6734793483,-735259142563386.0000
242870597344063,0.1078562117,242870597344063.0000
1871946353090677,0.8313111769,-379853460463500.0000
1149532932045156,0.5104951715,-1102266881509021.0000
266708974851790,0.1184425779,266708974851790.0000
1911716751612472,0.8489727817,-340083061941705.0000
696093725988506,0.3091277128,696093725988506.0000
172476741429355,0.0765950598,172476741429355.0000
1313306166242587,0.5832250977,-938493647311590.0000
1873743134442631,0.8321091081,-378056679111546.0000
1465422984135515,0.6507785352,-786376829418662.0000
164389599653010,0.0730036474,164389599653010.0000
1170697327173726,0.5198940510,-1081102486380451.0000
177140121275053,0.0786660165,177140121275053.0000
955323436997057,0.4242488303,955323436997057.0000
464298614399989,0.2061900048,464298614399989.0000
818294450899979,0.3633957361,818294450899979.0000
1912035570017127,0.8491143655,-339764243537050.0000
2024716815121009,0.8991548906,-227082998433168.0000
1425026692613161,0.6328389780,-826773120941016.0000
28900012556076,0.0128341837,28900012556076.0000
1357549020171374,0.6028728717,-894250793382803.0000
416117766130287,0.1847934100,416117766130287.0000
272570322566306,0.1210455392,272570322566306.0000
2057707778525019,0.9138058215,-194092035029158.0000
2117037769605248,0.9401536304,-134762043948929.0000
1317571156093430,0.5851191337,-934228657460747.0000
15392302521827,0.0068355555,15392302521827.0000
682808893582670,0.3032280620,682808893582670.0000
230406804660236,0.1023211758,230406804660236.0000
247689478932917,0.1099962250,247689478932917.0000
1526433302682303,0.6778725593,-725366510871874.0000
2027325597972655,0.9003134230,-224474215581522.0000
893543903895442,0.3968132063,893543903895442.0000
1094562074051453,0.4860832066,1094562074051453.0000
1890129779614708,0.8393862404,-361670033939469.0000
1456043065996400,0.6466130147,-795756747557777.0000
1486791866115873,0.6602682251,-765007947438304.0000
1190457915686295,0.5286695152,-1061341897867882.0000
2182860397820318,0.9693847493,-68939415733859.0000
1504672732162203,0.6682089247,-747127081391974.0000
64909019647187,0.0288253952,64909019647187.0000
1273239777486733,0.5654320468,-978560036067444.0000
413159934448601,0.1834798688,413159934448601.0000
159181732123401,0.0706908896,159181732123401.0000
1031794373530778,0.4582087481,1031794373530778.0000
525805652399603,0.2335046167,525805652399603.0000
309618317963028,0.1374981542,309618317963028.0000
830982636598653,0.3690304225,830982636598653.0000
1733220028171808,0.7697043129,-518579785382369.0000
385495821871567,0.1711945349,385495821871567.0000
1965853723404987,0.8730144268,-285946090149190.0000
1396685004026307,0.6202527399,-855114809527870.0000
1570403808678859,0.6973993866,-681396004875318.0000
593744355443586,0.2636754617,593744355443586.0000
1213893486265260,0.5390769992,-1037906327288917.0000
1684271399745011,0.7479667551,-567528413809166.0000
685036490706547,0.3042173139,685036490706547.0000
657707501087417,0.2920808045,657707501087417.0000
672536370408939,0.2986661453,672536370408939.0000
1956441893244233,0.8688347345,-295357920309944.0000
57355953551633,0.0254711601,57355953551633.0000
1300763579388385,0.5776550702,-951036234165792.0000
457899630439709,0.2033482851,457899630439709.0000
1007333854851672,0.4473460957,1007333854851672.0000
104227893757917,0.0462864830,104227893757917.0000
1281078988587509,0.5689133558,-970720824966668.0000
173820172965922,0.0771916633,173820172965922.0000
2174386154221214,0.9656214292,-77413659332963.0000
1118052634059125,0.4965151109,1118052634059125.0000
1896042143715921,0.8420118575,-355757669838256.0000
453758878277340,0.2015094217,453758878277340.0000
775745451225873,0.3445001845,775745451225873.0000
303786162726944,0.1349081570,303786162726944.0000
1707278433741150,0.7581839307,-544521379813027.0000
1047257708385402,0.4650758483,1047257708385402.0000
1800980500817345,0.7997960076,-450819312736832.0000
193014847811812,0.0857158113,193014847811812.0000
1883629426522680,0.8364995037,-368170387031497.0000
1466541195756961,0.6512751209,-785258617797216.0000
482246692471245,0.2141605526,482246692471245.0000
1260303551312357,0.5596872083,-991496262241820.0000
365338189361131,0.1622427479,365338189361131.0000
1938227691515338,0.8607460041,-313572122038839.0000
1097131160877941,0.4872241104,1097131160877941.0000
460543360954345,0.2045223373,460543360954345.0000
192258967963291,0.0853801332,192258967963291.0000
112259403363953,0.0498531897,112259403363953.0000
402419774255641,0.1787102796,402419774255641.0000
220891782964698,0.0980956574,220891782964698.0000
1098131814978827,0.4876684901,1098131814978827.0000
1508358798387192,0.6698458670,-743441015166985.0000
1694070612092946,0.7523184796,-557729201461231.0000
1285565974459016,0.5709059778,-966233839095161.0000
547586522733358,0.2431772662,547586522733358.0000
784940629831726,0.3485836641,784940629831726.0000
1237223431771709,0.5494375763,-1014576381782468.0000
510698265416613,0.2267955892,510698265416613.0000
33566966116885,0.0149067275,33566966116885.0000
938865690316084,0.4169401226,938865690316084.0000
2248960599952634,0.9987391359,-2839213601543.0000
2087964496153858,0.9272425033,-163835317400319.0000
361079696583234,0.1603515972,361079696583234.0000
1978887883317175,0.8788027565,-272911930237002.0000
2097967158406162,0.9316845777,-153832655148015.0000
734436176177573,0.3261551812,734436176177573.0000
672947476583939,0.2988487132,672947476583939.0000
778074935639794,0.3455346834,778074935639794.0000
1758775635581225,0.7810532824,-493024177972952.0000
894627649978120,0.3972944862,894627649978120.0000
2161550769270176,0.9599213732,-90249044284001.0000
799322935107799,0.3549706907,799322935107799.0000
1422546048038102,0.6317373505,-829253765516075.0000
2166710359764114,0.9622126917,-85089453790063.0000
1471709288570850,0.6535702151,-780090524983327.0000
2235052155399012,0.9925625457,-16747658155165.0000
1594159986622898,0.7079492489,-657639826931279.0000
745128380121292,0.3309034736,745128380121292.0000
491943856446069,0.2184669585,491943856446069.0000
1024854869859635,0.4551269894,1024854869859635.0000
1669647995737459,0.7414726592,-582151817816718.0000
738345999370928,0.3278914915,738345999370928.0000
1612957555273320,0.7162970463,-638842258280857.0000
1449178868168219,0.6435646985,-802620945385958.0000
2020362913714146,0.8972213700,-231436899840031.0000
1211840166548164,0.5381651421,-1039959647006013.0000
1790606398224173,0.7951889806,-461193415330004.0000
950014718909144,0.4218912859,950014718909144.0000
82449968066035,0.0366151412,82449968066035.0000
1234017335218655,0.5480137834,-1017782478335522.0000
1753962467125374,0.7789158062,-497837346428803.0000
773810775603795,0.3436410159,773810775603795.0000
1748314345019810,0.7764075361,-503485468534367.0000
1676375042618241,0.7444600681,-575424770935936.0000
1179638165934246,0.5238645810,-1072161647619931.0000
923870417929596,0.4102808839,923870417929596.0000
680424605868238,0.3021692256,680424605868238.0000
222957865663700,0.0990131824,222957865663700.0000
74908204506765,0.0332659254,74908204506765.0000
1313205172332576,0.5831802474,-938594641221601.0000
1121827902704579,0.4981916669,1121827902704579.0000
1743687554515380,0.7743528284,-508112259038797.0000
1496959982374866,0.6647837758,-754839831179311.0000
1315882080469340,0.5843690334,-935917733084837.0000
1536255845295384,0.6822346445,-715543968258793.0000
2094796353143305,0.9302764573,-157003460410872.0000
1598835328534181,0.7100255178,-652964485019996.0000
299976989819288,0.1332165444,299976989819288.0000
1167028403205418,0.5182647215,-1084771410348759.0000
478550972241618,0.2125193231,478550972241618.0000
2146192008602827,0.9531007133,-105607804951350.0000
2174046401697604,0.9654705488,-77753411856573.0000
408505420493632,0.1814128494,408505420493632.0000
958846076499027,0.4258131965,958846076499027.0000
1183517034225793,0.5255871446,-1068282779328384.0000
163938599986361,0.0728033633,163938599986361.0000
474690386629141,0.2108048787,474690386629141.0000
1244816664913621,0.5528096492,-1006983148640556.0000
1524857997394797,0.6771729832,-726941816159380.0000
74567737306315,0.0331147275,74567737306315.0000
758903400188457,0.3370208114,758903400188457.0000
1452893807137743,0.6452144628,-798906006416434.0000
1209173670916321,0.5369809801,-1042626142637856.0000
1892424155741539,0.8404051481,-359375657812638.0000
908480572189567,0.4034464195,908480572189567.0000
1389145828660362,0.6169046735,-862653984893815.0000
1504092458544445,0.6679512315,-747707355009732.0000
2033767096454023,0.9031740229,-218032717100154.0000
1862641181703568,0.8271788507,-389158631850609.0000
1948851424771371,0.8654638894,-302948388782806.0000
2070966833368329,0.9196940247,-180832980185848.0000
796787587878247,0.3538447703,796787587878247.0000
1388886364518085,0.6167894482,-862913449036092.0000
13656398385905,0.0060646592,13656398385905.0000
1422698292701792,0.6318049607,-829101520852385.0000
2107303116458642,0.9358305760,-144496697095535.0000
448929128167942,0.1993645818,448929128167942.0000
1334566784181722,0.5926667087,-917233029372455.0000
1990085493911157,0.8837754946,-261714319643020.0000
254504427388681,0.1130226701,254504427388681.0000
1179491884644741,0.5237996191,-1072307928909436.0000
1945908343209080,0.8641568986,-305891470345097.0000
311436281984393,0.1383054924,311436281984393.0000
723137126155797,0.3211373950,723137126155797.0000
1116481043265790,0.4958171843,1116481043265790.0000
205196569501757,0.0911255824,205196569501757.0000
2002859714082535,0.8894483879,-248940099471642.0000
529211753942008,0.2350172297,529211753942008.0000
974202959956353,0.4326330227,974202959956353.0000
1986840369847103,0.8823343700,-264959443707074.0000
2157543268538054,0.9581416854,-94256545016123.0000
432415626239832,0.1920311138,432415626239832.0000
1400838625962474,0.6220973186,-850961187591703.0000
2199626039150987,0.9768301897,-52173774403190.0000
1319246154128869,0.5858629822,-932553659425308.0000
710097042761758,0.3153464347,710097042761758.0000
355502862220706,0.1578749852,355502862220706.0000
20869170513772,0.0092677734,20869170513772.0000
496662137996463,0.2205622964,496662137996463.0000
1585766798048994,0.7042219244,-666033015505183.0000
2145602051213449,0.9528387196,-106197762340728.0000
1210882601027550,0.5377398975,-1040917212526627.0000
514520161900128,0.2284928522,514520161900128.0000
1933466486608746,0.8586316044,-318333326945431.0000
2188329618527038,0.9718135712,-63470195027139.0000
116839244677987,0.0518870479,116839244677987.0000
1574296921877033,0.6991282761,-677502891677144.0000
1084766861691809,0.4817332585,1084766861691809.0000
1370602159392563,0.6086696300,-881197654161614.0000
1777707811069232,0.7894608572,-474092002484945.0000
2175088982111943,0.9659335475,-76710831442234.0000
828666926324484,0.3680020406,828666926324484.0000
1476426115587776,0.6556649071,-775373697966401.0000
1417581871100449,0.6295328131,-834217942453728.0000
938436938136919,0.4167497184,938436938136919.0000
626364455934035,0.2781616963,626364455934035.0000
1901974504028656,0.8446463547,-349825309525521.0000
2110228734412512,0.9371298113,-141571079141665.0000
1233970563354492,0.5479930125,-1017829250199685.0000
807984395837805,0.3588171519,807984395837805.0000
439967617452089,0.1953848716,439967617452089.0000
526068679455510,0.2336214242,526068679455510.0000
2033618372775004,0.9031079764,-218181440779173.0000
1622032647737914,0.7203271969,-629767165816263.0000
699947506381719,0.3108391351,699947506381719.0000
1029796733374145,0.4573216177,1029796733374145.0000
856541174206841,0.3803806933,856541174206841.0000
2014678167935519,0.8946968358,-237121645618658.0000
428364242551021,0.1902319380,428364242551021.0000
1966092295042906,0.8731203738,-285707518511271.0000
860988998315814,0.3823559240,860988998315814.0000
20401263974082,0.0090599812,20401263974082.0000
1473319701908606,0.6542853823,-778480111645571.0000
1856318114311073,0.8243708447,-395481699243104.0000
2188003565207272,0.9716687745,-63796248346905.0000
88738236403935,0.0394076933,88738236403935.0000
2026293954251302,0.8998552811,-225505859302875.0000
159107974258207,0.0706581346,159107974258207.0000
1558018917353150,0.6918993900,-693780896201027.0000
1976903715296371,0.8779216089,-274896098257806.0000
1347934444505356,0.5986031424,-903865369048821.0000
768669307922218,0.3413577456,768669307922218.0000
1629758511624362,0.7237581697,-622041301929815.0000
2152320686840598,0.9558223932,-99479126713579.0000
1548205522429705,0.6875413672,-703594291124472.0000
1968802379549859,0.8743238931,-282997434004318.0000
1656914117064500,0.7358176811,-594885696489677.0000
1407653893754831,0.6251239055,-844145919799346.0000
2089547354633122,0.9279454337,-162252458921055.0000
605937894398995,0.2690904808,605937894398995.0000
1199528213119606,0.5326975364,-1052271600434571.0000
458036889566995,0.2034092404,458036889566995.0000
1038779056290139,0.4613105703,1038779056290139.0000
652919304659534,0.2899544181,652919304659534.0000
400342683248181,0.1777878659,400342683248181.0000
1145986042748999,0.5089200363,-1105813770805178.0000
558804437810749,0.2481590213,558804437810749.0000
1323602966485452,0.5877977956,-928196847068725.0000
279584065660785,0.1241602668,279584065660785.0000
865379774967481,0.3843058205,865379774967481.0000
2227582116469641,0.9892451820,-24217697084536.0000
1923051580076434,0.8540064567,-328748233477743.0000
1447355090342648,0.6427547785,-804444723211529.0000
1761983338551725,0.7824777886,-489816475002452.0000
1531278774429553,0.6800243810,-720521039124624.0000
381961760882040,0.1696250966,381961760882040.0000
718341237298920,0.3190075925,718341237298920.0000
798174557390347,0.3544607085,798174557390347.0000
468133646106764,0.2078931010,468133646106764.0000
1907645697289616,0.8471648704,-344154116264561.0000
514067318105783,0.2282917491,514067318105783.0000
1269390029196347,0.5637224151,-982409784357830.0000
587750203826712,0.2610135236,587750203826712.0000
1318745910558640,0.5856408294,-933053902995537.0000
409180329288733,0.1817125691,409180329288733.0000
1692839681811749,0.7517718367,-558960131742428.0000
2153931569326738,0.9565377687,-97868244227439.0000
40715631376404,0.0180813726,40715631376404.0000
1303088408819051,0.5786875019,-948711404735126.0000
169453833373828,0.0752526190,169453833373828.0000
1162787882365807,0.5163815519,-1089011931188370.0000
603557396371701,0.2680333273,603557396371701.0000
2145479995555307,0.9527845160,-106319817998870.0000
594858713639921,0.2641703361,594858713639921.0000
909169115030766,0.4037521939,909169115030766.0000
450462277369970,0.2000454368,450462277369970.0000
1663515355607791,0.7387492199,-588284457946386.0000
2045054770183004,0.9081867570,-206745043371173.0000
652407865789219,0.2897272936,652407865789219.0000
798287064676101,0.3545106718,798287064676101.0000
1928705416785126,0.8565172646,-323094396769051.0000
514716295303193,0.2285799529,514716295303193.0000
2182578714502135,0.9692596568,-69221099052042.0000
1745532057702855,0.7751719523,-506267755851322.0000
1939178206656837,0.8611681176,-312621606897340.0000
2082485966812187,0.9248095476,-169313846741990.0000
771179631204786,0.3424725531,771179631204786.0000
406721607156486,0.1806206772,406721607156486.0000
1274306412189299,0.5659057277,-977493401364878.0000
1401286066643221,0.6222960221,-850513746910956.0000
417179842913533,0.1852650668,417179842913533.0000
2114284616305201,0.9389309847,-137515197248976.0000
1516794719618641,0.6735921686,-735005093935536.0000
915442192744658,0.4065380001,915442192744658.0000
1679863011773344,0.7460090376,-571936801780833.0000
825395722702584,0.3665493343,825395722702584.0000
1949914502926658,0.8659359909,-301885310627519.0000
1113277044814006,0.4943943232,1113277044814006.0000
861940917088009,0.3827786608,861940917088009.0000
2050757384085206,0.9107192263,-201042429468971.0000
1448705143248123,0.6433543224,-803094670306054.0000
1704602847692048,0.7569957318,-547196965862129.0000
528607900986275,0.2347490651,528607900986275.0000
482713953098630,0.2143680580,482713953098630.0000
1653035201362986,0.7340950965,-598764612191191.0000
709270720094202,0.3149794737,709270720094202.0000
1794422358348819,0.7968836073,-457377455205358.0000
1536835728008405,0.6824921642,-714964085545772.0000
2245306189645940,0.9971162517,-6493623908237.0000
244119485759852,0.1084108295,244119485759852.0000
447939000925185,0.1989248770,447939000925185.0000
1567260537891423,0.6960034939,-684539275662754.0000
906195590803991,0.4024316839,906195590803991.0000
510224042777964,0.2265849920,510224042777964.0000
1321297678786002,0.5867740422,-930502134768175.0000
1799137106493505,0.7989773761,-452662707060672.0000
1054191469746419,0.4681550569,1054191469746419.0000
366303557255781,0.1626714573,366303557255781.0000
1108697855492636,0.4923607546,1108697855492636.0000
1283551275371602,0.5700112717,-968248538182575.0000
387416491642595,0.1720474837,387416491642595.0000
1953352275046321,0.8674626684,-298447538507856.0000
524742361868865,0.2330324209,524742361868865.0000
876863385426752,0.3894055680,876863385426752.0000
340299856311829,0.1511234943,340299856311829.0000
722251681935772,0.3207441788,722251681935772.0000
135037920404240,0.0599688834,135037920404240.0000
1618683223812381,0.7188397539,-633116589741796.0000
1103751537492080,0.4901641482,1103751537492080.0000
410722709108513,0.1823975234,410722709108513.0000
1590245096830877,0.7062106886,-661554716723300.0000
495964984464671,0.2202526981,495964984464671.0000
150269647808483,0.0667331292,150269647808483.0000
830199413313789,0.3686826015,830199413313789.0000
1345261255431821,0.5974160080,-906538558122356.0000
791134253839309,0.3513341857,791134253839309.0000
1009714409390802,0.4484032743,1009714409390802.0000
991660434010481,0.4403856986,991660434010481.0000
1083981379636617,0.4813844344,1083981379636617.0000
2049431368781157,0.9101303573,-202368444773020.0000
165610098398788,0.0735456577,165610098398788.0000
2046856944907714,0.9089870834,-204942868646463.0000
2166827492624730,0.9622647091,-84972320929447.0000
1585154232683078,0.7039498907,-666645580871099.0000
558704023247712,0.2481144282,558704023247712.0000
2163849266934027,0.9609421112,-87950546620150.0000
885459769261185,0.3932231293,885459769261185.0000
2141775628899769,0.9511394468,-110024184654408.0000
475865659790670,0.2113268049,475865659790670.0000
1014669823810774,0.4506039203,1014669823810774.0000
1015569062464805,0.4510032625,1015569062464805.0000
1438914048554321,0.6390062029,-812885764999856.0000
1655288940114157,0.7350959575,-596510873440020.0000
1171451898347138,0.5202291479,-1080347915207039.0000
1312397840415642,0.5828217200,-939401973138535.0000
342654212101395,0.1521690383,342654212101395.0000
2208166415357608,0.9806228787,-43633398196569.0000
357772726580888,0.1588830075,357772726580888.0000
1061035430784768,0.4711943861,1061035430784768.0000
195353079471915,0.0867541947,195353079471915.0000
1824244338871359,0.8101272271,-427555474682818.0000
1416916785994033,0.6292374560,-834883027560144.0000
1814894977087675,0.8059752764,-436904836466502.0000
1234506901185150,0.5482311943,-1017292912369027.0000
1340850026688156,0.5954570289,-910949786866021.0000
1861640640098653,0.8267345209,-390159173455524.0000
1845443496486317,0.8195415442,-406356317067860.0000
740573810369785,0.3288808383,740573810369785.0000
1356045577890359,0.6022052092,-895754235663818.0000
139337348368437,0.0618782129,139337348368437.0000
2201786912776468,0.9777898104,-50012900777709.0000
382651961332121,0.1699316072,382651961332121.0000
3465129957660,0.0015388268,3465129957660.0000
453932258302014,0.2015864179,453932258302014.0000
2205660337698765,0.9795099566,-46139475855412.0000
1681920525186181,0.7469227571,-569879288367996.0000
1770312639026491,0.7861767411,-481487174527686.0000
870788796221970,0.3867079085,870788796221970.0000
1557781654878374,0.6917940243,-694018158675803.0000
138608447914604,0.0615545161,138608447914604.0000
1430745323253952,0.6353785601,-821054490300225.0000
1336006713163025,0.5933061656,-915793100391152.0000
1682262207723893,0.7470744946,-569537605830284.0000
656411222151109,0.2915051410,656411222151109.0000
1596986005530055,0.7092042534,-654813808024122.0000
2051570286046426,0.9110802273,-200229527507751.0000
1958189811020605,0.8696109660,-293610002533572.0000
1680072083352222,0.7461018840,-571727730201955.0000
912890152534850,0.4054046665,912890152534850.0000
1516587662237326,0.6735002166,-735212151316851.0000
769035142064499,0.3415202086,769035142064499.0000
481176685010534,0.2136853739,481176685010534.0000
1335944013273345,0.5932783213,-915855800280832.0000
90277787615668,0.0400913914,90277787615668.0000
184957219120586,0.0821375053,184957219120586.0000
1708116509015069,0.7585561109,-543683304539108.0000
1323013283334996,0.5875359237,-928786530219181.0000
1709935035239340,0.7593636987,-541864778314837.0000
465185004278417,0.2065836410,465185004278417.0000
1131791498344670,0.5026163922,-1120008315209507.0000
1080919145217183,0.4800245291,1080919145217183.0000
380470155874587,0.1689626909,380470155874587.0000
379163393472659,0.1683823718,379163393472659.0000
1814245710291100,0.8056869440,-437554103263077.0000
258528377501363,0.1148096629,258528377501363.0000
2060187734704017,0.9149071433,-191612078850160.0000
1608575650557414,0.7143510897,-643224162996763.0000
1679888193385011,0.7460202205,-571911620169166.0000
2204039144508586,0.9787900022,-47760669045591.0000
879993998468837,0.3907958395,879993998468837.0000
1292175993147518,0.5738414158,-959623820406659.0000
195253963139389,0.0867101782,195253963139389.0000
1510540633792275,0.6708147965,-741259179761902.0000
653310154630458,0.2901279904,653310154630458.0000
1669238013555337,0.7412905905,-582561799998840.0000
1459120831919879,0.6479798174,-792678981634298.0000
779444538513797,0.3461429093,779444538513797.0000
2130754653032127,0.9462451503,-121045160522050.0000
330276244557395,0.1466721165,330276244557395.0000
1931876442751854,0.8579254830,-319923370802323.0000
602469449095593,0.2675501816,602469449095593.0000
652935675330733,0.2899616882,652935675330733.0000
1509458117435214,0.6703340627,-742341696118963.0000
264025787911752,0.1172510035,264025787911752.0000
1753055001232057,0.7785128104,-498744812322120.0000
929058430990755,0.4125848245,929058430990755.0000
119079778826165,0.0528820449,119079778826165.0000
578986925146712,0.2571218461,578986925146712.0000
1436385981982181,0.6378835158,-815413831571996.0000
1046582819333198,0.4647761373,1046582819333198.0000
1056142452940836,0.4690214674,1056142452940836.0000
769586937183637,0.3417652549,769586937183637.0000
1393859431609767,0.6189979337,-857940381944410.0000
1274504555649186,0.5659937211,-977295257904991.0000
1070278400200580,0.4752990891,1070278400200580.0000
229868916122675,0.1020823053,229868916122675.0000
1372969856910377,0.6097210989,-878829956643800.0000
939152721375740,0.4170675900,939152721375740.0000
1298854432065126,0.5768072385,-952945381489051.0000
1106169635703586,0.4912379995,1106169635703586.0000
1106523964690025,0.4913953532,1106523964690025.0000
1335882163804240,0.5932508546,-915917649749937.0000
1720236134468030,0.7639383058,-531563679086147.0000
1047271384459722,0.4650819217,1047271384459722.0000
2170570689064184,0.9639270223,-81229124489993.0000
1269366803266408,0.5637121007,-982433010287769.0000
925240062680539,0.4108891284,925240062680539.0000
1855337591889992,0.8239354052,-396462221664185.0000
1713495250355078,0.7609447519,-538304563199099.0000
762412551695308,0.3385791877,762412551695308.0000
1242840921742093,0.5519322429,-1008958891812084.0000
227161747146462,0.1008800808,227161747146462.0000
2171923013873012,0.9645275751,-79876799681165.0000
2035618535318442,0.9039962270,-216181278235735.0000
948474042893613,0.4212070883,948474042893613.0000
1150521304348924,0.5109340970,-1101278509205253.0000
2019742908117351,0.8969460322,-232056905436826.0000
752360741444199,0.3341152872,752360741444199.0000
751564648238087,0.3337617508,751564648238087.0000
1689650920725462,0.7503557424,-562148892828715.0000
434342107124289,0.1928866432,434342107124289.0000
2069210343129617,0.9189139863,-182589470424560.0000
417137791743563,0.1852463923,417137791743563.0000
1419274164561419,0.6302843423,-832525648992758.0000
1493063130349991,0.6630532259,-758736683204186.0000
349148556534231,0.1550531066,349148556534231.0000
746427777868894,0.3314805221,746427777868894.0000
2174745043899186,0.9657808082,-77054769654991.0000
1884549417437779,0.8369080618,-367250396116398.0000
218016112399579,0.0968186031,218016112399579.0000
754688450180005,0.3351489975,754688450180005.0000
1105930091782046,0.4911316206,1105930091782046.0000
856114083858957,0.3801910271,856114083858957.0000
417187292437436,0.1852683751,417187292437436.0000
1639268494546245,0.7279814505,-612531319007932.0000
1300170331394876,0.5773916152,-951629482159301.0000
300743065735217,0.1335567504,300743065735217.0000
2064028773495118,0.9166129072,-187771040059059.0000
1863242836034587,0.8274460389,-388556977519590.0000
1098208683951298,0.4877026267,1098208683951298.0000
508124743374258,0.2256527158,508124743374258.0000
440900692814780,0.1957992403,440900692814780.0000
942776580156495,0.4186769066,942776580156495.0000
1825221368950866,0.8105611156,-426578444603311.0000
1948605378307704,0.8653546228,-303194435246473.0000
1904755214722268,0.8458812383,-347044598831909.0000
273172428281505,0.1213129278,273172428281505.0000
1124464321072565,0.4993624719,1124464321072565.0000
1150939368963154,0.5111197550,-1100860444591023.0000
277080454131674,0.1230484399,277080454131674.0000
411906357205392,0.1829231687,411906357205392.0000
1735306937535389,0.7706310868,-516492876018788.0000
200791262932300,0.0891692333,200791262932300.0000
1626544599910379,0.7223309062,-625255213643798.0000
1951454439673589,0.8666198602,-300345373880588.0000
1508449420618486,0.6698861113,-743350392935691.0000
1997957632496982,0.8872714264,-253842181057195.0000
540802947395238,0.2401647536,540802947395238.0000
43600661846794,0.0193625835,43600661846794.0000
1171249238535272,0.5201391489,-1080550575018905.0000
2243545276324140,0.9963342491,-8254537230037.0000
1130402778743845,0.5019996769,-1121397034810332.0000
422669324935201,0.1877028865,422669324935201.0000
1572324539970009,0.6982523626,-679475273584168.0000
691654557227760,0.3071563258,691654557227760.0000
1990311170144341,0.8838757150,-261488643409836.0000
928698572734890,0.4124250154,928698572734890.0000
2074476915943643,0.9212528145,-177322897610534.0000
1658367941203313,0.7364633087,-593431872350864.0000
332951234378174,0.1478600506,332951234378174.0000
404834899573810,0.1797828107,404834899573810.0000
1532010027003945,0.6803491224,-719789786550232.0000
2047802346190832,0.9094069259,-203997467363345.0000
823820286981358,0.3658497003,823820286981358.0000
1591556759456823,0.7067931838,-660243054097354.0000
361894906868725,0.1607136232,361894906868725.0000
430615893629654,0.1912318720,430615893629654.0000
951697428168523,0.4226385589,951697428168523.0000
1190733506817028,0.5287919022,-1061066306737149.0000
1613101938148441,0.7163611652,-638697875405736.0000
237537421189932,0.1054878057,237537421189932.0000
930330872231803,0.4131499020,930330872231803.0000
709655960019405,0.3151505546,709655960019405.0000
340240550290692,0.1510971571,340240550290692.0000
541869164812762,0.2406382493,541869164812762.0000
239001369689472,0.1061379294,239001369689472.0000
1023749752255457,0.4546362186,1023749752255457.0000
621587477318685,0.2760402917,621587477318685.0000
1588915838529578,0.7056203793,-662883975024599.0000
1444382417521302,0.6414346466,-807417396032875.0000
1991414711688821,0.8843657858,-260385101865356.0000
1798082020404778,0.7985088237,-453717793149399.0000
203835144073084,0.0905209881,203835144073084.0000
1342299261761703,0.5961006186,-909500551792474.0000
198595650494375,0.0881941855,198595650494375.0000
2088202895316021,0.9273483738,-163596918238156.0000
746697980218085,0.3316005161,746697980218085.0000
2053940845637868,0.9121329673,-197858967916309.0000
663065348471054,0.2944601667,663065348471054.0000
476006810806579,0.2113894885,476006810806579.0000
1723185273927607,0.7652479868,-528614539626570.0000
931774223443970,0.4137908787,931774223443970.0000
2082972905735411,0.9250257919,-168826907818766.0000
645645228318302,0.2867240793,645645228318302.0000
141823436461264,0.0629822578,141823436461264.0000
851146850671755,0.3779851324,851146850671755.0000
266393085563176,0.1183022949,266393085563176.0000
1137944931828243,0.5053490657,-1113854881725934.0000
1545072572321232,0.6861500578,-706727241232945.0000
121679133271082,0.0540363902,121679133271082.0000
783913616625636,0.3481275786,783913616625636.0000
238954769688076,0.1061172349,238954769688076.0000
203489648900071,0.0903675574,203489648900071.0000
992525808487574,0.4407700021,992525808487574.0000
307306458413082,0.1364714823,307306458413082.0000
1285485077150512,0.5708700522,-966314736403665.0000
1889190094883723,0.8389689365,-362609718670454.0000
5749422035934,0.0025532563,5749422035934.0000
1559046797548275,0.6923558605,-692753016005902.0000
886283298535518,0.3935888498,886283298535518.0000
1367080084363585,0.6071055145,-884719729190592.0000
210736720241203,0.0935859036,210736720241203.0000
1812624376695113,0.8049669272,-439175436859064.0000
1128557948112140,0.5011804075,-1123241865442037.0000
867508121542714,0.3852509963,867508121542714.0000
426621439760496,0.1894579781,426621439760496.0000
1413138959822556,0.6275597641,-838660853731621.0000
190124400604415,0.0844321948,190124400604415.0000
1406980104099916,0.6248246827,-844819709454261.0000
1713331752425253,0.7608721442,-538468061128924.0000
1677020293732469,0.7447466172,-574779519821708.0000
1845702448884692,0.8196565422,-406097364669485.0000
2213261321877496,0.9828854717,-38538491676681.0000
1086313435656034,0.4824200753,1086313435656034.0000
480217576010494,0.2132594439,480217576010494.0000
2192613610969357,0.9737160461,-59186202584820.0000
2205768805430622,0.9795581260,-46031008123555.0000
354457989304466,0.1574109684,354457989304466.0000
1339496016722123,0.5948557277,-912303796832054.0000
1375428571411758,0.6108129875,-876371242142419.0000
732988864148685,0.3255124455,732988864148685.0000
492588597396866,0.2187532810,492588597396866.0000
1222370691093623,0.5428416344,-1029429122460554.0000
378338765675936,0.1680161635,378338765675936.0000
1815821602435016,0.8063867807,-435978211119161.0000
2082558570948108,0.9248417903,-169241242606069.0000
531931951454951,0.2362252400,531931951454951.0000
786298015852561,0.3491864646,786298015852561.0000
1441746209836964,0.6402639352,-810053603717213.0000
2187391814164991,0.9713971024,-64407999389186.0000
1852980942349592,0.8228888426,-398818871204585.0000
1935041139135491,0.8593308906,-316758674418686.0000
1943151424977174,0.8629325810,-308648388577003.0000
1375292919999675,0.6107527462,-876506893554502.0000
1443612681194560,0.6410928150,-808187132359617.0000
1920485220457849,0.8528667641,-331314593096328.0000
1154998144225559,0.5129222133,-1096801669328618.0000
1345351065879332,0.5974558919,-906448747674845.0000
757603518408531,0.3364435479,757603518408531.0000
1242345015883548,0.5517120165,-1009454797670629.0000
1821082867885466,0.8087232519,-430716945668711.0000
641848683482591,0.2850380747,641848683482591.0000
593979232091942,0.2637797679,593979232091942.0000
740136939319400,0.3286868286,740136939319400.0000
217792358805534,0.0967192365,217792358805534.0000
890101378764743,0.3952844180,890101378764743.0000
1600519078802726,0.7107732531,-651280734751451.0000
717888238984857,0.3188064208,717888238984857.0000
96685054558265,0.0429367895,96685054558265.0000
1790020875780530,0.7949289564,-461778937773647.0000
745511488554898,0.3310736079,745511488554898.0000
2112275065539826,0.9380385649,-139524748014351.0000
521499046603283,0.2315920996,521499046603283.0000
865014724775107,0.3841437057,865014724775107.0000
694182608324478,0.3082790060,694182608324478.0000
254965331474173,0.1132273526,254965331474173.0000
570400297665851,0.2533086175,570400297665851.0000
1119668088805083,0.4972325169,1119668088805083.0000
1645518878002835,0.7307571784,-606280935551342.0000
1689533804817406,0.7503037324,-562266008736771.0000
921206223000836,0.4090977437,921206223000836.0000
1460129493669065,0.6484277532,-791670319885112.0000
1940174232483318,0.8616104419,-311625581070859.0000
1528277169411500,0.6786914006,-723522644142677.0000
281584016061990,0.1250484232,281584016061990.0000
302750777656270,0.1344483536,302750777656270.0000
76428424152645,0.0339410385,76428424152645.0000
405712081161019,0.1801723576,405712081161019.0000
1809510921466778,0.8035842754,-442288892087399.0000
1456689982513074,0.6469003034,-795109831041103.0000
1992968409732386,0.8850557664,-258831403821791.0000
112422621804113,0.0499256733,112422621804113.0000
1964786286338186,0.8725403895,-287013527215991.0000
82981850899207,0.0368513446,82981850899207.0000
1309102138270909,0.5813581342,-942697675283268.0000
242423914093539,0.1076578445,242423914093539.0000
2032865307151566,0.9027735480,-218934506402611.0000
2080817441228485,0.9240685734,-170982372325692.0000
1105581098333927,0.4909766364,1105581098333927.0000
1034306777631360,0.4593244796,1034306777631360.0000
761456058494788,0.3381544194,761456058494788.0000
2242086252981822,0.9956863126,-9713560572355.0000
1786755366333676,0.7934787789,-465044447220501.0000
1006742311129710,0.4470833975,1006742311129710.0000
976487122739841,0.4336473948,976487122739841.0000
1990159212464641,0.8838082322,-261640601089536.0000
172940104110808,0.0768008342,172940104110808.0000
870926952121298,0.3867692620,870926952121298.0000
1705895335024739,0.7575697115,-545904478529438.0000
557086674013623,0.2473961809,557086674013623.0000
98723033527025,0.0438418340,98723033527025.0000
2214316315921593,0.9833539832,-37483497632584.0000
196716080838782,0.0873594889,196716080838782.0000
616948765291865,0.2739802897,616948765291865.0000
1771527127631231,0.7867160824,-480272685922946.0000
1240468484744651,0.5508786693,-1011331328809526.0000
1670441095093332,0.7418248661,-581358718460845.0000
942012559652779,0.4183376133,942012559652779.0000
9616710243156,0.0042706773,9616710243156.0000
1706593607471018,0.7578798067,-545206206083159.0000
1408490071075675,0.6254952428,-843309742478502.0000
932666978067345,0.4141873414,932666978067345.0000
889742748761020,0.3951251543,889742748761020.0000
534221732091653,0.2372421069,534221732091653.0000
220131314913502,0.0977579417,220131314913502.0000
482509523386271,0.2142772730,482509523386271.0000
749843324750703,0.3329973296,749843324750703.0000
287235353896854,0.1275581214,287235353896854.0000
1161096991009671,0.5156306453,-1090702822544506.0000
1341263926978020,0.5956408376,-910535886576157.0000
1407790213785037,0.6251844437,-844009599769140.0000
2019816673956160,0.8969787908,-231983139598017.0000
1527312721233053,0.6782630996,-724487092321124.0000
1624898524551460,0.7215999019,-626901289002717.0000
2060346350885247,0.9149775830,-191453462668930.0000
1478409821049309,0.6565458493,-773389992504868.0000
718142495008577,0.3189193332,718142495008577.0000
1412600778670969,0.6273207637,-839199034883208.0000
2003781404099195,0.8898577005,-248018409454982.0000
1961772368462914,0.8712019411,-290027445091263.0000
116984443141402,0.0519515289,116984443141402.0000
349912776157140,0.1553924883,349912776157140.0000
1174179158134451,0.5214402946,-1077620655419726.0000
2145836672655542,0.9529429125,-105963140898635.0000
709951064001864,0.3152816071,709951064001864.0000
490374020619211,0.2177698114,490374020619211.0000
1225386176893309,0.5441807791,-1026413636660868.0000
790067162333926,0.3508603019,790067162333926.0000
262267670520896,0.1164702426,262267670520896.0000
1967070731323271,0.8735548868,-284729082230906.0000
1649524954159761,0.7325362336,-602274859394416.0000
58134514029360,0.0258169104,58134514029360.0000
1541204713755567,0.6844323836,-710595099798610.0000
1217229144894673,0.5405583292,-1034570668659504.0000
1731408915679185,0.7689000173,-520390897874992.0000
743910757082099,0.3303627403,743910757082099.0000
619911669245620,0.2752960834,619911669245620.0000
275647699204222,0.1224121689,275647699204222.0000
1470743746359534,0.6531414283,-781056067194643.0000
15393639491072,0.0068361492,15393639491072.0000
2139060339123585,0.9499336159,-112739474430592.0000
2174570389852485,0.9657032462,-77229423701692.0000
1100541902364727,0.4887387839,1100541902364727.0000
972136237960920,0.4317152138,972136237960920.0000
1333645933386196,0.5922577688,-918153880167981.0000
1139611183551246,0.5060890301,-1112188630002931.0000
1811353922662876,0.8044027323,-440445890891301.0000
472269787580908,0.2097299168,472269787580908.0000
1725258601156421,0.7661687290,-526541212397756.0000
878734807635772,0.3902366464,878734807635772.0000
2148101536949653,0.9539487143,-103698276604524.0000
611562881730815,0.2715884769,611562881730815.0000
443361067826126,0.1968918663,443361067826126.0000
1666726448269955,0.7401752315,-585073365284222.0000
615492508766771,0.2733335819,615492508766771.0000
580324297621606,0.2577157588,580324297621606.0000
839451789486804,0.3727914819,839451789486804.0000
530724289876554,0.2356889306,530724289876554.0000
724149281342546,0.3215868822,724149281342546.0000
845548622710345,0.3754990198,845548622710345.0000
726751631473830,0.3227425578,726751631473830.0000
2040347437759566,0.9060962815,-211452375794611.0000
873225613176278,0.3877900726,873225613176278.0000
994299394166023,0.4415576323,994299394166023.0000
614425143901025,0.2728595767,614425143901025.0000
465907958981553,0.2069046974,465907958981553.0000
422092857019380,0.1874468834,422092857019380.0000
1851243933118003,0.8221174555,-400555880436174.0000
813634556511982,0.3613263273,813634556511982.0000
2056422497410433,0.9132350420,-195377316143744.0000
667126897099777,0.2962638566,667126897099777.0000
864786739771638,0.3840424600,864786739771638.0000
2111609427585850,0.9377429623,-140190385968327.0000
1018218132391874,0.4521796859,1018218132391874.0000
1050952783003405,0.4667167910,1050952783003405.0000
1795476159891480,0.7973515892,-456323653662697.0000
1410791734503913,0.6265173867,-841008079050264.0000
276409021792874,0.1227502641,276409021792874.0000
525778198195281,0.2334924246,525778198195281.0000
2089887259851645,0.9280963820,-161912553702532.0000
2221302222033615,0.9864563487,-30497591520562.0000
621356266878964,0.2759376136,621356266878964.0000
461737771562443,0.2050527621,461737771562443.0000
1190149246251398,0.5285324384,-1061650567302779.0000
14170213043067,0.0062928387,14170213043067.0000
1245425221034260,0.5530799024,-1006374592519917.0000
1745114595587998,0.7749865619,-506685217966179.0000
1660967118450103,0.7376175753,-590832695104074.0000
1721844019334517,0.7646523501,-529955794219660.0000
1984308009375321,0.8812097760,-267491804178856.0000
720459962737389,0.3199484956,720459962737389.0000
552326991357817,0.2452824572,552326991357817.0000
1931649901670613,0.8578248786,-320149911883564.0000
137326766152234,0.0609853351,137326766152234.0000
699500998944883,0.3106408459,699500998944883.0000
1004233356470399,0.4459691978,1004233356470399.0000
589781719858328,0.2619156980,589781719858328.0000
952154451117458,0.4228415179,952154451117458.0000
1302309524158758,0.5783416076,-949490289395419.0000
114495628391428,0.0508462731,114495628391428.0000
1237905508113948,0.5497404790,-1013894305440229.0000
320661288494873,0.1424022182,320661288494873.0000
1210426776496455,0.5375374708,-1041373037057722.0000
1081424262673615,0.4802488464,1081424262673615.0000
1342279976586736,0.5960920542,-909519836967441.0000
1216453297667714,0.5402137838,-1035346515886463.0000
2176885066408194,0.9667311691,-74914747145983.0000
1888856625714101,0.8388208465,-362943187840076.0000
1374148458879678,0.6102445034,-877651354674499.0000
1588809364555300,0.7055730953,-662990448998877.0000
1074471879233953,0.4771613679,1074471879233953.0000
2062577401286428,0.9159683684,-189222412267749.0000
834464210156461,0.3705765518,834464210156461.0000
1195288365263031,0.5308146657,-1056511448291146.0000
1059544907914269,0.4705324610,1059544907914269.0000
1169405573469841,0.5193203971,-1082394240084336.0000
1176790124330185,0.5225997965,-1075009689223992.0000
1529372689505179,0.6791779093,-722427124048998.0000
3832998403291,0.0017021932,3832998403291.0000
541888832001586,0.2406469832,541888832001586.0000
1888961145097778,0.8388672624,-362838668456399.0000
325811026799646,0.1446891615,325811026799646.0000
1614607698239335,0.7170298570,-637192115314842.0000
746581483974038,0.3315487813,746581483974038.0000
1949410088022714,0.8657119857,-302389725531463.0000
1544820480620184,0.6860381066,-706979332933993.0000
359214714205778,0.1595233786,359214714205778.0000
215496623433361,0.0956997252,215496623433361.0000
1456470746769406,0.6468029431,-795329066784771.0000
1358729392038373,0.6033970621,-893070421515804.0000
290047985728372,0.1288071808,290047985728372.0000
1003557313906597,0.4456689746,1003557313906597.0000
1989312915663026,0.8834324009,-262486897891151.0000
1603152386954387,0.7119426768,-648647426599790.0000
1537709602877021,0.6828802426,-714090210677156.0000
5244740678496,0.0023291327,5244740678496.0000
487554297203563,0.2165176026,487554297203563.0000
1607898166285956,0.7140502262,-643901647268221.0000
1759045938615432,0.7811733210,-492753874938745.0000
834279120574628,0.3704943555,834279120574628.0000
974542343359708,0.4327837393,974542343359708.0000
1719971274654182,0.7638206844,-531828538899995.0000
1211762884648021,0.5381308220,-1040036928906156.0000
1842150639064013,0.8180792218,-409649174490164.0000
1723380010126154,0.7653344670,-528419803428023.0000
1216948493964485,0.5404336951,-1034851319589692.0000
744961789676762,0.3308294926,744961789676762.0000
1501222942166011,0.6666769102,-750576871388166.0000
187189612447548,0.0831288871,187189612447548.0000
1920194648358547,0.8527377242,-331605165195630.0000
1038705428013129,0.4612778728,1038705428013129.0000
967212868167080,0.4295287984,967212868167080.0000
731463820801536,0.3248351902,731463820801536.0000
275348567970287,0.1222793280,275348567970287.0000
987346516247595,0.4384699343,987346516247595.0000
1282459079671148,0.5695262394,-969340733883029.0000
1449129578905780,0.6435428097,-802670234648397.0000
950466737992562,0.4220920227,950466737992562.0000
1362637156280670,0.6051324581,-889162657273507.0000
1380087179564457,0.6128818251,-871712633989720.0000
2197569672779288,0.9759169796,-54230140774889.0000
274851001844735,0.1220583642,274851001844735.0000
1685063017032402,0.7483183038,-566736796521775.0000
1644286477437642,0.7302098826,-607513336116535.0000
1411562776343478,0.6268597980,-840237037210699.0000
1900933595460686,0.8441840984,-350866218093491.0000
2210319553718577,0.9815790642,-41480259835600.0000
1576478917081628,0.7000972767,-675320896472549.0000
677828755525800,0.3010164365,677828755525800.0000
868235034244823,0.3855738103,868235034244823.0000
227689249273958,0.1011143388,227689249273958.0000
236488625191800,0.1050220467,236488625191800.0000
2162669273627767,0.9604180889,-89130539926410.0000
209093249802139,0.0928560561,209093249802139.0000
1527460455433936,0.6783287068,-724339358120241.0000
968366705511666,0.4300412051,968366705511666.0000
1190544955243925,0.5287081685,-1061254858310252.0000
1533928266898685,0.6812009921,-717871546655492.0000
1084242335313310,0.4815003220,1084242335313310.0000
437330175210897,0.1942136120,437330175210897.0000
32303089104523,0.0143454533,32303089104523.0000
1025969430700429,0.4556219538,1025969430700429.0000
1817594415854402,0.8071740680,-434205397699775.0000
322017245861260,0.1430043843,322017245861260.0000
660210680293519,0.2931924394,660210680293519.0000
1032083662954680,0.4583372184,1032083662954680.0000
1364540706846986,0.6059778043,-887259106707191.0000
546067182640593,0.2425025437,546067182640593.0000
2102749300456214,0.9338082754,-149050513097963.0000
2224744073355532,0.9879848377,-27055740198645.0000
1591503492987391,0.7067695287,-660296320566786.0000
1379364122642005,0.6125607234,-872435690912172.0000
836321100462229,0.3714011767,836321100462229.0000
223228084702163,0.0991331838,223228084702163.0000
2216370407299096,0.9842661830,-35429406255081.0000
1547704079798924,0.6873186819,-704095733755253.0000
180644975218114,0.0802224843,180644975218114.0000
1832527173055684,0.8138055444,-419272640498493.0000
188218742816938,0.0835859128,188218742816938.0000
1813155575986305,0.8052028271,-438644237567872.0000
994247699790930,0.4415346754,994247699790930.0000
100060375479963,0.0444357331,100060375479963.0000
1056707100595011,0.4692722214,1056707100595011.0000
2124279141366864,0.9433694454,-127520672187313.0000
1802962724309033,0.8006762917,-448837089245144.0000
264730094513433,0.1175637785,264730094513433.0000
2016043876204760,0.8953033321,-235755937349417.0000
1191549281647573,0.5291541790,-1060250531906604.0000
426758343102458,0.1895187754,426758343102458.0000
1031126803405889,0.4579122874,1031126803405889.0000
1734253662415369,0.7701633387,-517546151138808.0000
1731968650234970,0.7691485894,-519831163319207.0000
1822788624920113,0.8094807602,-429011188634064.0000
2026114942044979,0.8997757837,-225684871509198.0000
742514205237436,0.3297425467,742514205237436.0000
663785501875803,0.2947799791,663785501875803.0000
1914012839945163,0.8499924498,-337786973609014.0000
1677754342311473,0.7450726002,-574045471242704.0000
2139206965510069,0.9499987311,-112592848044108.0000
482118171158321,0.2141034777,482118171158321.0000
1574163011978532,0.6990688082,-677636801575645.0000
1516212038333269,0.6733334061,-735587775220908.0000
460280948284868,0.2044058026,460280948284868.0000
1525253317139603,0.6773485405,-726546496414574.0000
640596322471157,0.2844819147,640596322471157.0000
779337243533327,0.3460952607,779337243533327.0000
1464549599475949,0.6503906745,-787250214078228.0000
878258118721421,0.3900249540,878258118721421.0000
1128365977295852,0.5010951553,-1123433836258325.0000
2221655834147261,0.9866133840,-30143979406916.0000
27545144772588,0.0122325016,27545144772588.0000
724043575957354,0.3215399396,724043575957354.0000
2109534575347036,0.9368215428,-142265238207141.0000
994380880248476,0.4415938194,994380880248476.0000
442871434935414,0.1966744256,442871434935414.0000
770809181738594,0.3423080405,770809181738594.0000
1259845004051323,0.5594835724,-991954809502854.0000
1351148104214948,0.6000302940,-900651709339229.0000
1387095207592712,0.6159940148,-864704605961465.0000
1885170879076147,0.8371840462,-366628934478030.0000
883344132307883,0.3922835978,883344132307883.0000
2038995425897970,0.9054958676,-212804387656207.0000
1820358626939287,0.8084016243,-431441186614890.0000
1649615184628824,0.7325763039,-602184628925353.0000
2088856739037039,0.9276387388,-162943074517138.0000
116316981604062,0.0516551165,116316981604062.0000
2130450611110336,0.9461101286,-121349202443841.0000
1276072268247312,0.5666899254,-975727545306865.0000
5093606217731,0.0022620156,5093606217731.0000
1203442696629323,0.5344359163,-1048357116924854.0000
1049678552250820,0.4661509189,1049678552250820.0000
360254978503083,0.1599853488,360254978503083.0000
391186204361268,0.1737215724,391186204361268.0000
348458955960385,0.1547468624,348458955960385.0000
181650060499057,0.0806688318,181650060499057.0000
1915927857702448,0.8508428885,-335871955851729.0000
9678394059506,0.0042980704,9678394059506.0000
1877547856822734,0.8337987442,-374251956731443.0000
1759344498294913,0.7813059081,-492455315259264.0000
1457441565307274,0.6472340732,-794358248246903.0000
800913509234536,0.3556770475,800913509234536.0000
1761046046306168,0.7820615473,-490753767248009.0000
772799341892657,0.3431918491,772799341892657.0000
2131603110648897,0.9466219412,-120196702905280.0000
1063033480130593,0.4720816983,1063033480130593.0000
1179097802065527,0.5236246113,-1072702011488650.0000
900898928050890,0.4000794931,900898928050890.0000
6135196143547,0.0027245744,6135196143547.0000
250760568033980,0.1113600625,250760568033980.0000
846725534078264,0.3760216734,846725534078264.0000
1199408382421724,0.5326443209,-1052391431132453.0000
2183471974284672,0.9696563438,-68327839269505.0000
1792872560016227,0.7961953586,-458927253537950.0000
2027835850009514,0.9005400204,-223963963544663.0000
2160617396040602,0.9595068723,-91182417513575.0000
614865217887425,0.2730550088,614865217887425.0000
873091446658044,0.3877304907,873091446658044.0000
347992692445196,0.1545397998,347992692445196.0000
1513672469699922,0.6722056111,-738127343854255.0000
460749558563649,0.2046139074,460749558563649.0000
15409796537467,0.0068433244,15409796537467.0000
501441757337826,0.2226848738,501441757337826.0000
487179572521332,0.2163511914,487179572521332.0000
604958657052967,0.2686556120,604958657052967.0000
732312296926011,0.3252119893,732312296926011.0000
931177008914713,0.4135256621,931177008914713.0000
1619865933039494,0.7193649823,-631933880514683.0000
1922243334544755,0.8536475236,-329556479009422.0000
706269023447988,0.3136464526,706269023447988.0000
1416230603843475,0.6289327299,-835569209710702.0000
1924357597383100,0.8545864449,-327442216171077.0000
756701945983874,0.3360431693,756701945983874.0000
2090980338127742,0.9285818062,-160819475426435.0000
129696165032959,0.0575966675,129696165032959.0000
703843100713004,0.3125691265,703843100713004.0000
1924362930549209,0.8545888133,-327436883004968.0000
1307684746726692,0.5807286859,-944115066827485.0000
222738620271784,0.0989158179,222738620271784.0000
1329695132442910,0.5905032607,-922104681111267.0000
1910467210935439,0.8484178742,-341332602618738.0000
565873972104710,0.2512985252,565873972104710.0000
431415567072804,0.1915869983,431415567072804.0000
1186576662404141,0.5269458925,-1065223151150036.0000
715945443122072,0.3179436462,715945443122072.0000
975773704272154,0.4333305733,975773704272154.0000
481515809601063,0.2138359754,481515809601063.0000
878039365265820,0.3899278080,878039365265820.0000
834411136573930,0.3705529824,834411136573930.0000
1507488666834784,0.6694594510,-744311146719393.0000
127482995416399,0.0566138227,127482995416399.0000
1198496371973131,0.5322393069,-1053303441581046.0000
464928779868393,0.2064698545,464928779868393.0000
1665956697901424,0.7398333937,-585843115652753.0000
2184537104947618,0.9701293569,-67262708606559.0000
1270733038972260,0.5643188312,-981066774581917.0000
279425028067267,0.1240896399,279425028067267.0000
391581323713472,0.1738970407,391581323713472.0000
605137735532354,0.2687351388,605137735532354.0000
1635196969710949,0.7261733303,-616602843843228.0000
1280735450535883,0.5687607943,-971064363018294.0000
2163830548283703,0.9609337985,-87969265270474.0000
876944295778325,0.3894414994,876944295778325.0000
7987719506862,0.0035472600,7987719506862.0000
898412810840404,0.3989754353,898412810840404.0000
1516688462133719,0.6735449808,-735111351420458.0000
928652437869084,0.4124045274,928652437869084.0000
1150113302912914,0.5107529080,-1101686510641263.0000
1153398153975096,0.5122116749,-1098401659579081.0000
2005022197732697,0.8904087236,-246777615821480.0000
833674399130756,0.3702258052,833674399130756.0000
2039309670999770,0.9056354205,-212490142554407.0000
1675503755614331,0.7440731390,-576296057939846.0000
1473445193678436,0.6543411119,-778354619875741.0000
2080001444349782,0.9237061980,-171798369204395.0000
192040187123223,0.0852829750,192040187123223.0000
1234296701547595,0.5481378469,-1017503112006582.0000
12014747307463,0.0053356196,12014747307463.0000
745388071347634,0.3310187997,745388071347634.0000
1175247141353913,0.5219145744,-1076552672200264.0000
1930832849407163,0.8574620345,-320966964147014.0000
550633240234038,0.2445302806,550633240234038.0000
989111298526619,0.4392536550,989111298526619.0000
1134839633195870,0.5039700360,-1116960180358307.0000
127379311857706,0.0565677780,127379311857706.0000
1810754768277971,0.8041366543,-441045045276206.0000
66170512125014,0.0293856104,66170512125014.0000
1670764790806641,0.7419686158,-581035022747536.0000
385320598264225,0.1711167200,385320598264225.0000
175064182145081,0.0777441143,175064182145081.0000
996049975469544,0.4423350466,996049975469544.0000
828885476449083,0.3680990963,828885476449083.0000
1440565478850086,0.6397395853,-811234334704091.0000
1384178797107003,0.6146988683,-867621016447174.0000
1567282900313517,0.6960134249,-684516913240660.0000
1314630663871705,0.5838132928,-937169149682472.0000
1244027189317789,0.5524590516,-1007772624236388.0000
1394869418738429,0.6194464580,-856930394815748.0000
331776554324522,0.1473383879,331776554324522.0000
372752286573604,0.1655352684,372752286573604.0000
1188238544500650,0.5276839164,-1063561269053527.0000
1681467012589043,0.7467213571,-570332800965134.0000
596652048552076,0.2649667368,596652048552076.0000
751149662812021,0.3335774603,751149662812021.0000
1271012403466015,0.5644428940,-980787410088162.0000
1644647272443609,0.7303701077,-607152541110568.0000
1656754488045269,0.7357467916,-595045325508908.0000
1816907131091992,0.8068688523,-434892682462185.0000
404551918096943,0.1796571417,404551918096943.0000
228692674200202,0.1015599490,228692674200202.0000
1866315842482946,0.8288107279,-385483971071231.0000
639007610320427,0.2837763848,639007610320427.0000
850667166423863,0.3777721098,850667166423863.0000
1646447871122494,0.7311697342,-605351942431683.0000
1940609418879336,0.8618037035,-311190394674841.0000
1342590698934225,0.5962300427,-909209114619952.0000
264964813844270,0.1176680148,264964813844270.0000
998889080997331,0.4435958627,998889080997331.0000
2159209707542885,0.9588817330,-92590106011292.0000
739120602976848,0.3282354846,739120602976848.0000
243794133355082,0.1082663441,243794133355082.0000
969126104027008,0.4303784458,969126104027008.0000
876191717094737,0.3891072873,876191717094737.0000
506849214619150,0.2250862672,506849214619150.0000
2093438585777592,0.9296734875,-158361227776585.0000
1303609837448384,0.5789190627,-948189976105793.0000
751558056354749,0.3337588234,751558056354749.0000
1136370751009410,0.5046499889,-1115429062544767.0000
1183251460754417,0.5254692063,-1068548352799760.0000
896460398661645,0.3981083901,896460398661645.0000
1105088586813981,0.4907579174,1105088586813981.0000
640462942516192,0.2844226821,640462942516192.0000
1614922443334480,0.7171696319,-636877370219697.0000
1696855935996997,0.7535554119,-554943877557180.0000
441506418223689,0.1960682364,441506418223689.0000
1561988598299073,0.6936622825,-689811215255104.0000
952145826352071,0.4228376877,952145826352071.0000
1343915035185252,0.5968181661,-907884778368925.0000
804184836115608,0.3571298085,804184836115608.0000
2086902660813932,0.9267709537,-164897152740245.0000
380390135700619,0.1689271548,380390135700619.0000
1385006508492427,0.6150664460,-866793305061750.0000
506180311310895,0.2247892145,506180311310895.0000
671353576202065,0.2981408792,671353576202065.0000
1109145609657812,0.4925595974,1109145609657812.0000
1311063811533105,0.5822292922,-940736002021072.0000
200758951347000,0.0891548841,200758951347000.0000
1554058950514917,0.6901408114,-697740863039260.0000
884422487547091,0.3927624837,884422487547091.0000
1257789918161415,0.5585709309,-994009895392762.0000
2227332420636540,0.9891342948,-24467392917637.0000
1658349415405144,0.7364550816,-593450398149033.0000
911684016670169,0.4048690346,911684016670169.0000
585554782645707,0.2600385608,585554782645707.0000
413967332023062,0.1838384254,413967332023062.0000
2165994259384816,0.9618946792,-85805554169361.0000
1092414846624991,0.4851296461,1092414846624991.0000
349535040037728,0.1552247398,349535040037728.0000
1296373069090583,0.5757052920,-955426744463594.0000
1796224791022210,0.7976840482,-455575022531967.0000
901103627715300,0.4001703980,901103627715300.0000
1303223434015415,0.5787474651,-948576379538762.0000
356900129420440,0.1584954965,356900129420440.0000
1193848169945061,0.5301750905,-1057951643609116.0000
1850482076400047,0.8217791232,-401317737154130.0000
240405494114013,0.1067614859,240405494114013.0000
1055983362689839,0.4689508172,1055983362689839.0000
1374103590924750,0.6102245780,-877696222629427.0000
1974227858512426,0.8767332898,-277571955041751.0000
1786544482903485,0.7933851278,-465255330650692.0000
90192455849435,0.0400534965,90192455849435.0000
2053064587193717,0.9117438304,-198735226360460.0000
690094027172185,0.3064633113,690094027172185.0000
2167932737442410,0.9627555364,-83867076111767.0000
1600833598639785,0.7109129280,-650966214914392.0000
2145281943372376,0.9526965632,-106517870181801.0000
1095482370225280,0.4864919002,1095482370225280.0000
204333948675443,0.0907425018,204333948675443.0000
1508155029570682,0.6697553755,-743644783983495.0000
891439284773676,0.3958785676,891439284773676.0000
519546826668160,0.2307251397,519546826668160.0000
1486883543467035,0.6603089380,-764916270087142.0000
1140500818097406,0.5064841072,-1111298995456771.0000
1526935683664133,0.6780956613,-724864129890044.0000
1815671523812949,0.8063201324,-436128289741228.0000
658315054798250,0.2923506125,658315054798250.0000
484940305657428,0.2153567572,484940305657428.0000
239966362578040,0.1065664724,239966362578040.0000
1376965300012046,0.6114954321,-874834513542131.0000
1909325446572538,0.8479108290,-342474366981639.0000
218361046481859,0.0969717846,218361046481859.0000
775881598233707,0.3445606459,775881598233707.0000
50524287473214,0.0224372909,50524287473214.0000
1235753859879175,0.5487849552,-1016045953675002.0000
1352238861235630,0.6005146874,-899560952318547.0000
1790890642941444,0.7953152106,-460909170612733.0000
1182498897868994,0.5251350012,-1069300915685183.0000
627497693782352,0.2786649550,627497693782352.0000
1454918809844087,0.6461137447,-796881003710090.0000
525169496433906,0.2332221067,525169496433906.0000
53855359863962,0.0239165842,53855359863962.0000
1284000660797494,0.5702108389,-967799152756683.0000
450516782492169,0.2000696420,450516782492169.0000
1862872382756083,0.8272815246,-388927430798094.0000
484971534188161,0.2153706254,484971534188161.0000
950445580265376,0.4220826268,950445580265376.0000
1958067928685720,0.8695568393,-293731884868457.0000
1852092586684707,0.8224943334,-399707226869470.0000
563428174984566,0.2502123731,563428174984566.0000
1887731666652662,0.8383212643,-364068146901515.0000
2027058841098302,0.9001949591,-224740972455875.0000
1106312572830502,0.4913014763,1106312572830502.0000
1630752234041814,0.7241994711,-621047579512363.0000
1752450980952941,0.7782445715,-499348832601236.0000
1407184633491134,0.6249155120,-844615180063043.0000
596158161377618,0.2647474068,596158161377618.0000
441336340386427,0.1959927067,441336340386427.0000
132433871134472,0.0588124532,132433871134472.0000
1978077571067211,0.8784429056,-273722242486966.0000
1877812840824022,0.8339164208,-373986972730155.0000
1021849283904517,0.4537922411,1021849283904517.0000
2185917473602120,0.9707423637,-65882339952057.0000
361181626259747,0.1603968630,361181626259747.0000
616374463655126,0.2737252486,616374463655126.0000
1177363652175315,0.5228544940,-1074436161378862.0000
1839797950586885,0.8170344182,-412001862967292.0000
2152879759854425,0.9560706715,-98920053699752.0000
1096293321331756,0.4868520349,1096293321331756.0000
860049658153567,0.3819387731,860049658153567.0000
15431347070442,0.0068528947,15431347070442.0000
706425395098860,0.3137158955,706425395098860.0000
1191518517474229,0.5291405170,-1060281296079948.0000
900343006115866,0.3998326142,900343006115866.0000
74679944425838,0.0331645575,74679944425838.0000
2207409286615122,0.9802866460,-44390526939055.0000
1029068859921209,0.4569983769,1029068859921209.0000
408292193388657,0.1813181576,408292193388657.0000
94950641981923,0.0421665556,94950641981923.0000
129265398281346,0.0574053686,129265398281346.0000
2063978157236772,0.9165904290,-187821656317405.0000
1007694929952542,0.4475064452,1007694929952542.0000
350915404535453,0.1558377447,350915404535453.0000
1666383666984603,0.7400230060,-585416146569574.0000
1428525001526905,0.6343925392,-823274812027272.0000
976847909658703,0.4338076164,976847909658703.0000
1462626404333158,0.6495366042,-789173409221019.0000
249253655369383,0.1106908589,249253655369383.0000
1236377321020877,0.5490618276,-1015422492533300.0000
820901797380628,0.3645536306,820901797380628.0000
267518829406576,0.1188022256,267518829406576.0000
260838406089613,0.1158355217,260838406089613.0000
147020384124324,0.0652901662,147020384124324.0000
1210669814989318,0.5376454016,-1041129998564859.0000
798784470448592,0.3547315643,798784470448592.0000
865154010314544,0.3842055609,865154010314544.0000
678578167282034,0.3013492421,678578167282034.0000
214031118979776,0.0950489105,214031118979776.0000
1195530129721797,0.5309220307,-1056269683832380.0000
41408278883255,0.0183889699,41408278883255.0000
1579111226124371,0.7012662567,-672688587429806.0000
1058025599148609,0.4698577524,1058025599148609.0000
101476494582273,0.0450646163,101476494582273.0000
1469542289025493,0.6526078740,-782257524528684.0000
871755922621804,0.3871373989,871755922621804.0000
1051372140875706,0.4669030233,1051372140875706.0000
273524253863505,0.1214691698,273524253863505.0000
898630285457509,0.3990720134,898630285457509.0000
69563080936902,0.0308922136,69563080936902.0000
81616278102205,0.0362449085,81616278102205.0000
1904431742225247,0.8457375877,-347368071328930.0000
2163369342151705,0.9607289818,-88430471402472.0000
509193404849030,0.2261272968,509193404849030.0000
834983855422557,0.3708073206,834983855422557.0000
178549350416515,0.0792918400,178549350416515.0000
1162841467432983,0.5164053485,-1088958346121194.0000
1703035169446316,0.7562995428,-548764644107861.0000
1587883446196421,0.7051619050,-663916367357756.0000
1529711495287156,0.6793283693,-722088318267021.0000
2243099635171132,0.9961363447,-8700178383045.0000
582970601785553,0.2588909539,582970601785553.0000
1114766603116243,0.4950558200,1114766603116243.0000
926871016605479,0.4116134174,926871016605479.0000
1489606531073521,0.6615181874,-762193282480656.0000
514627091964264,0.2285403387,514627091964264.0000
1900201368177692,0.8438589242,-351598445376485.0000
1100439681820546,0.4886933888,1100439681820546.0000
1728478313241122,0.7675985684,-523321500313055.0000
1073757779213547,0.4768442438,1073757779213547.0000
1144852194525336,0.5084165065,-1106947619028841.0000
2064403155133324,0.9167791660,-187396658420853.0000
18062105382832,0.0080211861,18062105382832.0000
2100053721155388,0.9326111977,-151746092398789.0000
2111301557095823,0.9376062403,-140498256458354.0000
1211452457947100,0.5379929649,-1040347355607077.0000
846512191867043,0.3759269304,846512191867043.0000
911844849610936,0.4049404588,911844849610936.0000
1190347523598194,0.5286204912,-1061452289955983.0000
1347750293065606,0.5985213628,-904049520488571.0000
161493869099812,0.0717176847,161493869099812.0000
704638092836669,0.3129221739,704638092836669.0000
2200040909922273,0.9770144294,-51758903631904.0000
1972671052777537,0.8760419292,-279128760776640.0000
1997365278425023,0.8870083683,-254434535129154.0000
855656968598963,0.3799880271,855656968598963.0000
1587639906335002,0.7050537516,-664159907219175.0000
304336202231946,0.1351524236,304336202231946.0000
1121302113541720,0.4979581696,1121302113541720.0000
778261116670366,0.3456173644,778261116670366.0000
1786574178257904,0.7933983152,-465225635296273.0000
1935038167391309,0.8593295708,-316761646162868.0000
1790001510557529,0.7949203565,-461798302996648.0000
664500963559267,0.2950977079,664500963559267.0000
2087912649926244,0.9272194790,-163887163627933.0000
971601105331911,0.4314775672,971601105331911.0000
2043475565615484,0.9074854493,-208324247938693.0000
1003928758320498,0.4458339291,1003928758320498.0000
352252566491345,0.1564315639,352252566491345.0000
1010969889361444,0.4489608194,1010969889361444.0000
668381440592039,0.2968209858,668381440592039.0000
875052504244273,0.3886013752,875052504244273.0000
1838681702145457,0.8165387043,-413118111408720.0000
1399020631412017,0.6212899668,-852779182142160.0000
2084112662415819,0.9255319455,-167687151138358.0000
1582123297468800,0.7026038851,-669676516085377.0000
1059719709256234,0.4706100884,1059719709256234.0000
2092271298367254,0.9291551077,-159528515186923.0000
1641582218528472,0.7290089504,-610217595025705.0000
1186713511654843,0.5270066657,-1065086301899334.0000
1053127594643342,0.4676826014,1053127594643342.0000
870016802137410,0.3863650742,870016802137410.0000
1458473835506395,0.6476924932,-793325978047782.0000
494888550613391,0.2197746654,494888550613391.0000
947846808435964,0.4209285402,947846808435964.0000
1391238019266351,0.6178337927,-860561794287826.0000
683808935187049,0.3036721697,683808935187049.0000
1702140117634092,0.7559020599,-549659695920085.0000
1277176645110032,0.5671803672,-974623168444145.0000
2138171400805020,0.9495388480,-113628412749157.0000
1614822644815520,0.7171253124,-636977168738657.0000
1811414122676280,0.8044294665,-440385690877897.0000
373943184764395,0.1660641335,373943184764395.0000
1887120355791028,0.8380497877,-364679457763149.0000
1122853649959908,0.4986471902,1122853649959908.0000
1960277990723943,0.8705383040,-291521822830234.0000
1520957124666820,0.6754406477,-730842688887357.0000
2110240370549155,0.9371349788,-141559443005022.0000
2055076940892072,0.9126374949,-196722872662105.0000
283755191199618,0.1260126187,283755191199618.0000
455628111133106,0.2023395279,455628111133106.0000
628070190886588,0.2789191948,628070190886588.0000
476721480510984,0.2117068656,476721480510984.0000
344200803150729,0.1528558627,344200803150729.0000
1169218865608975,0.5192374822,-1082580947945202.0000
1174990700458036,0.5218006918,-1076809113096141.0000
735485540275039,0.3266211925,735485540275039.0000
1793117344073743,0.7963040645,-458682469480434.0000
936036450427012,0.4156836877,936036450427012.0000
330657108512632,0.1468412541,330657108512632.0000
1595520936583720,0.7085536321,-656278876970457.0000
2145234045808863,0.9526752924,-106565767745314.0000
1832833310352486,0.8139414966,-418966503201691.0000
1054729129586999,0.4683938258,1054729129586999.0000
217036672829186,0.0963836446,217036672829186.0000
2068512063975818,0.9186038881,-183287749578359.0000
1712371006167430,0.7604454871,-539428807386747.0000
1272961496092682,0.5653084650,-978838317461495.0000
1792425883357667,0.7959969943,-459373930196510.0000
1106952528769154,0.4915856739,1106952528769154.0000
2081510816519448,0.9243764939,-170288997034729.0000
1180744276027416,0.5243557926,-1071055537526761.0000
1732735106113650,0.7694889642,-519064707440527.0000
259359753434835,0.1151788680,259359753434835.0000
893344319844384,0.3967245731,893344319844384.0000
632619061001267,0.2809392990,632619061001267.0000
1941141641873989,0.8620400580,-310658171680188.0000
661998808108414,0.2939865276,661998808108414.0000
324254369640024,0.1439978668,324254369640024.0000
803382232760400,0.3567733810,803382232760400.0000
156174244631083,0.0693552969,156174244631083.0000
1914529219983247,0.8502217686,-337270593570930.0000
2083545101893106,0.9252798980,-168254711661071.0000
1259293416155388,0.5592386182,-992506397398789.0000
1949166200278824,0.8656036778,-302633613275353.0000
683916016275836,0.3037197233,683916016275836.0000
1908180188397967,0.8474022322,-343619625156210.0000
746898734611787,0.3316896689,746898734611787.0000
355388096309393,0.1578240189,355388096309393.0000
835496392639914,0.3710349329,835496392639914.0000
618653412032873,0.2747373049,618653412032873.0000
1618992918597624,0.7189772860,-632806894956553.0000
1219211181344502,0.5414385302,-1032588632209675.0000
265137389169826,0.1177446537,265137389169826.0000
1732666491975078,0.7694584934,-519133321579099.0000
1671987873510357,0.7425117737,-579811940043820.0000
1327809660102996,0.5896659428,-923990153451181.0000
2030180424578568,0.9015812207,-221619388975609.0000
1022282352613440,0.4539845622,1022282352613440.0000
1627561894316076,0.7227826757,-624237919238101.0000
128994349877898,0.0572849989,128994349877898.0000
870564839132917,0.3866084516,870564839132917.0000
1398372980260266,0.6210023519,-853426833293911.0000
1113089818338103,0.4943111779,1113089818338103.0000
1686268878525881,0.7488538139,-565530935028296.0000
446364899446271,0.1982258355,446364899446271.0000
1864452486401744,0.8279832315,-387347327152433.0000
1169543010695361,0.5193814315,-1082256802858816.0000
1690907137432986,0.7509136146,-560892676121191.0000
1698515860241429,0.7542925663,-553283953312748.0000
2039754243754113,0.9058328504,-212045569800064.0000
1616386343181336,0.7178197340,-635413470372841.0000
1935794267930724,0.8596653469,-316005545623453.0000
515845540813952,0.2290814386,515845540813952.0000
1476346697839181,0.6556296385,-775453115714996.0000
504317086421342,0.2239617764,504317086421342.0000
1372324999059451,0.6094347245,-879474814494726.0000
707797153434299,0.3143250786,707797153434299.0000
793137697880178,0.3522238936,793137697880178.0000
1618287162338570,0.7186638673,-633512651215607.0000
457649083928492,0.2032370201,457649083928492.0000
734164213436953,0.3260344055,734164213436953.0000
675135004395791,0.2998201707,675135004395791.0000
1943638962392493,0.8631490911,-308160851161684.0000
699336874363745,0.3105679600,699336874363745.0000
460724842811206,0.2046029314,460724842811206.0000
1302163119252419,0.5782765908,-949636694301758.0000
456135650873447,0.2025649208,456135650873447.0000
238111297999396,0.1057426582,238111297999396.0000
2221465431437441,0.9865288282,-30334382116736.0000
2077366995202785,0.9225362675,-174432818351392.0000
664994187805738,0.2953167434,664994187805738.0000
907575430337213,0.4030444558,907575430337213.0000
1348107077457766,0.5986798069,-903692736096411.0000
688579174263957,0.3057905814,688579174263957.0000
1002539330325604,0.4452168991,1002539330325604.0000
46570884567899,0.0206816273,46570884567899.0000
2049739292581494,0.9102671029,-202060520972683.0000
61010771876699,0.0270942255,61010771876699.0000
1256909165447033,0.5581797982,-994890648107144.0000
1841445154621253,0.8177659237,-410354658932924.0000
604561464116276,0.2684792229,604561464116276.0000
1573743423785287,0.6988824736,-678056389768890.0000
2040555650179060,0.9061887464,-211244163375117.0000
621507166559315,0.2760046265,621507166559315.0000
395622193708916,0.1756915474,395622193708916.0000
250007791189709,0.1110257625,250007791189709.0000
1299219493298509,0.5769693582,-952580320255668.0000
1986614531782389,0.8822340777,-265185281771788.0000
648549147994129,0.2880136787,648549147994129.0000
453049805514848,0.2011945302,453049805514848.0000
1137298480575436,0.5050619836,-1114501332978741.0000
128594807046312,0.0571075663,128594807046312.0000
1017763833341636,0.4519779366,1017763833341636.0000
690063527297590,0.3064497666,690063527297590.0000
865584699829729,0.3843968254,865584699829729.0000
1047378749797432,0.4651296014,1047378749797432.0000
1715987061780503,0.7620513384,-535812751773674.0000
1728793025473425,0.7677383287,-523006788080752.0000
378501108137394,0.1680882580,378501108137394.0000
1362010993131795,0.6048543858,-889788820422382.0000
300377907002584,0.1333945874,300377907002584.0000
1892169105932085,0.8402918832,-359630707622092.0000
768948998928826,0.3414819534,768948998928826.0000
2182541199412377,0.9692429968,-69258614141800.0000
790394754026474,0.3510057818,790394754026474.0000
1088558613831516,0.4834171347,1088558613831516.0000
1966894363364817,0.8734765637,-284905450189360.0000
2121280871773457,0.9420379463,-130518941780720.0000
1383869613563219,0.6145615633,-867930199990958.0000
1026241256972112,0.4557426690,1026241256972112.0000
2041397933481242,0.9065627953,-210401880072935.0000
942896099625822,0.4187299839,942896099625822.0000
294539622938807,0.1308018684,294539622938807.0000
1277353045025990,0.5672587045,-974446768528187.0000
686153813733053,0.3047135050,686153813733053.0000
490874805383888,0.2179922045,490874805383888.0000
838716985262919,0.3724651633,838716985262919.0000
1761458786370444,0.7822448407,-490341027183733.0000
477021343901129,0.2118400317,477021343901129.0000
785876025278866,0.3489990631,785876025278866.0000
2053257622515275,0.9118295553,-198542191038902.0000
1987596559826465,0.8826701858,-264203253727712.0000
579198195778135,0.2572156691,579198195778135.0000
286835159136064,0.1273803992,286835159136064.0000
696266245335719,0.3092043268,696266245335719.0000
554882455552453,0.2464173113,554882455552453.0000
402975172612540,0.1789569260,402975172612540.0000
208202574611974,0.0924605169,208202574611974.0000
900142399383248,0.3997435269,900142399383248.0000
2052152824465377,0.9113389264,-199646989088800.0000
677427900753155,0.3008384212,677427900753155.0000
363530841795690,0.1614401243,363530841795690.0000
1884682988462697,0.8369673792,-367116825091480.0000
1655960234628917,0.7353940722,-595839578925260.0000
1074047780910570,0.4769730304,1074047780910570.0000
1711375963349783,0.7600035994,-540423850204394.0000
1903085114621126,0.8451395649,-348714698933051.0000
1964207355708428,0.8722832926,-287592457845749.0000
971651713749661,0.4315000418,971651713749661.0000
43553724229207,0.0193417390,43553724229207.0000
1697294200073829,0.7537500402,-554505613480348.0000
12617306678810,0.0056032098,12617306678810.0000
943247080163422,0.4188858505,943247080163422.0000
1211461739154964,0.5379970865,-1040338074399213.0000
1455945859996274,0.6465698466,-795853953557903.0000
140936698327561,0.0625884670,140936698327561.0000
1521104426271442,0.6755060628,-730695387282735.0000
1684650589193067,0.7481351491,-567149224361110.0000
1667535732332320,0.7405346258,-584264081221857.0000
1647601405170397,0.7316820062,-604198408383780.0000
176673299421385,0.0784587059,176673299421385.0000
991260060755322,0.4402078972,991260060755322.0000
204395530295296,0.0907698496,204395530295296.0000
2229830912836289,0.9902438482,-21968900717888.0000
607817155849806,0.2699250405,607817155849806.0000
1922884621849199,0.8539323124,-328915191704978.0000
1063128901809466,0.4721240740,1063128901809466.0000
275295753633828,0.1222558737,275295753633828.0000
2035244521870260,0.9038301316,-216555291683917.0000
718626408381101,0.3191342339,718626408381101.0000
1459049566905829,0.6479481693,-792750246648348.0000
70441742790748,0.0312824179,70441742790748.0000
177750054293938,0.0789368812,177750054293938.0000
746468043429570,0.3314984036,746468043429570.0000
2217071358981581,0.9845774680,-34728454572596.0000
1748707338037190,0.7765820601,-503092475516987.0000
661587745072894,0.2938039790,661587745072894.0000
1237875152934257,0.5497269986,-1013924660619920.0000
511809309398714,0.2272889918,511809309398714.0000
1984239596116494,0.8811793944,-267560217437683.0000
1290113664607057,0.5729255580,-961686148947120.0000
73254743351983,0.0325316411,73254743351983.0000
890028073334845,0.3952518639,890028073334845.0000
2043380090768581,0.9074430500,-208419722785596.0000
1773713244764674,0.7876869134,-478086568789503.0000
1558775469306859,0.6922353665,-693024344247318.0000
2247853159648937,0.9982473336,-3946653905240.0000
1767958909499951,0.7851314752,-483840904054226.0000
1159373667063746,0.5148653358,-1092426146490431.0000
13588121242161,0.0060343380,13588121242161.0000
2245229568866574,0.9970822252,-6570244687603.0000
808177767166231,0.3589030261,808177767166231.0000
990484969159534,0.4398636873,990484969159534.0000
1074769252268929,0.4772934280,1074769252268929.0000
104240347872639,0.0462920137,104240347872639.0000
1022573688377158,0.4541139413,1022573688377158.0000
220468411192096,0.0979076425,220468411192096.0000
79913277515673,0.0354886243,79913277515673.0000
648569233801851,0.2880225986,648569233801851.0000
206799897025302,0.0918376029,206799897025302.0000
1675823700677641,0.7442152231,-575976112876536.0000
725647742113548,0.3222523324,725647742113548.0000
1104091114658147,0.4903149507,1104091114658147.0000
1859575462708683,0.8258173979,-392224350845494.0000
220611262060362,0.0979710811,220611262060362.0000
1440596802249471,0.6397534957,-811203011304706.0000
148758922486374,0.0660622323,148758922486374.0000
146675590738577,0.0651370472,146675590738577.0000
1122334071049549,0.4984164508,1122334071049549.0000
1738095568796781,0.7718694878,-513704244757396.0000
1035334548303386,0.4597809015,1035334548303386.0000
803919103801121,0.3570117996,803919103801121.0000
2250762185426344,0.9995392005,-1037628127833.0000
375155448065218,0.1666024865,375155448065218.0000
1899918988828621,0.8437335226,-351880824725556.0000
850064656663082,0.3775045417,850064656663082.0000
1799863545349126,0.7992999797,-451936268205051.0000
1414746025307347,0.6282734446,-837053788246830.0000
835639024157503,0.3710982740,835639024157503.0000
791293735281787,0.3514050097,791293735281787.0000
1610181339127311,0.7150641586,-641618474426866.0000
2099318826080032,0.9322848388,-152480987474145.0000
1521177417891449,0.6755384776,-730622395662728.0000
377007190254541,0.1674248252,377007190254541.0000
1254244034463850,0.5569962423,-997555779090327.0000
954473073676029,0.4238711931,954473073676029.0000
1190190699165929,0.5285508472,-1061609114388248.0000
2143466250095617,0.9518902334,-108333563458560.0000
1005030618385053,0.4463232532,1005030618385053.0000
654455513204222,0.2906366318,654455513204222.0000
1058404566517648,0.4700260477,1058404566517648.0000
2197516427505131,0.9758933340,-54283386049046.0000
1450141935693165,0.6439923864,-801657877861012.0000
52854423671703,0.0234720792,52854423671703.0000
1528427906731931,0.6787583415,-723371906822246.0000
347634534090602,0.1543807456,347634534090602.0000
598995010604329,0.2660072210,598995010604329.0000
2201873717554523,0.9778283595,-49926095999654.0000
1132072723377778,0.5027412812,-1119727090176399.0000
1397093832770508,0.6204342963,-854705980783669.0000
690781552812060,0.3067686340,690781552812060.0000
104788730541727,0.0465355446,104788730541727.0000
1215430673127839,0.5397596473,-1036369140426338.0000
764932034263038,0.3396980627,764932034263038.0000
1380229037914552,0.6129448229,-871570775639625.0000
215884573552625,0.0958720097,215884573552625.0000
1971906540738515,0.8757024176,-279893272815662.0000
817041368827868,0.3628392559,817041368827868.0000
2209173661763126,0.9810701859,-42626151791051.0000
1970357571416234,0.8750145371,-281442242137943.0000
436348093838436,0.1937774802,436348093838436.0000
1577387551827998,0.7005007916,-674412261726179.0000
1784560675553501,0.7925041404,-467239138000676.0000
1402536361265943,0.6228512645,-849263452288234.0000
1867526146535590,0.8293482108,-384273667018587.0000
622439975766339,0.2764188770,622439975766339.0000
1430350311190525,0.6352031395,-821449502363652.0000
658685798086735,0.2925152556,658685798086735.0000
720905631995041,0.3201464125,720905631995041.0000
430806628734329,0.1913165754,430806628734329.0000
589936443502444,0.2619844091,589936443502444.0000
464449852512278,0.2062571680,464449852512278.0000
859683127057136,0.3817760006,859683127057136.0000
1170317349067433,0.5197253069,-1081482464486744.0000
906509298855850,0.4025709983,906509298855850.0000
1228644086570485,0.5456275816,-1023155726983692.0000
388055507717864,0.1723312638,388055507717864.0000
2037207214250809,0.9047017421,-214592599303368.0000
1109353416541963,0.4926518822,1109353416541963.0000
1326943439519551,0.5892812636,-924856374034626.0000
812271367942986,0.3607209500,812271367942986.0000
1781330373740461,0.7910695982,-470469439813716.0000
592816855285610,0.2632635689,592816855285610.0000
914029407060254,0.4059105972,914029407060254.0000
576465629347431,0.2560021659,576465629347431.0000
1420917363477352,0.6310140692,-830882450076825.0000
1010719189005177,0.4488494861,1010719189005177.0000
350461180655707,0.1556360288,350461180655707.0000
555633589049514,0.2467508815,555633589049514.0000
337152966913451,0.1497259947,337152966913451.0000
2177663718250582,0.9670769600,-74136095303595.0000
1192706569992097,0.5296681183,-1059093243562080.0000
960440196928984,0.4265211282,960440196928984.0000
1294572156797204,0.5749055262,-957227656756973.0000
2125655269838803,0.9439805693,-126144543715374.0000
774042685691289,0.3437440047,774042685691289.0000
1745526581724018,0.7751695205,-506273231830159.0000
482270139709839,0.2141709653,482270139709839.0000
949784260855754,0.4217889420,949784260855754.0000
1424515080525696,0.6326117766,-827284733028481.0000
876012432764523,0.3890276691,876012432764523.0000
1249947872869606,0.5550883632,-1001851940684571.0000
879749311966957,0.3906871768,879749311966957.0000
624787253321704,0.2774612777,624787253321704.0000
1712166099829181,0.7603544904,-539633713724996.0000
1007493991767907,0.4474172108,1007493991767907.0000
2124265021213513,0.9433631748,-127534792340664.0000
245461018670892,0.1090065898,245461018670892.0000
1403761632354945,0.6233953942,-848038181199232.0000
653507017950973,0.2902154153,653507017950973.0000
2016552071423128,0.8955290161,-235247742131049.0000
761274386326389,0.3380737407,761274386326389.0000
334964695190502,0.1487542068,334964695190502.0000
1839888148347505,0.8170744741,-411911665206672.0000
954914107456400,0.4240670515,954914107456400.0000
683826259706371,0.3036798634,683826259706371.0000
2143739888399110,0.9520117532,-108059925155067.0000
1211370014974990,0.5379563528,-1040429798579187.0000
1416340982702391,0.6289817479,-835458830851786.0000
863574037895522,0.3835039122,863574037895522.0000
1507316127608629,0.6693828281,-744483685945548.0000
1329145650919653,0.5902592419,-922654162634524.0000
1845370456496901,0.8195091080,-406429357057276.0000
1608694796669858,0.7144040012,-643105016884319.0000
1864616167222118,0.8280559204,-387183646332059.0000
1745198524636374,0.7750238339,-506601288917803.0000
140836719011460,0.0625440673,140836719011460.0000
459446199841363,0.2040350999,459446199841363.0000
1119543255840477,0.4971770799,1119543255840477.0000
1672486313171520,0.7427331253,-579313500382657.0000
541890026420515,0.2406475137,541890026420515.0000
1312914845696831,0.5830513165,-938884967857346.0000
1565678676276381,0.6953010063,-686121137277796.0000
1356156642950290,0.6022545320,-895643170603887.0000
2025524487297180,0.8995135691,-226275326256997.0000
1820143894090011,0.8083062638,-431655919464166.0000
1095855398418032,0.4866575580,1095855398418032.0000
346631253826524,0.1539351996,346631253826524.0000
2185472967813512,0.9705449635,-66326845740665.0000
935276509600731,0.4153462062,935276509600731.0000
726571514727815,0.3226625699,726571514727815.0000
568513411536477,0.2524706717,568513411536477.0000
1618113726336982,0.7185868462,-633686087217195.0000
1154153741251586,0.5125472230,-1097646072302591.0000
1442654034538844,0.6406670903,-809145779015333.0000
1300540545228342,0.5775560231,-951259268325835.0000
163182901572401,0.0724677658,163182901572401.0000
339544513308171,0.1507880546,339544513308171.0000
1096912215721018,0.4871268792,1096912215721018.0000
1486030400095397,0.6599300662,-765769413458780.0000
362967870111779,0.1611901146,362967870111779.0000
523575001179641,0.2325140086,523575001179641.0000
41065669724046,0.0182368208,41065669724046.0000
594090999172419,0.2638294024,594090999172419.0000
2064859491502264,0.9169818201,-186940322051913.0000
1380577013443322,0.6130993551,-871222800110855.0000
266097982209973,0.1181712427,266097982209973.0000
1919871389685511,0.8525941685,-331928423868666.0000
2036025105932328,0.9041767806,-215774707621849.0000
768320401316809,0.3412028000,768320401316809.0000
189525104830661,0.0841660541,189525104830661.0000
1171003208380378,0.5200298896,-1080796605173799.0000
1022694591581983,0.4541676331,1022694591581983.0000
1678629842253444,0.7454614003,-573169971300733.0000
865120364435441,0.3841906191,865120364435441.0000
524494544223881,0.2329223677,524494544223881.0000
1317519975291070,0.5850964048,-934279838263107.0000
787067346259726,0.3495281159,787067346259726.0000
29021164179862,0.0128879859,29021164179862.0000
57944496155196,0.0257325255,57944496155196.0000
527760464728863,0.2343727278,527760464728863.0000
1008700264921195,0.4479529037,1008700264921195.0000
1249435413618761,0.5548607856,-1002364399935416.0000
2013331928038214,0.8940989851,-238467885515963.0000
769658669425154,0.3417971104,769658669425154.0000
1623040253670527,0.7207746638,-628759559883650.0000
425592358554248,0.1890009742,425592358554248.0000
2128769669527785,0.9453636405,-123030144026392.0000
1672418119605495,0.7427028413,-579381693948682.0000
1728713859033729,0.7677031718,-523085954520448.0000
553522638425007,0.2458134311,553522638425007.0000
163881667497288,0.0727780802,163881667497288.0000
1638642452245803,0.7277034319,-613157361308374.0000
1041820573638255,0.4626612754,1041820573638255.0000
846550058360150,0.3759437465,846550058360150.0000
2223310912507640,0.9873483864,-28488901046537.0000
1718201614580,0.0007630348,1718201614580.0000
1327789916638621,0.5896571750,-924009896915556.0000
669512607354869,0.2973233248,669512607354869.0000
1037968812497750,0.4609507498,1037968812497750.0000
1714552625071054,0.7614143206,-537247188483123.0000
313676243617398,0.1393002352,313676243617398.0000
531680058763399,0.2361133772,531680058763399.0000
1612919142537487,0.7162799876,-638880671016690.0000
1139252974760917,0.5059299534,-1112546838793260.0000
560755121890360,0.2490252990,560755121890360.0000
1957790943546715,0.8694338332,-294008870007462.0000
1669957992245610,0.7416103253,-581841821308567.0000
1511882081644123,0.6714105191,-739917731910054.0000
888217331243423,0.3944477328,888217331243423.0000
2175769312152547,0.9662356747,-76030501401630.0000
1159942052891143,0.5151177498,-1091857760663034.0000
955688797135849,0.4244110828,955688797135849.0000
1236201853932132,0.5489839046,-1015597959622045.0000
514254130463581,0.2283747105,514254130463581.0000
564800676829517,0.2508218863,564800676829517.0000
1378030424006442,0.6119684422,-873769389547735.0000
992486730107882,0.4407526478,992486730107882.0000
852909384429746,0.3787678546,852909384429746.0000
137405826801091,0.0610204451,137405826801091.0000
676156006682820,0.3002735868,676156006682820.0000
133042571529446,0.0590827705,133042571529446.0000
1297262643238458,0.5761003422,-954537170315719.0000
1281364548485984,0.5690401699,-970435265068193.0000
895445696288007,0.3976577718,895445696288007.0000
226731954861329,0.1006892147,226731954861329.0000
690390589518164,0.3065950114,690390589518164.0000
900355903248931,0.3998383417,900355903248931.0000
919526357635932,0.4083517336,919526357635932.0000
721879383095035,0.3205788449,721879383095035.0000
56916559983259,0.0252760302,56916559983259.0000
853151206297186,0.3788752451,853151206297186.0000
68184963802293,0.0302802067,68184963802293.0000
618801264231048,0.2748029645,618801264231048.0000
1516501129124913,0.6734617882,-735298684429264.0000
1200061666310295,0.5329344372,-1051738147243882.0000
1450167507890391,0.6440037428,-801632305663786.0000
428646865232371,0.1903574477,428646865232371.0000
2116882823100105,0.9400848203,-134916990454072.0000
130513628610749,0.0579596942,130513628610749.0000
1420443109930193,0.6308034584,-831356703623984.0000
1686102371508542,0.7487798699,-565697442045635.0000
1982703973010408,0.8804974408,-269095840543769.0000
1094687318139341,0.4861388262,1094687318139341.0000
1681389986172416,0.7466871505,-570409827381761.0000
1781070890515890,0.7909543645,-470728923038287.0000
2182936907163337,0.9694187263,-68862906390840.0000
586014471971447,0.2602427038,586014471971447.0000
456049037539843,0.2025264567,456049037539843.0000
1751624067913523,0.7778773483,-500175745640654.0000
1346832572139173,0.5981138128,-904967241415004.0000
1404303900150802,0.6236362094,-847495913403375.0000
980824406158655,0.4355735356,980824406158655.0000
402248459076146,0.1786342004,402248459076146.0000
1218779873270913,0.5412469909,-1033019940283264.0000
1879726524909935,0.8347662672,-372073288644242.0000
552642359486089,0.2454225088,552642359486089.0000
2090578160310273,0.9284032034,-161221653243904.0000
1590537542391550,0.7063405605,-661262271162627.0000
871224919052040,0.3869015859,871224919052040.0000
289451535069791,0.1285423035,289451535069791.0000
1275752880808372,0.5665480888,-976046932745805.0000
259782704934109,0.1153666962,259782704934109.0000
1870178231731783,0.8305259733,-381621581822394.0000
784109653078859,0.3482146363,784109653078859.0000
1885332923810288,0.8372560085,-366466889743889.0000
553679186742174,0.2458829526,553679186742174.0000
269519140279599,0.1196905421,269519140279599.0000
702904861079035,0.3121524644,702904861079035.0000
855944529416003,0.3801157298,855944529416003.0000
279176722116519,0.1239793699,279176722116519.0000
1700056140757035,0.7549765883,-551743672797142.0000
1804787310622774,0.8014865708,-447012502931403.0000
1409659571578156,0.6260146053,-842140241976021.0000
1239662971019140,0.5505209493,-1012136842535037.0000
1930398473258353,0.8572691327,-321401340295824.0000
2010656355633868,0.8929107923,-241143457920309.0000
1324736922863706,0.5883013734,-927062890690471.0000
98931488851288,0.0439344067,98931488851288.0000
821423720563086,0.3647854110,821423720563086.0000
1161439478544698,0.5157827403,-1090360335009479.0000
1264746295835935,0.5616601832,-987053517718242.0000
696254779232140,0.3091992348,696254779232140.0000
1611531261071713,0.7156636444,-640268552482464.0000
1764942470202692,0.7837919071,-486857343351485.0000
2003974411819532,0.8899434132,-247825401734645.0000
53598990043226,0.0238027331,53598990043226.0000
1410682891848948,0.6264690508,-841116921705229.0000
400739837075232,0.1779642376,400739837075232.0000
1201984034393427,0.5337881401,-1049815779160750.0000
1234911871229334,0.5484110372,-1016887942324843.0000
289232610575239,0.1284450815,289232610575239.0000
1247175958999781,0.5538573862,-1004623854554396.0000
1934691468719888,0.8591756057,-317108344834289.0000
21322676046450,0.0094691704,21322676046450.0000
670362537865629,0.2977007698,670362537865629.0000
1189958310055810,0.5284476457,-1061841503498367.0000
88275622256115,0.0392022513,88275622256115.0000
119913656376386,0.0532523609,119913656376386.0000
411333846097669,0.1826689227,411333846097669.0000
101715230540811,0.0451706364,101715230540811.0000
1628089147003745,0.7230168229,-623710666550432.0000
1209248281502538,0.5370141139,-1042551532051639.0000
842001756874825,0.3739238949,842001756874825.0000
1875592079010422,0.8329302044,-376207734543755.0000
358588923127339,0.1592454715,358588923127339.0000
222981304127853,0.0990235912,222981304127853.0000
2207482740420907,0.9803192660,-44317073133270.0000
1312685178236719,0.5829493236,-939114635317458.0000
291878429749123,0.1296200612,291878429749123.0000
105967298143630,0.0470589337,105967298143630.0000
242931746021341,0.1078833671,242931746021341.0000
674029993576082,0.2993294473,674029993576082.0000
2033570257029524,0.9030866087,-218229556524653.0000
642713934919456,0.2854223235,642713934919456.0000
610910662587591,0.2712988335,610910662587591.0000
823189251322151,0.3655694642,823189251322151.0000
2045892706822907,0.9085588757,-205907106731270.0000
2229538616858885,0.9901140427,-22261196695292.0000
1747860327848763,0.7762059120,-503939485705414.0000
1933459055719400,0.8586283044,-318340757834777.0000
1059290799700595,0.4704196143,1059290799700595.0000
698128046486755,0.3100311326,698128046486755.0000
1501096217603849,0.6666206332,-750703595950328.0000
1317580523363869,0.5851232936,-934219290190308.0000
1449122622746844,0.6435397205,-802677190807333.0000
436988469103321,0.1940618640,436988469103321.0000
701702875771098,0.3116186757,701702875771098.0000
1264899495824065,0.5617282177,-986900317730112.0000
1682539952313161,0.7471978380,-569259861241016.0000
146736773987453,0.0651642180,146736773987453.0000
341268241840909,0.1515535439,341268241840909.0000
1959950596859699,0.8703929120,-291849216694478.0000
602701640156781,0.2676532952,602701640156781.0000
775783547844480,0.3445171028,775783547844480.0000
3412777920789,0.0015155779,3412777920789.0000
1240586846816270,0.5509312326,-1011212966737907.0000
1131233695141013,0.5023686779,-1120566118413164.0000
1224316108326251,0.5437055732,-1027483705227926.0000
667635890283351,0.2964898950,667635890283351.0000
314736316034273,0.1397710019,314736316034273.0000
2166242957467879,0.9620051234,-85556856086298.0000
1098092101422685,0.4876508537,1098092101422685.0000
901879371175091,0.4005148973,901879371175091.0000
1564788549281269,0.6949057105,-687011264272908.0000
24527812050331,0.0108925367,24527812050331.0000
1239092980825807,0.5502678228,-1012706832728370.0000
1075305911563886,0.4775317526,1075305911563886.0000
1609178798673661,0.7146189413,-642621014880516.0000
1628750207518939,0.7233103927,-623049606035238.0000
1976616336652125,0.8777939872,-275183476902052.0000
2061419010065911,0.9154539394,-190380803488266.0000
677662920164460,0.3009427908,677662920164460.0000
426398137867687,0.1893588121,426398137867687.0000
939705486750626,0.4173130671,939705486750626.0000
50900672957926,0.0226044396,50900672957926.0000
1971679708150384,0.8756016837,-280120105403793.0000
787276105290255,0.3496208236,787276105290255.0000
1625558164459294,0.7218928409,-626241649094883.0000
690161512880485,0.3064932809,690161512880485.0000
158920923198492,0.0705750672,158920923198492.0000
712977384166636,0.3166255632,712977384166636.0000
1674564341440245,0.7436559553,-577235472113932.0000
1858179953620873,0.8251976674,-393619859933304.0000
861141010197084,0.3824234308,861141010197084.0000
1891814976253048,0.8401346180,-359984837301129.0000
2213292557560042,0.9828993431,-38507255994135.0000
484472583868608,0.2151490470,484472583868608.0000
677082796028686,0.3006851639,677082796028686.0000
105551390225590,0.0468742335,105551390225590.0000
1421370495589241,0.6312153003,-830429317964936.0000
1409769721789185,0.6260635219,-842030091764992.0000
819449297125997,0.3639085909,819449297125997.0000
1354352940839491,0.6014535274,-897446872714686.0000
1741701284045726,0.7734707471,-510098529508451.0000
1901912508651435,0.8446188232,-349887304902742.0000
1172370271507884,0.5206369876,-1079429542046293.0000
306013903277016,0.1358974725,306013903277016.0000
1891631316979563,0.8400530569,-360168496574614.0000
55005453569505,0.0244273284,55005453569505.0000
710733221126400,0.3156289546,710733221126400.0000
1853172955142711,0.8229741134,-398626858411466.0000
1989304354355220,0.8834285989,-262495459198957.0000
1940983915926178,0.8619700136,-310815897627999.0000
784891689325915,0.3485619302,784891689325915.0000
69757546969963,0.0309785739,69757546969963.0000
1809408566025984,0.8035388204,-442391247528193.0000
1957712786831551,0.8693991247,-294087026722626.0000
869367413762990,0.3860766879,869367413762990.0000
1928139233844054,0.8562658289,-323660579710123.0000
853767487256967,0.3791489288,853767487256967.0000
376118516276985,0.1670301747,376118516276985.0000
1250612308649583,0.5553834320,-1001187504904594.0000
380000654279686,0.1687541903,380000654279686.0000
417220211193340,0.1852829939,417220211193340.0000
803909142398086,0.3570073759,803909142398086.0000
2025458462352900,0.8994842482,-226341351201277.0000
1677614913175334,0.7450106813,-574184900378843.0000
1856441575536356,0.8244256725,-395358238017821.0000
1126323957602750,0.5001883164,-1125475855951427.0000
572906780248889,0.2544217194,572906780248889.0000
1541515366419766,0.6845703411,-710284447134411.0000
1712176647121325,0.7603591744,-539623166432852.0000
26095804691717,0.0115888653,26095804691717.0000
964693024559294,0.4284097630,964693024559294.0000
1375614735030192,0.6108956608,-876185078523985.0000
1095421005168469,0.4864646487,1095421005168469.0000
1091617425071817,0.4847755198,1091617425071817.0000
1766339230634216,0.7844121933,-485460582919961.0000
2013938829341951,0.8943685035,-237860984212226.0000
2176494956327183,0.9665579255,-75304857226994.0000
190016581042879,0.0843843133,190016581042879.0000
1734050934441998,0.7700733094,-517748879112179.0000
819344680931301,0.3638621320,819344680931301.0000
510325414461188,0.2266300101,510325414461188.0000
2096202568887641,0.9309009426,-155597244666536.0000
2189656707616241,0.9724029172,-62143105937936.0000
654561908406685,0.2906838807,654561908406685.0000
756239266273060,0.3358376982,756239266273060.0000
1269607642141472,0.5638190547,-982192171412705.0000
940513847847932,0.4176720516,940513847847932.0000
34630553057378,0.0153790549,34630553057378.0000
748088012935950,0.3322178146,748088012935950.0000
892818428293849,0.3964910304,892818428293849.0000
2123724094056834,0.9431229549,-128075719497343.0000
1272459183273694,0.5650853933,-979340630280483.0000
1223552821863412,0.5433666059,-1028246991690765.0000
2069288201789181,0.9189485625,-182511611764996.0000
523328778185907,0.2324046636,523328778185907.0000
2104516282753817,0.9345929732,-147283530800360.0000
957596870104646,0.4252584374,957596870104646.0000
1383801763236909,0.6145314317,-867998050317268.0000
676799194791355,0.3005592197,676799194791355.0000
2002276714296020,0.8891894840,-249523099258157.0000
894287782840117,0.3971435549,894287782840117.0000
160316626746002,0.0711948841,160316626746002.0000
1167865756006789,0.5186365808,-1083934057547388.0000
1371961504238736,0.6092733004,-879838309315441.0000
727031975145524,0.3228670554,727031975145524.0000
1772278081621134,0.7870495729,-479521731933043.0000
357088351821812,0.1585790840,357088351821812.0000
1385341229503278,0.6152150920,-866458584050899.0000
1009961241176536,0.4485128896,1009961241176536.0000
1290709671320867,0.5731902381,-961090142233310.0000
234014982909174,0.1039235289,234014982909174.0000
1552387078748559,0.6893983512,-699412734805618.0000
617800313804225,0.2743584532,617800313804225.0000
1592664149675430,0.7072849638,-659135663878747.0000
233610658015994,0.1037439725,233610658015994.0000
356709406465804,0.1584107985,356709406465804.0000
1651082513478948,0.7332279289,-600717300075229.0000
2165904002362043,0.9618545971,-85895811192134.0000
723628182579536,0.3213554678,723628182579536.0000
1974386368248037,0.8768036823,-277413445306140.0000
1712626418058304,0.7605589128,-539173395495873.0000
658471040707650,0.2924198842,658471040707650.0000
1521843391443038,0.6758342293,-729956422111139.0000
1198211751872067,0.5321129102,-1053588061682110.0000
1474569195464926,0.6548402689,-777230618089251.0000
570638391361974,0.2534143523,570638391361974.0000
485683714873435,0.2156868972,485683714873435.0000
678316401968576,0.3012329950,678316401968576.0000
956888615610676,0.4249439092,956888615610676.0000
486367866384133,0.2159907215,486367866384133.0000
874350692010563,0.3882897080,874350692010563.0000
1876253506057860,0.8332239370,-375546307496317.0000
1286779208121685,0.5714447618,-965020605432492.0000
301416387118000,0.1338557652,301416387118000.0000
417512983708553,0.1854130110,417512983708553.0000
334958579861705,0.1487514911,334958579861705.0000
1790062965579526,0.7949476480,-461736847974651.0000
206557316274250,0.0917298754,206557316274250.0000
1298213067956006,0.5765224156,-953586745598171.0000
1981430679998314,0.8799319851,-270369133555863.0000
1045957971094463,0.4644986489,1045957971094463.0000
659064186115681,0.2926832937,659064186115681.0000
1816211636071178,0.8065599904,-435588177482999.0000
1593241380410560,0.7075413058,-658558433143617.0000
278927338491067,0.1238686214,278927338491067.0000
1179633035207239,0.5238623025,-1072166778346938.0000
587941514021515,0.2610984824,587941514021515.0000
834812138736542,0.3707310631,834812138736542.0000
1081573259861354,0.4803150144,1081573259861354.0000
833738069917066,0.3702540807,833738069917066.0000
1388465644970174,0.6166026112,-863334168584003.0000
64044307707236,0.0284413860,64044307707236.0000
1910421153123858,0.8483974204,-341378660430319.0000
348927276243638,0.1549548384,348927276243638.0000
514273252476122,0.2283832024,514273252476122.0000
1751723527224229,0.7779215171,-500076286329948.0000
1000512508366090,0.4443168093,1000512508366090.0000
2230708310111978,0.9906334909,-21091503442199.0000
965693643289886,0.4288541270,965693643289886.0000
1287341825398973,0.5716946141,-964457988155204.0000
1079365166260366,0.4793344239,1079365166260366.0000
1440425134185654,0.6396772597,-811374679368523.0000
292710209201186,0.1299894455,292710209201186.0000
1569663469624475,0.6970706100,-682136343929702.0000
356294688490469,0.1582266267,356294688490469.0000
1167811375433787,0.5186124310,-1083988438120390.0000
644108222721369,0.2860415117,644108222721369.0000
1342066424676807,0.5959972181,-909733388877370.0000
1700237810740469,0.7550572660,-551562002813708.0000
916440146432608,0.4069811805,916440146432608.0000
1923036839932457,0.8539999108,-328762973621720.0000
459875564829641,0.2042257762,459875564829641.0000
960754216206984,0.4266605808,960754216206984.0000
534499057353573,0.2373652641,534499057353573.0000
1965347370707370,0.8727895610,-286452442846807.0000
617959161742766,0.2744289959,617959161742766.0000
1264358506675370,0.5614879702,-987441306878807.0000
2052889602706414,0.9116661216,-198910210847763.0000
639463878614230,0.2839790086,639463878614230.0000
430014558763630,0.1909648256,430014558763630.0000
1569468656916126,0.6969840958,-682331156638051.0000
1888807490489981,0.8387990261,-362992323064196.0000
1609236835653043,0.7146447148,-642562977901134.0000
940109905515886,0.4174926651,940109905515886.0000
1804278044725406,0.8012604113,-447521768828771.0000
467098327298788,0.2074333271,467098327298788.0000
682611853516293,0.3031405587,682611853516293.0000
1228330479606964,0.5454883122,-1023469333947213.0000
1379020287454416,0.6124080299,-872779526099761.0000
2018842841258671,0.8965463222,-232956972295506.0000
1459504900876846,0.6481503782,-792294912677331.0000
1211850134746330,0.5381695688,-1039949678807847.0000
161718036522526,0.0718172351,161718036522526.0000
1744809445942249,0.7748510482,-506990367611928.0000
1968465770641581,0.8741744088,-283334042912596.0000
952721992720679,0.4230935570,952721992720679.0000
195759364327631,0.0869346214,195759364327631.0000
732381859067724,0.3252428811,732381859067724.0000
2148886331479061,0.9542972331,-102913482075116.0000
341096785650586,0.1514774020,341096785650586.0000
448233028805163,0.1990554516,448233028805163.0000
616498758512018,0.2737804466,616498758512018.0000
362228291231087,0.1608616756,362228291231087.0000
1052318160504044,0.4673231404,1052318160504044.0000
692246653298520,0.3074192693,692246653298520.0000
1632206816606286,0.7248454355,-619592996947891.0000
743803445743815,0.3303150845,743803445743815.0000
2239249628073232,0.9944265980,-12550185480945.0000
311001869699535,0.1381125746,311001869699535.0000
1300332154420798,0.5774634790,-951467659133379.0000
582715048041967,0.2587774653,582715048041967.0000
1098174726491197,0.4876875466,1098174726491197.0000
314694695202036,0.1397525185,314694695202036.0000
1833587906351789,0.8142766046,-418211907202388.0000
1120222092483126,0.4974785439,1120222092483126.0000
1248013507433142,0.5542293324,-1003786306121035.0000
1107639144543813,0.4918905925,1107639144543813.0000
1081804154021111,0.4804175520,1081804154021111.0000
360678149836009,0.1601732746,360678149836009.0000
1975523269184632,0.8773085677,-276276544369545.0000
1202043046372721,0.5338143467,-1049756767181456.0000
504560060793057,0.2240696787,504560060793057.0000
1388264529302145,0.6165132979,-863535284252032.0000
273796313617080,0.1215899886,273796313617080.0000
1168146371899743,0.5187611993,-1083653441654434.0000
1322973784820885,0.5875183828,-928826028733292.0000
455934331788668,0.2024755172,455934331788668.0000
1950376672245251,0.8661412353,-301423141308926.0000
2219356753375096,0.9855923870,-32443060179081.0000
1787437475774756,0.7937816963,-464362337779421.0000
242738593999474,0.1077975904,242738593999474.0000
895975097346851,0.3978928730,895975097346851.0000
1796361083117770,0.7977445741,-455438730436407.0000
1550441215071203,0.6885342142,-701358598482974.0000
1313359090922559,0.5832486010,-938440722631618.0000
626208650010363,0.2780925046,626208650010363.0000
206735038025160,0.0918087997,206735038025160.0000
2018452538890067,0.8963729932,-233347274664110.0000
1085416776184453,0.4820218785,1085416776184453.0000
1797951518314548,0.7984508692,-453848295239629.0000
1035551592577439,0.4598772885,1035551592577439.0000
1030111721647652,0.4574615006,1030111721647652.0000
1442562660729285,0.6406265122,-809237152824892.0000
1793327797552307,0.7963975247,-458472016001870.0000
1354717443977716,0.6016153993,-897082369576461.0000
459878663846747,0.2042271525,459878663846747.0000
173351303421271,0.0769834434,173351303421271.0000
708856866803180,0.3147956859,708856866803180.0000
423135040873262,0.1879097060,423135040873262.0000
1931703385331393,0.8578486301,-320096428222784.0000
698765478321066,0.3103142092,698765478321066.0000
772855989198637,0.3432170056,772855989198637.0000
306169629252570,0.1359666287,306169629252570.0000
1455305558106646,0.6462854954,-796494255447531.0000
1507800222456571,0.6695978094,-743999591097606.0000
1963065780914425,0.8717763316,-288734032639752.0000
645586313892880,0.2866979160,645586313892880.0000
905854855964330,0.4022803672,905854855964330.0000
549983925982359,0.2442419271,549983925982359.0000
634026659209139,0.2815643981,634026659209139.0000
1780124632699437,0.7905341416,-471675180854740.0000
1180740087420140,0.5243539325,-1071059726134037.0000
512235011502209,0.2274780415,512235011502209.0000
715771464800792,0.3178663843,715771464800792.0000
297897383475605,0.1322930137,297897383475605.0000
2129962930205785,0.9458935547,-121836883348392.0000
410494934965987,0.1822963713,410494934965987.0000
834876604926402,0.3707596918,834876604926402.0000
1452135742045762,0.6448778143,-799664071508415.0000
1774026229513732,0.7878259066,-477773584040445.0000
640643660214897,0.2845029369,640643660214897.0000
581774793638535,0.2583599084,581774793638535.0000
1309331772935715,0.5814601125,-942468040618462.0000
887057316033303,0.3939325826,887057316033303.0000
1242298824142937,0.5516915032,-1009500989411240.0000
1351860350194281,0.6003465948,-899939463359896.0000
1230928999806234,0.5466422869,-1020870813747943.0000
1039474877812958,0.4616195772,1039474877812958.0000
650282487388809,0.2887834360,650282487388809.0000
1565807223575867,0.6953580927,-685992589978310.0000
1197757588632807,0.5319112212,-1054042224921370.0000
130448487703040,0.0579307658,130448487703040.0000
342256567935012,0.1519924488,342256567935012.0000
1656351866044391,0.7355679915,-595447947509786.0000
919141098815472,0.4081806443,919141098815472.0000
1406709246734109,0.6247043979,-845090566820068.0000
1153147535409545,0.5121003779,-1098652278144632.0000
82487704384451,0.0366318995,82487704384451.0000
1164732561929413,0.5172451631,-1087067251624764.0000
1324826910045312,0.5883413357,-926972903508865.0000
2161026795833359,0.9596886823,-90773017720818.0000
274153289292158,0.1217485176,274153289292158.0000
717902751982972,0.3188128659,717902751982972.0000
318447762708170,0.1414192153,318447762708170.0000
2085078701621987,0.9259609531,-166721111932190.0000
2098000735548235,0.9316994890,-153799078005942.0000
722640104698133,0.3209166731,722640104698133.0000
383576370351496,0.1703421272,383576370351496.0000
1940598608695657,0.8617989028,-311201204858520.0000
1688644351743612,0.7499087359,-563155461810565.0000
1158552045188254,0.5145004623,-1093247768365923.0000
1474291284463940,0.6547168516,-777508529090237.0000
1036310743656487,0.4602144193,1036310743656487.0000
696547710736468,0.3093293225,696547710736468.0000
1475485063804399,0.6552469962,-776314749749778.0000
1575085076133621,0.6994782869,-676714737420556.0000
2237976160367733,0.9938610648,-13823653186444.0000
1976422700237783,0.8777079953,-275377113316394.0000
2144964513594949,0.9525555961,-106835299959228.0000
743923551769566,0.3303684223,743923551769566.0000
1674980501860125,0.7438407676,-576819311694052.0000
1506752516531895,0.6691325345,-745047297022282.0000
836234449081713,0.3713626958,836234449081713.0000
5720712052338,0.0025405065,5720712052338.0000
1422562752434889,0.6317447687,-829237061119288.0000
1477368452207247,0.6560833886,-774431361346930.0000
1803192765133874,0.8007784503,-448607048420303.0000
440393588820810,0.1955740409,440393588820810.0000
1707824002964621,0.7584262121,-543975810589556.0000
178002158818358,0.0790488381,178002158818358.0000
1886779487644890,0.8378984119,-365020325909287.0000
1370859603556530,0.6087839582,-880940209997647.0000
1130616255792037,0.5020944797,-1121183557762140.0000
1725377949383119,0.7662217303,-526421864171058.0000
1903560340475027,0.8453506076,-348239473079150.0000
1290214324029775,0.5729702597,-961585489524402.0000
1312517638006087,0.5828749208,-939282175548090.0000
743472917922051,0.3301683007,743472917922051.0000
1186111637697441,0.5267393800,-1065688175856736.0000
700030263390424,0.3108758866,700030263390424.0000
350286152447435,0.1555583007,350286152447435.0000
501465851565932,0.2226955738,501465851565932.0000
871569579786433,0.3870546460,871569579786433.0000
110115324445470,0.0489010274,110115324445470.0000
621717651690840,0.2760981007,621717651690840.0000
538404048171096,0.2390994283,538404048171096.0000
1932601578800738,0.8582475081,-319198234753439.0000
1832347948929475,0.8137259529,-419451864624702.0000
985716809326331,0.4377461990,985716809326331.0000
1495445296623099,0.6641111202,-756354516931078.0000
1529113554784519,0.6790628304,-722686258769658.0000
1972891828428994,0.8761399733,-278907985125183.0000
694748130928128,0.3085301485,694748130928128.0000
914116195450857,0.4059491390,914116195450857.0000
2029087708121587,0.9010959571,-222712105432590.0000
1986185902239833,0.8820437280,-265613911314344.0000
1216004574786494,0.5400145108,-1035795238767683.0000
473336818088666,0.2102037736,473336818088666.0000
1823573869742474,0.8098294790,-428225943811703.0000
1765470389602916,0.7840263504,-486329423951261.0000
1830563093199088,0.8129333177,-421236720355089.0000
843038203617334,0.3743841697,843038203617334.0000
1180515684282243,0.5242542775,-1071284129271934.0000
931381589480942,0.4136165142,931381589480942.0000
124994686300560,0.0555087915,124994686300560.0000
464269443069045,0.2061770501,464269443069045.0000
967272340355350,0.4295552094,967272340355350.0000
2229678932526908,0.9901763554,-22120881027269.0000
16467416971836,0.0073130022,16467416971836.0000
1624364796997128,0.7213628792,-627435016557049.0000
417292261453709,0.1853149907,417292261453709.0000
786412601101573,0.3492373507,786412601101573.0000
1403364026435174,0.6232188217,-848435787119003.0000
639581272075291,0.2840311418,639581272075291.0000
509243382739725,0.2261494915,509243382739725.0000
888764747510335,0.3946908345,888764747510335.0000
167347305019606,0.0743171325,167347305019606.0000
1293533743044910,0.5744443779,-958266070509267.0000
1817198469766539,0.8069982326,-434601343787638.0000
1602517706940696,0.7116608223,-649282106613481.0000
414450327600189,0.1840529185,414450327600189.0000
1932659307668121,0.8582731449,-319140505886056.0000
66449335339058,0.0295094328,66449335339058.0000
688155736225816,0.3056025372,688155736225816.0000
424053494591131,0.1883175814,424053494591131.0000
447916315028617,0.1989148024,447916315028617.0000
275579756762836,0.1223819964,275579756762836.0000
1533640299730635,0.6810731089,-718159513823542.0000
1949593007206902,0.8657932182,-302206806347275.0000
1360145597839134,0.6040259839,-891654215715043.0000
56114562321181,0.0249198716,56114562321181.0000
1802298870852473,0.8003814815,-449500942701704.0000
1830416196910381,0.8128680826,-421383616643796.0000
1435423222341470,0.6374559646,-816376591212707.0000
1581799592864545,0.7024601314,-670000220689632.0000
1706501227979241,0.7578387820,-545298585574936.0000
682493291509715,0.3030879066,682493291509715.0000
967123792866132,0.4294892410,967123792866132.0000
2147694495334941,0.9537679515,-104105318219236.0000
1327869306783727,0.5896924313,-923930506770450.0000
982877232006527,0.4364851734,982877232006527.0000
1572469346524281,0.6983166697,-679330467029896.0000
22134213445321,0.0098295654,22134213445321.0000
13326376301250,0.0059180999,13326376301250.0000
1005846424939563,0.4466855441,1005846424939563.0000
434066275618758,0.1927641494,434066275618758.0000
1287885688965476,0.5719361380,-963914124588701.0000
1975146703471072,0.8771413389,-276653110083105.0000
1797715991578639,0.7983462743,-454083821975538.0000
619938077081311,0.2753078108,619938077081311.0000
199133099582620,0.0884328609,199133099582620.0000
2177782258966708,0.9671296027,-74017554587469.0000
880093731483474,0.3908401298,880093731483474.0000
278322725167049,0.1236001191,278322725167049.0000
1282631052051660,0.5696026105,-969168761502517.0000
43892163574739,0.0194920362,43892163574739.0000
600031739681225,0.2664676212,600031739681225.0000
435762017373541,0.1935172100,435762017373541.0000
498833920310512,0.2215267615,498833920310512.0000
1396122999901487,0.6200031599,-855676813652690.0000
452367085890840,0.2008913417,452367085890840.0000
9552720980364,0.0042422603,9552720980364.0000
2141795979074060,0.9511484841,-110003834480117.0000
601595394579400,0.2671620234,601595394579400.0000
689469480152252,0.3061859567,689469480152252.0000
104830296143788,0.0465540034,104830296143788.0000
866088912932647,0.3846207410,866088912932647.0000
193678407819536,0.0860104911,193678407819536.0000
1330940497700207,0.5910563140,-920859315853970.0000
896000156381480,0.3979040015,896000156381480.0000
427610850565825,0.1898973648,427610850565825.0000
413489475637033,0.1836262145,413489475637033.0000
1210366801067140,0.5375108363,-1041433012487037.0000
1825049634779684,0.8104848503,-426750178774493.0000
369929736971701,0.1642818046,369929736971701.0000
1592225093037764,0.7070899835,-659574720516413.0000
2029991800770223,0.9014974549,-221808012783954.0000
837750551434050,0.3720359805,837750551434050.0000
1083777185025718,0.4812937538,1083777185025718.0000
530821394143681,0.2357320535,530821394143681.0000
908862609071152,0.4036160779,908862609071152.0000
1066779282915988,0.4737451689,1066779282915988.0000
1435916379470759,0.6376749704,-815883434083418.0000
1850309406551122,0.8217024424,-401490407003055.0000
33757358191427,0.0149912785,33757358191427.0000
924493632057939,0.4105576466,924493632057939.0000
1601743096679467,0.7113168262,-650056716874710.0000
2003648866300133,0.8897988419,-248150947254044.0000
1776577367534534,0.7889588394,-475222446019643.0000
2130905690806922,0.9463122246,-120894122747255.0000
1391622564755719,0.6180045652,-860177248798458.0000
2127195079128277,0.9446643819,-124604734425900.0000
1315601133269234,0.5842442678,-936198680284943.0000
476402585481519,0.2115652478,476402585481519.0000
1474957455040315,0.6550126908,-776842358513862.0000
816514998489713,0.3626055005,816514998489713.0000
1571999581527811,0.6981080521,-679800232026366.0000
2240046217551943,0.9947803548,-11753596002234.0000
1069547836279460,0.4749746535,1069547836279460.0000
391117209390681,0.1736909325,391117209390681.0000
1500903709365833,0.6665351424,-750896104188344.0000
1605019781539898,0.7127719666,-646780032014279.0000
282732455662897,0.1255584328,282732455662897.0000
806308558827829,0.3580729308,806308558827829.0000
1080756510672035,0.4799523049,1080756510672035.0000
521105350136518,0.2314172632,521105350136518.0000
289643342786859,0.1286274832,289643342786859.0000
261491067844241,0.1161253617,261491067844241.0000
557627455323043,0.2476363360,557627455323043.0000
1238724854832246,0.5501043420,-1013074958721931.0000
2231230390572597,0.9908653412,-20569422981580.0000
993998910251436,0.4414241907,993998910251436.0000
540111927122238,0.2398578790,540111927122238.0000
1646839512652974,0.7313436580,-604960300901203.0000
1930059116364321,0.8571184280,-321740697189856.0000
1980636515886927,0.8795793054,-271163297667250.0000
1853656348181262,0.8231887830,-398143465372915.0000
949422970679637,0.4216284969,949422970679637.0000
904824748283248,0.4018229075,904824748283248.0000
893867948070531,0.3969571108,893867948070531.0000
1497757103961086,0.6651377689,-754042709593091.0000
945399277798247,0.4198416183,945399277798247.0000
421028359684363,0.1869741516,421028359684363.0000
16955037343052,0.0075295491,16955037343052.0000
1607198270793012,0.7137394102,-644601542761165.0000
943145870164580,0.4188409043,943145870164580.0000
1961155967131494,0.8709282039,-290643846422683.0000
784135241161752,0.3482259997,784135241161752.0000
1337514233361009,0.5939756391,-914285580193168.0000
2022784412088226,0.8982967313,-229015401465951.0000
190946788001536,0.0847974082,190946788001536.0000
1694194287065068,0.7523734023,-557605526489109.0000
1988141454622284,0.8829121677,-263658358931893.0000
528615183721288,0.2347522993,528615183721288.0000
407968129748054,0.1811742444,407968129748054.0000
965592998565060,0.4288094318,965592998565060.0000
1094794065408240,0.4861862315,1094794065408240.0000
1260901884929831,0.5599529218,-990897928624346.0000
186136296329283,0.0826611208,186136296329283.0000
1558138495755841,0.6919524935,-693661317798336.0000
21976876998982,0.0097596939,21976876998982.0000
345488909918614,0.1534278970,345488909918614.0000
2198075903055836,0.9761417910,-53723910498341.0000
506711909500339,0.2250252915,506711909500339.0000
100258627217232,0.0445237745,100258627217232.0000
854531005302744,0.3794879990,854531005302744.0000
1684443213410833,0.7480430557,-567356600143344.0000
857000976446806,0.3805848865,857000976446806.0000
704343680795035,0.3127914287,704343680795035.0000
376173621714229,0.1670546464,376173621714229.0000
530350483683536,0.2355229273,530350483683536.0000
253334839513246,0.1125032687,253334839513246.0000
1902960300793901,0.8450841364,-348839512760276.0000
952099439523016,0.4228170878,952099439523016.0000
1824744381164825,0.8103492905,-427055432389352.0000
1238999250573367,0.5502261982,-1012800562980810.0000
1474495120297182,0.6548073729,-777304693256995.0000
1704092816703368,0.7567692325,-547706996850809.0000
275068040299468,0.1221547487,275068040299468.0000
561917484699767,0.2495414918,561917484699767.0000
1503410837357235,0.6676485309,-748388976196942.0000
1230715737058598,0.5465475793,-1021084076495579.0000
1343154208482819,0.5964802912,-908645605071358.0000
1423923765909780,0.6323491801,-827876047644397.0000
87723952887950,0.0389572609,87723952887950.0000
533397071533520,0.2368758840,533397071533520.0000
1741314503921657,0.7732989822,-510485309632520.0000
1985568853350764,0.8817697032,-266230960203413.0000
2223023451857299,0.9872207283,-28776361696878.0000
591699379963367,0.2627673101,591699379963367.0000
1493490725359561,0.6632431162,-758309088194616.0000
2168856849977928,0.9631659248,-82942963576249.0000
1446356760664273,0.6423114310,-805443052889904.0000
864601537638577,0.3839602137,864601537638577.0000
755620948027097,0.3355631098,755620948027097.0000
1744939738113782,0.7749089096,-506860075440395.0000
78384517017768,0.0348097182,78384517017768.0000
435956089079038,0.1936033951,435956089079038.0000
307922591480823,0.1367451004,307922591480823.0000
1349449507218542,0.5992759654,-902350306335635.0000
1876893413741835,0.8335081131,-374906399812342.0000
638766110727098,0.2836691374,638766110727098.0000
2041724748164944,0.9067079302,-210075065389233.0000
1376666728880948,0.6113628399,-875133084673229.0000
527815606079932,0.2343972155,527815606079932.0000
628545367725284,0.2791302157,628545367725284.0000
176388098856130,0.0783320515,176388098856130.0000
2142112928707069,0.9512892380,-109686884847108.0000
125733686753766,0.0558369736,125733686753766.0000
786026686166347,0.3490659700,786026686166347.0000
2200820292913854,0.9773605450,-50979520640323.0000
2115735592045964,0.9395753474,-136064221508213.0000
669525934093613,0.2973292431,669525934093613.0000
1897125676922387,0.8424930429,-354674136631790.0000
1388881565233234,0.6167873169,-862918248320943.0000
132365414980229,0.0587820526,132365414980229.0000
2146958215367041,0.9534409775,-104841598187136.0000
378646383521206,0.1681527733,378646383521206.0000
2107015336271823,0.9357027759,-144784477282354.0000
1056750963523047,0.4692917004,1056750963523047.0000
1359102594083691,0.6035627971,-892697219470486.0000
596006474864483,0.2646800445,596006474864483.0000
267220870058113,0.1186699050,267220870058113.0000
1408668655596272,0.6255745502,-843131157957905.0000
858414594606193,0.3812126591,858414594606193.0000
541915723578431,0.2406589255,541915723578431.0000
1075421502477410,0.4775830853,1075421502477410.0000
1507838847460711,0.6696149624,-743960966093466.0000
1007531671800323,0.4474339441,1007531671800323.0000
518262849270899,0.2301549392,518262849270899.0000
843119895240987,0.3744204481,843119895240987.0000
655810519061053,0.2912383752,655810519061053.0000
359778126447813,0.1597735839,359778126447813.0000
108611035508578,0.0482329889,108611035508578.0000
1750307414232249,0.7772926366,-501492399321928.0000
638773593908508,0.2836724606,638773593908508.0000
1806456977957072,0.8022280520,-445342835597105.0000
1378688254667200,0.6122605777,-873111558886977.0000
1832193183675774,0.8136572233,-419606629878403.0000
1479126031849098,0.6568639108,-772673781705079.0000
1755866496016717,0.7797613649,-495933317537460.0000
1928820126420151,0.8565682059,-322979687134026.0000
2001475609049048,0.8888337218,-250324204505129.0000
1375329799383262,0.6107691239,-876470014170915.0000
667182487001042,0.2962885435,667182487001042.0000
1324161302880048,0.5880457467,-927638510674129.0000
605164044683667,0.2687468224,605164044683667.0000
1300530526664049,0.5775515740,-951269286890128.0000
591351014045175,0.2626126046,591351014045175.0000
100629219639378,0.0446883506,100629219639378.0000
1275775386343324,0.5665580833,-976024427210853.0000
1010440813202696,0.4487258624,1010440813202696.0000
272999558251673,0.1212361581,272999558251673.0000
1336607682914683,0.5935730498,-915192130639494.0000
1858149640594446,0.8251842057,-393650172959731.0000
1067034095766754,0.4738583285,1067034095766754.0000
616047976154127,0.2735802590,616047976154127.0000
330009832310902,0.1465538057,330009832310902.0000
154054536203488,0.0684139573,154054536203488.0000
1454667770578552,0.6460022609,-797132042975625.0000
259859050565688,0.1154006004,259859050565688.0000
353523205660120,0.1569958411,353523205660120.0000
2007143211762357,0.8913506430,-244656601791820.0000
1997423557293863,0.8870342493,-254376256260314.0000
1841929224984937,0.8179808942,-409870588569240.0000
796409665511431,0.3536769391,796409665511431.0000
496398625838381,0.2204452735,496398625838381.0000
1619232794407180,0.7190838123,-632567019146997.0000
1340709396641081,0.5953945766,-911090416913096.0000
32198012268325,0.0142987898,32198012268325.0000
1665030050861123,0.7394218797,-586769762693054.0000
1065849585447203,0.4733323002,1065849585447203.0000
2167100518788096,0.9623859571,-84699294766081.0000
1585908579220578,0.7042848879,-665891234333599.0000
1198604355455803,0.5322872612,-1053195458098374.0000
37373002343463,0.0165969471,37373002343463.0000
1705640835743961,0.7574566911,-546158977810216.0000
1547811129603851,0.6873662216,-703988683950326.0000
124410051575581,0.0552491615,124410051575581.0000
2191023260184062,0.9730097884,-60776553370115.0000
1404113139471044,0.6235514947,-847686674083133.0000
38850625496998,0.0172531436,38850625496998.0000
1904368779689014,0.8457096267,-347431033865163.0000
1920004416131270,0.8526532441,-331795397422907.0000
2080803494408730,0.9240623797,-170996319145447.0000
729346578117012,0.3238949456,729346578117012.0000
78681852281439,0.0349417616,78681852281439.0000
1622050907570687,0.7203353059,-629748905983490.0000
446898076525662,0.1984626137,446898076525662.0000
1202260392344630,0.5339108677,-1049539421209547.0000
150193063383466,0.0666991188,150193063383466.0000
141740670068356,0.0629455022,141740670068356.0000
2030697069697009,0.9018106572,-221102743857168.0000
321142847819140,0.1426160735,321142847819140.0000
1738107060603311,0.7718745912,-513692752950866.0000
1558415731524590,0.6920756109,-693384082029587.0000
1161356506288450,0.5157458933,-1090443307265727.0000
918638146273011,0.4079572885,918638146273011.0000
1575710360315410,0.6997559689,-676089453238767.0000
862543318081163,0.3830461806,862543318081163.0000
1077205884764527,0.4783755102,1077205884764527.0000
1570566724103388,0.6974717356,-681233089450789.0000
1901416695823957,0.8443986381,-350383117730220.0000
159300331759161,0.0707435585,159300331759161.0000
685243863142626,0.3043094058,685243863142626.0000
1859928007514492,0.8259739593,-391871806039685.0000
431473671140380,0.1916128017,431473671140380.0000
298075300878655,0.1323720249,298075300878655.0000
1752641097907576,0.7783290004,-499158715646601.0000
939869667978073,0.4173859782,939869667978073.0000
194219267374684,0.0862506810,194219267374684.0000
459441531852748,0.2040330269,459441531852748.0000
246044011597422,0.1092654907,246044011597422.0000
2241398075118120,0.9953807002,-10401738436057.0000
2016998180068302,0.8957271281,-234801633485875.0000
1008014256951515,0.4476482549,1008014256951515.0000
1322414368273431,0.5872699519,-929385445280746.0000
4280352988930,0.0019008586,4280352988930.0000
1944923194011583,0.8637194045,-306876619542594.0000
656632953742232,0.2916036096,656632953742232.0000
420536835597825,0.1867558710,420536835597825.0000
1677189561446354,0.7448217872,-574610252107823.0000
2237849062353577,0.9938046219,-13950751200600.0000
377630161873536,0.1677014802,377630161873536.0000
862890913236355,0.3832005439,862890913236355.0000
2058393313976231,0.9141102604,-193406499577946.0000
280091362089084,0.1243855517,280091362089084.0000
558292362977374,0.2479316144,558292362977374.0000
1882110199055770,0.8358248312,-369689614498407.0000
504270049597606,0.2239408879,504270049597606.0000
1040286993398004,0.4619802289,1040286993398004.0000
1097215861470548,0.4872617250,1097215861470548.0000
1205247613718207,0.5352374605,-1046552199835970.0000
92143490629677,0.0409199299,92143490629677.0000
130417441987161,0.0579169788,130417441987161.0000
1587313914069698,0.7049089819,-664485899484479.0000
1724938630227836,0.7660266334,-526861183326341.0000
1873627233467848,0.8320576377,-378172580086329.0000
1272516793890467,0.5651109776,-979283019663710.0000
765481283906733,0.3399419785,765481283906733.0000
1499948634023841,0.6661110037,-751851179530336.0000
2140391378473085,0.9505247161,-111408435081092.0000
718703314252922,0.3191683870,718703314252922.0000
2012652363426333,0.8937971978,-239147450127844.0000
1350520701552709,0.5997516713,-901279112001468.0000
1767248701168880,0.7848160794,-484551112385297.0000
1334043140618936,0.5924341643,-917756672935241.0000
420175500778154,0.1865954061,420175500778154.0000
559634254115051,0.2485275337,559634254115051.0000
2143485021756133,0.9518985697,-108314791798044.0000
1036147583956950,0.4601419619,1036147583956950.0000
932929950898379,0.4143041248,932929950898379.0000
463238678880299,0.2057192989,463238678880299.0000
54212737067498,0.0240752916,54212737067498.0000
1826693814415555,0.8112150127,-425105999138622.0000
1650547314278192,0.7329902527,-601252499275985.0000
1073430683199628,0.4766989840,1073430683199628.0000
2209685696755233,0.9812975751,-42114116798944.0000
1844249754539986,0.8190114163,-407550059014191.0000
149007043069034,0.0661724200,149007043069034.0000
1006383601250435,0.4469240983,1006383601250435.0000
312966529520117,0.1389850588,312966529520117.0000
891873352008639,0.3960713322,891873352008639.0000
1124047842404052,0.4991775182,1124047842404052.0000
631811874928565,0.2805808363,631811874928565.0000
2048229281489986,0.9095965233,-203570532064191.0000
2237621696792244,0.9937036513,-14178116761933.0000
1827619277018205,0.8116260007,-424180536535972.0000
1707705844356074,0.7583737391,-544093969198103.0000
1244963948904910,0.5528750564,-1006835864649267.0000
988596477643954,0.4390250286,988596477643954.0000
2101994855330883,0.9334732345,-149804958223294.0000
1243671635453279,0.5523011539,-1008128178100898.0000
260133627789983,0.1155225372,260133627789983.0000
1997006270177972,0.8868489366,-254793543376205.0000
1559671024030279,0.6926330727,-692128789523898.0000
2197001017828708,0.9756644461,-54798795725469.0000
340470254094766,0.1511991661,340470254094766.0000
1972499039771699,0.8759655401,-279300773782478.0000
1858268799635703,0.8252371230,-393531013918474.0000
1274481349166098,0.5659834154,-977318464388079.0000
34396598905207,0.0152751584,34396598905207.0000
2110613273173429,0.9373005808,-141186540380748.0000
638251832514395,0.2834407520,638251832514395.0000
657224289900300,0.2918662156,657224289900300.0000
2184122495486750,0.9699452333,-67677318067427.0000
954116722036545,0.4237129412,954116722036545.0000
1640057753099205,0.7283319517,-611742060454972.0000
90086375199585,0.0400063872,90086375199585.0000
660511638144657,0.2933260915,660511638144657.0000
1513508368836425,0.6721327357,-738291444717752.0000
556292891363738,0.2470436706,556292891363738.0000
1615137757431541,0.7172652505,-636662056122636.0000
1635058649552642,0.7261119038,-616741164001535.0000
1385614435508057,0.6153364199,-866185378046120.0000
541615178347859,0.2405254566,541615178347859.0000
1518450077301221,0.6743272951,-733349736252956.0000
839170975213852,0.3726667753,839170975213852.0000
1706551010030802,0.7578608897,-545248803523375.0000
617061396580370,0.2740303081,617061396580370.0000
2133730302161117,0.9475666040,-118069511393060.0000
1834088228214043,0.8144987921,-417711585340134.0000
697898526192249,0.3099292051,697898526192249.0000
476237684605900,0.2114920171,476237684605900.0000
1528688718952256,0.6788741653,-723111094601921.0000
2003808037661141,0.8898695282,-247991775893036.0000
688022415514960,0.3055433309,688022415514960.0000
1553919762164848,0.6900789994,-697880051389329.0000
1867526503597668,0.8293483694,-384273309956509.0000
2077519890749857,0.9226041668,-174279922804320.0000
146251418806812,0.0649486770,146251418806812.0000
47873856277156,0.0212602630,47873856277156.0000
628873972146526,0.2792761454,628873972146526.0000
906018208450970,0.4023529103,906018208450970.0000
1330218492344600,0.5907356792,-921581321209577.0000
497157844800761,0.2207824345,497157844800761.0000
998237848168932,0.4433066573,998237848168932.0000
1349601769535381,0.5993435835,-902198044018796.0000
1149698576707161,0.5105687325,-1102101236847016.0000
2186881136180104,0.9711703159,-64918677374073.0000
1293286522289305,0.5743345898,-958513291264872.0000
322959021540703,0.1434226167,322959021540703.0000
893920523292239,0.3969804589,893920523292239.0000
2025968430383796,0.8997107195,-225831383170381.0000
1106378580898362,0.4913307898,1106378580898362.0000
2142063841044307,0.9512674387,-109735972509870.0000
1184006564253449,0.5258045396,-1067793249300728.0000
247486948346387,0.1099062833,247486948346387.0000
1264111387957163,0.5613782275,-987688425597014.0000
2194587972800013,0.9745928388,-57211840754164.0000
56287899500786,0.0249968488,56287899500786.0000
925900249259500,0.4111823101,925900249259500.0000
1070558083570771,0.4754232935,1070558083570771.0000
93420151233402,0.0414868811,93420151233402.0000
2079614264820971,0.9235342557,-172185548733206.0000
2128568599808518,0.9452743477,-123231213745659.0000
1989736178361703,0.8836203673,-262063635192474.0000
103557640595753,0.0459888308,103557640595753.0000
1314383047481238,0.5837033290,-937416766072939.0000
1326544276718633,0.5891039997,-925255536835544.0000
870044778408040,0.3863774982,870044778408040.0000
2236783514173733,0.9933314235,-15016299380444.0000
997882826958616,0.4431489962,997882826958616.0000
1027435509941789,0.4562730238,1027435509941789.0000
147739683968443,0.0656095995,147739683968443.0000
1500912450537298,0.6665390243,-750887363016879.0000
