raw,normalised,signed
1730553184486292,0.7685199963,-521246629067885.0000
645280595362741,0.2865621497,645280595362741.0000
500652388745475,0.2223343237,500652388745475.0000
671830732569815,0.2983527792,671830732569815.0000
1231206984345275,0.5467657369,-1020592829208902.0000
603284802434120,0.2679122712,603284802434120.0000
1813724051069109,0.8054552808,-438075762485068.0000
1560540116004574,0.6930190271,-691259697549603.0000
1704197365920125,0.7568156617,-547602447634052.0000
2076224113325814,0.9220287260,-175575700228363.0000
1863259629488307,0.8274534967,-388540184065870.0000
382358356266587,0.1698012203,382358356266587.0000
1255707024574136,0.5576459404,-996092788980041.0000
1898352095133968,0.8430376820,-353447718420209.0000
1664867605493603,0.7393497395,-586932208060574.0000
1645743190847519,0.7308567933,-606056622706658.0000
842829868396084,0.3742916503,842829868396084.0000
2095154806615731,0.9304356426,-156645006938446.0000
2025484781421770,0.8994959362,-226315032132407.0000
961039641873247,0.4267873352,961039641873247.0000
506871921932100,0.2250963513,506871921932100.0000
1715569083807599,0.7618657189,-536230729746578.0000
2116567847055382,0.9399449428,-135231966498795.0000
789685960633252,0.3506910143,789685960633252.0000
198416701979965,0.0881147164,198416701979965.0000
1275902880795304,0.5666147022,-975896932758873.0000
599207251146914,0.2661014747,599207251146914.0000
2168931424023515,0.9631990424,-82868389530662.0000
119855475915393,0.0532265236,119855475915393.0000
1103892376650257,0.4902266933,1103892376650257.0000
1829316637527059,0.8123797802,-422483176027118.0000
1772606882301319,0.7871955898,-479192931252858.0000
180188201499686,0.0800196360,180188201499686.0000
1260216024636416,0.5596483387,-991583788917761.0000
1550904742085998,0.6887400615,-700895071468179.0000
1939461637467458,0.8612939862,-312338176086719.0000
634522836502593,0.2817847451,634522836502593.0000
962237769715135,0.4273194109,962237769715135.0000
929900473577693,0.4129587666,929900473577693.0000
1497598786600629,0.6650674619,-754201026953548.0000
2065622720345832,0.9173207618,-186177093208345.0000
1889127237755828,0.8389410224,-362672575798349.0000
1480919385856049,0.6576603200,-770880427698128.0000
592101355011214,0.2629458229,592101355011214.0000
416764880620367,0.1850807865,416764880620367.0000
1179830602798722,0.5239500402,-1071969210755455.0000
1969533870652068,0.8746487404,-282265942902109.0000
1219043428948597,0.5413640332,-1032756384605580.0000
119589106953955,0.0531082320,119589106953955.0000
2114711412111949,0.9391205201,-137088401442228.0000
989163237384674,0.4392767205,989163237384674.0000
1612244661248129,0.7159804577,-639555152306048.0000
842264260191304,0.3740404698,842264260191304.0000
40674463130294,0.0180630902,40674463130294.0000
350738630705760,0.1557592414,350738630705760.0000
1363758384363512,0.6056303834,-888041429190665.0000
455681454349251,0.2023632170,455681454349251.0000
1122758115070200,0.4986047642,1122758115070200.0000
2006704333984512,0.8911557421,-245095479569665.0000
1038109185942045,0.4610130881,1038109185942045.0000
1003141349795804,0.4454842494,1003141349795804.0000
1325160789789385,0.5884896081,-926639023764792.0000
1820803491591443,0.8085991839,-430996321962734.0000
1889484087552243,0.8390994955,-362315726001934.0000
1828668256079102,0.8120918410,-423131557475075.0000
234766194676435,0.1042571339,234766194676435.0000
991482682243062,0.4403067610,991482682243062.0000
2031619031270766,0.9022200904,-220180782283411.0000
129207880302779,0.0573798255,129207880302779.0000
281931143374460,0.1252025787,281931143374460.0000
1606723196174769,0.7135284347,-645076617379408.0000
1570209625010766,0.6973131517,-681590188543411.0000
477552571768441,0.2120759443,477552571768441.0000
967496087089530,0.4296545729,967496087089530.0000
1346215361083091,0.5978397160,-905584452471086.0000
20382328478919,0.0090515721,20382328478919.0000
2131658835397215,0.9466466879,-120140978156962.0000
1962541114524343,0.8715433329,-289258699029834.0000
903050322250227,0.4010349041,903050322250227.0000
60139544386697,0.0267073227,60139544386697.0000
1787098720901844,0.7936312589,-464701092652333.0000
1301846427894642,0.5781359515,-949953385659535.0000
1561683261533310,0.6935266857,-690116552020867.0000
1099853819803544,0.4884332138,1099853819803544.0000
1492222876199077,0.6626800781,-759576937355100.0000
1326239838112534,0.5889688018,-925559975441643.0000
268378123991730,0.1191838290,268378123991730.0000
1318610234959165,0.5855805774,-933189578595012.0000
926300528280904,0.4113600697,926300528280904.0000
2012258929398282,0.8936224780,-239540884155895.0000
1034886721404906,0.4595820264,1034886721404906.0000
1284586770364076,0.5704711239,-967213043190101.0000
1798591887437828,0.7987352502,-453207926116349.0000
547473725613407,0.2431271742,547473725613407.0000
1918768678525486,0.8521044664,-333031135028691.0000
394984144333255,0.1754081966,394984144333255.0000
1579973778433123,0.7016493069,-671826035121054.0000
470426098149147,0.2089111542,470426098149147.0000
518595717170778,0.2303027623,518595717170778.0000
356801669020654,0.1584517713,356801669020654.0000
1300225068927875,0.5774159235,-951574744626302.0000
300917523954070,0.1336342255,300917523954070.0000
707581934389248,0.3142295022,707581934389248.0000
606630316206439,0.2693979778,606630316206439.0000
2147695000464022,0.9537681758,-104104813090155.0000
1794662293969090,0.7969901601,-457137519585087.0000
1053613037047148,0.4678981811,1053613037047148.0000
160833056383222,0.0714242249,160833056383222.0000
1839244095486717,0.8167884571,-412555718067460.0000
1225157424186823,0.5440791925,-1026642389367354.0000
471238152663239,0.2092717789,471238152663239.0000
857908971052543,0.3809881171,857908971052543.0000
1113479182674696,0.4944840904,1113479182674696.0000
1474841585084811,0.6549612342,-776958228469366.0000
2062410806831078,0.9158943856,-189389006723099.0000
1720605558231952,0.7641023629,-531194255322225.0000
1594364512533907,0.7080400766,-657435301020270.0000
957951270553809,0.4254158228,957951270553809.0000
1815587032762397,0.8062826108,-436212780791780.0000
1100351766484552,0.4886543466,1100351766484552.0000
313723259473619,0.1393211144,313723259473619.0000
101027068435228,0.0448650310,101027068435228.0000
1401883839599078,0.6225614867,-849915973955099.0000
578165448069859,0.2567570370,578165448069859.0000
290961738985158,0.1292129688,290961738985158.0000
74123220907559,0.0329173226,74123220907559.0000
95728841209735,0.0425121455,95728841209735.0000
1440694485295710,0.6397968756,-811105328258467.0000
1543125701057522,0.6852854733,-708674112496655.0000
2071463106513495,0.9199144143,-180336707040682.0000
1062626158743867,0.4719008112,1062626158743867.0000
72814681300336,0.0323362143,72814681300336.0000
851006609662634,0.3779228529,851006609662634.0000
1818652511091851,0.8076439567,-433147302462326.0000
317371758795478,0.1409413736,317371758795478.0000
909862855539808,0.4040602766,909862855539808.0000
312868324724844,0.1389414471,312868324724844.0000
735055012921188,0.3264299999,735055012921188.0000
1552673031731467,0.6895253399,-699126781822710.0000
1197651821347328,0.5318642510,-1054147992206849.0000
578711029786486,0.2569993240,578711029786486.0000
502549290329357,0.2231767173,502549290329357.0000
1376731148313716,0.6113914479,-875068665240461.0000
2125822378831490,0.9440547806,-125977434722687.0000
21860811864292,0.0097081507,21860811864292.0000
219607099295326,0.0975251432,219607099295326.0000
1203696650466053,0.5345486944,-1048103163088124.0000
1285361659987754,0.5708152440,-966438153566423.0000
1426924563796787,0.6336818021,-824875249757390.0000
1316256200280588,0.5845351760,-935543613273589.0000
1551920983820111,0.6891913635,-699878829734066.0000
271096710514179,0.1203911240,271096710514179.0000
1527497832577319,0.6783453056,-724301980976858.0000
1318335233609610,0.5854584522,-933464579944567.0000
1382459535033151,0.6139353626,-869340278521026.0000
706713039587177,0.3138436354,706713039587177.0000
741022276265837,0.3290799972,741022276265837.0000
1805845977934223,0.8019567135,-445953835619954.0000
1024381463301399,0.4549167546,1024381463301399.0000
520889967420332,0.2313216141,520889967420332.0000
887927677154206,0.3943191006,887927677154206.0000
1211452277461241,0.5379928847,-1040347536092936.0000
955927233301798,0.4245169697,955927233301798.0000
2164580907786986,0.9612670251,-87218905767191.0000
1104886473236501,0.4906681609,1104886473236501.0000
1139456083239098,0.5060201517,-1112343730315079.0000
1357114462981346,0.6026798896,-894685350572831.0000
735710190598389,0.3267209572,735710190598389.0000
67788910834281,0.0301043239,67788910834281.0000
1145177282914507,0.5085608747,-1106622530639670.0000
1280227544100153,0.5685352385,-971572269454024.0000
569594301214672,0.2529506832,569594301214672.0000
2112830467843011,0.9382852131,-138969345711166.0000
1527120129128516,0.6781775715,-724679684425661.0000
1921483548124849,0.8533101107,-330316265429328.0000
2114407923053123,0.9389857439,-137391890501054.0000
505261704781267,0.2243812713,505261704781267.0000
146305782830013,0.0649728195,146305782830013.0000
228304451941122,0.1013875437,228304451941122.0000
251537813382324,0.1117052288,251537813382324.0000
1472561033749592,0.6539484660,-779238779804585.0000
1371160515280537,0.6089175898,-880639298273640.0000
943526131757572,0.4190097743,943526131757572.0000
2172317621166253,0.9647028160,-79482192387924.0000
347324530700689,0.1542430764,347324530700689.0000
691806729519973,0.3072239039,691806729519973.0000
1249032802048058,0.5546819902,-1002767011506119.0000
7194741035755,0.0031951069,7194741035755.0000
1394550607782510,0.6193048775,-857249205771667.0000
182005859944172,0.0808268385,182005859944172.0000
1494313458508483,0.6636084831,-757486355045694.0000
1154673175284242,0.5127778981,-1097126638269935.0000
2190688008608901,0.9728609068,-61111804945276.0000
901261326356456,0.4002404303,901261326356456.0000
2217648059443829,0.9848335745,-34151754110348.0000
2082988571078712,0.9250327487,-168811242475465.0000
2129985304292179,0.9459034908,-121814509261998.0000
147644448422483,0.0655673064,147644448422483.0000
1938130230799071,0.8607027228,-313669582755106.0000
357617921442454,0.1588142602,357617921442454.0000
541424297194200,0.2404406883,541424297194200.0000
116714161104433,0.0518314996,116714161104433.0000
1720418155937291,0.7640191395,-531381657616886.0000
1623479095594064,0.7209695488,-628320717960113.0000
1576629737245640,0.7001642543,-675170076308537.0000
1194191847539814,0.5303277140,-1057607966014363.0000
2070847175700334,0.9196408860,-180952637853843.0000
223081061939612,0.0990678925,223081061939612.0000
916912805657146,0.4071910834,916912805657146.0000
957410491321168,0.4251756686,957410491321168.0000
1310650518566513,0.5820457532,-941149294987664.0000
1446107520419884,0.6422007461,-805692293134293.0000
2165813488728526,0.9618144009,-85986324825651.0000
788829877136203,0.3503108369,788829877136203.0000
240784870222561,0.1069299628,240784870222561.0000
576956830623898,0.2562203030,576956830623898.0000
173676463418657,0.0771278434,173676463418657.0000
2157382229487576,0.9580701697,-94417584066601.0000
237911708138027,0.1056540225,237911708138027.0000
670298379591457,0.2976722778,670298379591457.0000
55271397215230,0.0245454311,55271397215230.0000
1951315123972478,0.8665579916,-300484689581699.0000
340458129542333,0.1511937817,340458129542333.0000
1847021446353405,0.8202422947,-404778367200772.0000
1327581988691434,0.5895648364,-924217824862743.0000
841180534163865,0.3735591988,841180534163865.0000
122911057853196,0.0545834746,122911057853196.0000
1437228339138893,0.6382575975,-814571474415284.0000
1903759654947145,0.8454391210,-348040158607032.0000
230516804661053,0.1023700256,230516804661053.0000
945336238417562,0.4198136232,945336238417562.0000
609034160054406,0.2704654989,609034160054406.0000
744919693876744,0.3308107983,744919693876744.0000
1942176538516867,0.8624996444,-309623275037310.0000
918662066000853,0.4079679110,918662066000853.0000
1484953925763147,0.6594520156,-766845887791030.0000
1588559285436737,0.7054620379,-663240528117440.0000
1524108309205747,0.6768400548,-727691504348430.0000
1563482026842235,0.6943254980,-688317786711942.0000
459514900781554,0.2040656092,459514900781554.0000
1922568325665462,0.8537918487,-329231487888715.0000
807633268480984,0.3586612201,807633268480984.0000
910812005153168,0.4044817837,910812005153168.0000
1227931663441210,0.5453112022,-1023868150112967.0000
603286170855258,0.2679128789,603286170855258.0000
889094097280008,0.3948370952,889094097280008.0000
113094265899755,0.0502239432,113094265899755.0000
2145542358913337,0.9528122109,-106257454640840.0000
1766428451191525,0.7844518152,-485371362362652.0000
1494521325907387,0.6637007948,-757278487646790.0000
1940819926791170,0.8618971878,-310979886763007.0000
1577914678449625,0.7007348828,-673885135104552.0000
312778834022419,0.1389017053,312778834022419.0000
1198476178565202,0.5322303392,-1053323634988975.0000
1441299036984465,0.6400653505,-810500776569712.0000
727372226875770,0.3230181575,727372226875770.0000
389039511439378,0.1727682492,389039511439378.0000
1827852186664428,0.8117294333,-423947626889749.0000
1200669344723535,0.5332043006,-1051130468830642.0000
2047204275360814,0.9091413291,-204595538193363.0000
1397776159964615,0.6207373105,-854023653589562.0000
1834876268848197,0.8148487525,-416923544705980.0000
1186212459707604,0.5267841540,-1065587353846573.0000
385241564709444,0.1710816221,385241564709444.0000
1886530265059675,0.8377877348,-365269548494502.0000
558355727951655,0.2479597541,558355727951655.0000
641543226734811,0.2849024247,641543226734811.0000
1877503323001084,0.8337789673,-374296490553093.0000
1003432687986527,0.4456136296,1003432687986527.0000
272903604762056,0.1211935462,272903604762056.0000
1869287314258449,0.8301303264,-382512499295728.0000
240799368749318,0.1069364014,240799368749318.0000
9821505755704,0.0043616247,9821505755704.0000
1265889917009080,0.5621680530,-985909896545097.0000
1286516822516798,0.5713282392,-965282991037379.0000
1751567095800869,0.7778520476,-500232717753308.0000
993567994974068,0.4412328258,993567994974068.0000
486639787258305,0.2161114786,486639787258305.0000
560490064085035,0.2489075897,560490064085035.0000
1586174622811291,0.7044030350,-665625190742886.0000
887102978014856,0.3939528606,887102978014856.0000
1374784367218813,0.6105269034,-877015446335364.0000
745517890854065,0.3310764511,745517890854065.0000
663408972065505,0.2946127662,663408972065505.0000
1645074642844134,0.7305598983,-606725170710043.0000
2076369136586297,0.9220931293,-175430676967880.0000
443097988211658,0.1967750355,443097988211658.0000
793803382175160,0.3525195168,793803382175160.0000
270033578299710,0.1199189984,270033578299710.0000
2136860338512620,0.9489566193,-114939475041557.0000
1326780076941790,0.5892087160,-925019736612387.0000
680520939746651,0.3022120064,680520939746651.0000
1937205968181356,0.8602922678,-314593845372821.0000
520282306538376,0.2310517584,520282306538376.0000
915132770931000,0.4064005892,915132770931000.0000
534958517387779,0.2375693053,534958517387779.0000
282484533121791,0.1254483331,282484533121791.0000
1579107021571970,0.7012643895,-672692791982207.0000
1563772917709491,0.6944546795,-688026895844686.0000
1851234024943338,0.8221130554,-400565788610839.0000
2197671090536097,0.9759620182,-54128723018080.0000
1585079401127651,0.7039166588,-666720412426526.0000
1811325107085085,0.8043899356,-440474706469092.0000
1948103830407508,0.8651318908,-303695983146669.0000
1821525150193871,0.8089196647,-430274663360306.0000
1854196456861113,0.8234286395,-397603356693064.0000
670227513809647,0.2976408070,670227513809647.0000
558190582037198,0.2478864145,558190582037198.0000
670558035985395,0.2977875884,670558035985395.0000
492568393244513,0.2187443086,492568393244513.0000
84314629978104,0.0374432174,84314629978104.0000
1369060243409883,0.6079848818,-882739570144294.0000
768288392833749,0.3411885853,768288392833749.0000
578050331569542,0.2567059150,578050331569542.0000
2014249734930343,0.8945065733,-237550078623834.0000
1922491711086977,0.8537578250,-329308102467200.0000
44547714909622,0.0197831595,44547714909622.0000
906491558279739,0.4025631199,906491558279739.0000
520730922598761,0.2312509840,520730922598761.0000
1166113072647855,0.5178582331,-1085686740906322.0000
1145317207640543,0.5086230138,-1106482605913634.0000
424645657892908,0.1885805547,424645657892908.0000
1103546606375118,0.4900731405,1103546606375118.0000
72137107323389,0.0320353110,72137107323389.0000
2251070392278281,0.9996760719,-729421275896.0000
1965250220833540,0.8727464178,-286549592720637.0000
1361972769411220,0.6048374110,-889827044142957.0000
1924979754460280,0.8548627382,-326820059093897.0000
1198530486868795,0.5322544569,-1053269326685382.0000
2131636675378761,0.9466368469,-120163138175416.0000
1270238503085065,0.5640992132,-981561310469112.0000
2078781960710576,0.9231646384,-173017852843601.0000
1121672342833790,0.4981225845,1121672342833790.0000
2021790911605495,0.8978555285,-230008901948682.0000
1269644781159387,0.5638355477,-982155032394790.0000
773500071819892,0.3435030357,773500071819892.0000
645419337010075,0.2866237634,645419337010075.0000
373611695577962,0.1659169227,373611695577962.0000
1802034838780485,0.8002642277,-449764974773692.0000
239905025365188,0.1065392332,239905025365188.0000
1538929426710888,0.6834219532,-712870386843289.0000
712436042921597,0.3163851594,712436042921597.0000
2119657528399744,0.9413170370,-132142285154433.0000
973509878257550,0.4323252326,973509878257550.0000
606938475842075,0.2695348282,606938475842075.0000
2115762115011116,0.9395871259,-136037698543061.0000
1567269373545964,0.6960074178,-684530440008213.0000
1690126808311420,0.7505670789,-561673005242757.0000
2109072532558309,0.9366163546,-142727280995868.0000
1570464728520636,0.6974264404,-681335085033541.0000
1306873585025951,0.5803684578,-944926228528226.0000
307262079817276,0.1364517743,307262079817276.0000
791716049009935,0.3515925547,791716049009935.0000
1134428879672291,0.5037876248,-1117370933881886.0000
191927376056389,0.0852328768,191927376056389.0000
77679688752467,0.0344967116,77679688752467.0000
329197009082928,0.1461928397,329197009082928.0000
1418409010052797,0.6299001366,-833390803501380.0000
867007023422485,0.3850284640,867007023422485.0000
1134002746904260,0.5035983839,-1117797066649917.0000
2115356449198609,0.9394069741,-136443364355568.0000
60646499191632,0.0269324559,60646499191632.0000
1519954315711314,0.6749953111,-731845497842863.0000
200279261150082,0.0889418588,200279261150082.0000
320030767758462,0.1421222108,320030767758462.0000
397376118535380,0.1764704465,397376118535380.0000
1575356489323718,0.6995988186,-676443324230459.0000
54239947443670,0.0240873754,54239947443670.0000
1519574109410348,0.6748264656,-732225704143829.0000
1458781448294441,0.6478291008,-793018365259736.0000
1583616572832935,0.7032670326,-668183240721242.0000
2196127240840557,0.9752764112,-55672572713620.0000
1521404231204173,0.6756392029,-730395582350004.0000
1212856041665668,0.5386162812,-1038943771888509.0000
1412442496859285,0.6272504724,-839357316694892.0000
1543180093086561,0.6853096282,-708619720467616.0000
2007356857005022,0.8914455206,-244442956549155.0000
558789269457451,0.2481522852,558789269457451.0000
1675820981763931,0.7442140157,-575978831790246.0000
1852547585783306,0.8226963936,-399252227770871.0000
247563803303006,0.1099404138,247563803303006.0000
462220582606718,0.2052671733,462220582606718.0000
1501083966459887,0.6666151926,-750715847094290.0000
1102693103019988,0.4896941089,1102693103019988.0000
1292196468093436,0.5738505085,-959603345460741.0000
853867974621442,0.3791935542,853867974621442.0000
882815866537594,0.3920490006,882815866537594.0000
1811699878334384,0.8045563675,-440099935219793.0000
229422748668884,0.1018841672,229422748668884.0000
864972849344548,0.3841251092,864972849344548.0000
860005258687167,0.3819190558,860005258687167.0000
107352932680387,0.0476742791,107352932680387.0000
582494314631488,0.2586794399,582494314631488.0000
2226199397369345,0.9886311314,-25600416184832.0000
2150276271684663,0.9549144905,-101523541869514.0000
1001930904414959,0.4449467037,1001930904414959.0000
1999968879347093,0.8881645994,-251830934207084.0000
401458776601609,0.1782835109,401458776601609.0000
241549672387407,0.1072696032,241549672387407.0000
64242241985407,0.0285292865,64242241985407.0000
1517449668832099,0.6738830245,-734350144722078.0000
1249043146714618,0.5546865841,-1002756666839559.0000
1013352747021750,0.4500190208,1013352747021750.0000
1793496638197191,0.7964725050,-458303175356986.0000
1774857696342801,0.7881951520,-476942117211376.0000
1217663369902539,0.5407511638,-1034136443651638.0000
263582694090939,0.1170542304,263582694090939.0000
1549694528846650,0.6882026189,-702105284707527.0000
1616184051402362,0.7177298984,-635615762151815.0000
1569205458149391,0.6968672120,-682594355404786.0000
27311038571962,0.0121285375,27311038571962.0000
1300012586872900,0.5773215625,-951787226681277.0000
1964540803478028,0.8724313732,-287259010076149.0000
1845956810837193,0.8197695016,-405843002716984.0000
834348160710907,0.3705250155,834348160710907.0000
1911880039308185,0.8490452960,-339919774245992.0000
721498516758129,0.3204097062,721498516758129.0000
1486567699918686,0.6601686753,-765232113635491.0000
341500690823267,0.1516567720,341500690823267.0000
399520301048531,0.1774226548,399520301048531.0000
531699905690381,0.2361221910,531699905690381.0000
1217045590975298,0.5404768149,-1034754222578879.0000
1673641631786748,0.7432461899,-578158181767429.0000
201642596157925,0.0895473012,201642596157925.0000
1886283002549586,0.8376779282,-365516811004591.0000
1421448747276797,0.6312500511,-830351066277380.0000
1490786859836806,0.6620423587,-761012953717371.0000
1435514304211004,0.6374964131,-816285509343173.0000
2036959565480023,0.9045917640,-214840248074154.0000
1278396792955136,0.5677222217,-973403020599041.0000
811935397796425,0.3605717493,811935397796425.0000
1286432447512292,0.5712907692,-965367366041885.0000
1572076205350987,0.6981420799,-679723608203190.0000
126155388909716,0.0560242470,126155388909716.0000
1662360816092541,0.7382365013,-589438997461636.0000
2242073951274178,0.9956808495,-9725862279999.0000
632827384016823,0.2810318130,632827384016823.0000
1578211676950607,0.7008667766,-673588136603570.0000
2119198013564365,0.9411129714,-132601799989812.0000
122551901821215,0.0544239772,122551901821215.0000
1465721344899658,0.6509110340,-786078468654519.0000
1675267639404181,0.7439682823,-576532174149996.0000
1486859473844266,0.6602982489,-764940339709911.0000
1916092136247041,0.8509158428,-335707677307136.0000
1629641539691095,0.7237062237,-622158273863082.0000
1230649370878124,0.5465181067,-1021150442676053.0000
1244607898382013,0.5527169382,-1007191915172164.0000
652360473302239,0.2897062471,652360473302239.0000
1956656866377497,0.8689302018,-295142947176680.0000
1459453009201932,0.6481273337,-792346804352245.0000
1740205597618605,0.7728065289,-511594215935572.0000
1837282971521183,0.8159175431,-414516842032994.0000
1607849730599000,0.7140287165,-643950082955177.0000
1203218839090163,0.5343365036,-1048580974464014.0000
688073503848812,0.3055660187,688073503848812.0000
598825099941223,0.2659317655,598825099941223.0000
2145376222309760,0.9527384315,-106423591244417.0000
1320195086628123,0.5862843929,-931604726926054.0000
755319199690698,0.3354291066,755319199690698.0000
313720667009918,0.1393199631,313720667009918.0000
1648152682454970,0.7319268225,-603647131099207.0000
81566701688162,0.0362228921,81566701688162.0000
2117747304547788,0.9404687272,-134052509006389.0000
1913646409668404,0.8498297221,-338153403885773.0000
250011549886007,0.1110274316,250011549886007.0000
2105949497911564,0.9352294486,-145850315642613.0000
315175037126643,0.1399658332,315175037126643.0000
1680564219792564,0.7463204365,-571235593761613.0000
2062769344374262,0.9160536083,-189030469179915.0000
1599789385965760,0.7104492044,-652010427588417.0000
1745643987142055,0.7752216590,-506155826412122.0000
271335393720735,0.1204971206,271335393720735.0000
1656825231279215,0.7357782079,-594974582274962.0000
1248788356383901,0.5545734345,-1003011457170276.0000
1755129695665529,0.7794341598,-496670117888648.0000
907118284530681,0.4028414422,907118284530681.0000
711605849837580,0.3160164796,711605849837580.0000
1401380534001573,0.6223379741,-850419279552604.0000
83304995316995,0.0369948495,83304995316995.0000
1505737699985275,0.6686818655,-746062113568902.0000
1598969339280550,0.7100850305,-652830474273627.0000
1113400292157128,0.4944490560,1113400292157128.0000
180683898355003,0.0802397697,180683898355003.0000
2030240750825217,0.9016080109,-221559062728960.0000
735754059841022,0.3267404391,735754059841022.0000
1886798712936601,0.8379069496,-365001100617576.0000
1848443109792870,0.8208736401,-403356703761307.0000
2020153225896878,0.8971282499,-231646587657299.0000
1300071899280818,0.5773479025,-951727914273359.0000
722612382415384,0.3209043620,722612382415384.0000
63654798527504,0.0282684092,63654798527504.0000
863720031470620,0.3835687463,863720031470620.0000
169312294092688,0.0751897629,169312294092688.0000
1118006072306600,0.4964944333,1118006072306600.0000
773961008044991,0.3437077325,773961008044991.0000
2079387858915148,0.9234337113,-172411954639029.0000
343280201071595,0.1524470333,343280201071595.0000
1841829852923038,0.8179367641,-409969960631139.0000
831752290607341,0.3693722175,831752290607341.0000
851206404606373,0.3780115797,851206404606373.0000
1720702390824049,0.7641453652,-531097422730128.0000
2206398314788224,0.9798376843,-45401498765953.0000
1636919101278321,0.7269381103,-614880712275856.0000
1343420380192794,0.5965984952,-908379433361383.0000
1678367249761362,0.7453447858,-573432563792815.0000
946958242913390,0.4205339379,946958242913390.0000
2153335885330542,0.9562732319,-98463928223635.0000
1656064532567892,0.7354403898,-595735280986285.0000
2104619662081263,0.9346388828,-147180151472914.0000
2198274976915846,0.9762301976,-53524836638331.0000
1494175979244705,0.6635474300,-757623834309472.0000
2090250900769523,0.9282578710,-161548912784654.0000
323212351860856,0.1435351180,323212351860856.0000
2110765844646681,0.9373683362,-141033968907496.0000
75038230424169,0.0333236685,75038230424169.0000
33674143022452,0.0149543236,33674143022452.0000
496554437694034,0.2205144679,496554437694034.0000
1176029119664919,0.5222618425,-1075770693889258.0000
372011789885354,0.1652064218,372011789885354.0000
1038769944145425,0.4613065237,1038769944145425.0000
1664818912822274,0.7393281156,-586980900731903.0000
2161156093128836,0.9597461018,-90643720425341.0000
1791314698599333,0.7955035291,-460485114954844.0000
1396522110463895,0.6201804006,-855277703090282.0000
227605197274656,0.1010770122,227605197274656.0000
1799460777796506,0.7991211150,-452339035757671.0000
36685605637275,0.0162916816,36685605637275.0000
949208711815500,0.4215333468,949208711815500.0000
150445158245084,0.0668110715,150445158245084.0000
1828191845381860,0.8118802721,-423607968172317.0000
1301810229720559,0.5781198763,-949989583833618.0000
24385521334817,0.0108293469,24385521334817.0000
2146323312244699,0.9531590239,-105476501309478.0000
1383632759450198,0.6144563789,-868167054103979.0000
651005607158158,0.2891045657,651005607158158.0000
56848440269252,0.0252457789,56848440269252.0000
1379519656287792,0.6126297942,-872280157266385.0000
1140192131796493,0.5063470229,-1111607681757684.0000
520070664307557,0.2309577704,520070664307557.0000
195043304326636,0.0866166269,195043304326636.0000
1147304379402111,0.5095054953,-1104495434152066.0000
889169963376952,0.3948707865,889169963376952.0000
548172269578606,0.2434373901,548172269578606.0000
766021813409898,0.3401820219,766021813409898.0000
232946559788866,0.1034490537,232946559788866.0000
1329756007857349,0.5905302949,-922043805696828.0000
1753917168981983,0.7788956898,-497882644572194.0000
1739502363717799,0.7724942303,-512297449836378.0000
340116915078613,0.1510422521,340116915078613.0000
748455754083372,0.3323811245,748455754083372.0000
723970899411339,0.3215076647,723970899411339.0000
8145257005544,0.0036172207,8145257005544.0000
1646556960514348,0.7312181796,-605242853039829.0000
1309158362043670,0.5813831026,-942641451510507.0000
12837085138599,0.0057008110,12837085138599.0000
1430263171997879,0.6351644420,-821536641556298.0000
259162315529956,0.1150911879,259162315529956.0000
778654972889333,0.3457922717,778654972889333.0000
1698978662270279,0.7544980917,-552821151283898.0000
1933065734006330,0.8584536345,-318734079547847.0000
1087637210504993,0.4830079494,1087637210504993.0000
465473807377918,0.2067118953,465473807377918.0000
1085662727288546,0.4821311028,1085662727288546.0000
777885439275223,0.3454505301,777885439275223.0000
1684359524624011,0.7480058904,-567440288930166.0000
2105044492003361,0.9348275452,-146755321550816.0000
502205275145073,0.2230239438,502205275145073.0000
1856654873664708,0.8245203959,-395144939889469.0000
18433359539933,0.0081860561,18433359539933.0000
326651232362595,0.1450622877,326651232362595.0000
1177102122932667,0.5227383517,-1074697690621510.0000
470844236624336,0.2090968450,470844236624336.0000
1942243825603325,0.8625295259,-309555987950852.0000
61625311228829,0.0273671358,61625311228829.0000
333843192840482,0.1482561597,333843192840482.0000
2039908257164002,0.9059012461,-211891556390175.0000
2141938999437879,0.9512119979,-109860814116298.0000
1220951406292009,0.5422113453,-1030848407262168.0000
581232903149122,0.2581192607,581232903149122.0000
859778924547359,0.3818185433,859778924547359.0000
38343639729191,0.0170279967,38343639729191.0000
1046969635873945,0.4649479184,1046969635873945.0000
1602188548850803,0.7115146467,-649611264703374.0000
927597393419847,0.4119359935,927597393419847.0000
1848060832658983,0.8207038750,-403738980895194.0000
495344585954453,0.2199771858,495344585954453.0000
642067814094396,0.2851353882,642067814094396.0000
1223844810743612,0.5434962750,-1027955002810565.0000
1426575258807841,0.6335266795,-825224554746336.0000
834721618569322,0.3706908641,834721618569322.0000
133756882568312,0.0593999883,133756882568312.0000
272471259181167,0.1210015462,272471259181167.0000
884009167414331,0.3925789327,884009167414331.0000
1815594440489176,0.8062859005,-436205373065001.0000
230991323433102,0.1025807543,230991323433102.0000
1593357016583236,0.7075926585,-658442796970941.0000
149841488843885,0.0665429884,149841488843885.0000
2125137583484300,0.9437506703,-126662230069877.0000
1244758652190439,0.5527838863,-1007041161363738.0000
1716772431514056,0.7624001126,-535027382040121.0000
1850951294380138,0.8219874978,-400848519174039.0000
1859872093385899,0.8259491284,-391927720168278.0000
1656146911175916,0.7354769732,-595652902378261.0000
737516763275417,0.3275232367,737516763275417.0000
2164151817552896,0.9610764707,-87647996001281.0000
731618024365170,0.3249036704,731618024365170.0000
783803819819359,0.3480788190,783803819819359.0000
1996498668623407,0.8866235163,-255301144930770.0000
395031817924285,0.1754293679,395031817924285.0000
759705818733931,0.3373771568,759705818733931.0000
540959596869871,0.2402343199,540959596869871.0000
1741343289683018,0.7733117656,-510456523871159.0000
193135871716600,0.0857695567,193135871716600.0000
1034341672453818,0.4593399761,1034341672453818.0000
2012932893188978,0.8939217781,-238866920365199.0000
660467469719478,0.2933064768,660467469719478.0000
2070392598355676,0.9194390131,-181407215198501.0000
1818169790863789,0.8074295858,-433630022690388.0000
2061801608926126,0.9156238474,-189998204628051.0000
886141733432482,0.3935259822,886141733432482.0000
1936877370104252,0.8601463409,-314922443449925.0000
1650711498893975,0.7330631653,-601088314660202.0000
804755304476973,0.3573831473,804755304476973.0000
95230918867323,0.0422910235,95230918867323.0000
1365013239059883,0.6061876508,-886786574494294.0000
803466625808056,0.3568108590,803466625808056.0000
1532751942155819,0.6806785989,-719047871398358.0000
1216483213821693,0.5402270693,-1035316599732484.0000
225431721382965,0.1001117950,225431721382965.0000
270270259448754,0.1200241060,270270259448754.0000
1086066559412272,0.4823104402,1086066559412272.0000
26967559038975,0.0119760020,26967559038975.0000
1875799523618400,0.8330223283,-376000289935777.0000
76115318837522,0.0338019918,76115318837522.0000
1378554815921341,0.6122013190,-873244997632836.0000
1031471700304275,0.4580654524,1031471700304275.0000
2055325197344522,0.9127477429,-196474616209655.0000
776491043813062,0.3448312941,776491043813062.0000
1629674132561292,0.7237206979,-622125680992885.0000
1355334211740928,0.6018892992,-896465601813249.0000
2012021675821166,0.8935171163,-239778137733011.0000
406187710114710,0.1803835792,406187710114710.0000
1297344197265562,0.5761365595,-954455616288615.0000
1900984459436505,0.8442066866,-350815354117672.0000
225655578565742,0.1002112076,225655578565742.0000
941213586023841,0.4179827977,941213586023841.0000
1098077260143374,0.4876442628,1098077260143374.0000
2198829966841746,0.9764766626,-52969846712431.0000
291779368674543,0.1295760693,291779368674543.0000
270296959514244,0.1200359632,270296959514244.0000
1408512274151564,0.6255051029,-843287539402613.0000
366420879814014,0.1627235590,366420879814014.0000
816838145861636,0.3627490068,816838145861636.0000
836759780978621,0.3715959900,836759780978621.0000
310978295798659,0.1381021057,310978295798659.0000
1848455392227025,0.8208790946,-403344421327152.0000
167022027801055,0.0741726804,167022027801055.0000
280179295599948,0.1244246020,280179295599948.0000
1074898236993807,0.4773507088,1074898236993807.0000
307823641455967,0.1367011577,307823641455967.0000
425989380035151,0.1891772872,425989380035151.0000
258618780242774,0.1148498098,258618780242774.0000
2088545029392698,0.9275003119,-163254784161479.0000
1091907006862162,0.4849041199,1091907006862162.0000
284263368197415,0.1262382946,284263368197415.0000
1557140383043025,0.6915092424,-694659430511152.0000
1908094739271153,0.8473642851,-343705074283024.0000
1101335766011431,0.4890913301,1101335766011431.0000
141574649998688,0.0628717745,141574649998688.0000
886602251061271,0.3937304931,886602251061271.0000
987139776135585,0.4383781232,987139776135585.0000
1851364507048192,0.8221710011,-400435306505985.0000
643014897768205,0.2855559779,643014897768205.0000
2030287920936364,0.9016289586,-221511892617813.0000
2028928372539183,0.9010251979,-222871441014994.0000
663803197903180,0.2947878377,663803197903180.0000
89750389203559,0.0398571794,89750389203559.0000
1838702299726337,0.8165478515,-413097513827840.0000
949060737565960,0.4214676331,949060737565960.0000
1835832597138158,0.8152734475,-415967216416019.0000
1433348120846700,0.6365344345,-818451692707477.0000
348253984474053,0.1546558368,348253984474053.0000
377653906678941,0.1677120250,377653906678941.0000
346307455635309,0.1537914043,346307455635309.0000
259152646897056,0.1150868942,259152646897056.0000
84644096969933,0.0375895301,84644096969933.0000
10522614776293,0.0046729797,10522614776293.0000
1976422243897508,0.8777077927,-275377569656669.0000
2052544871780414,0.9115130303,-199254941773763.0000
354996354769771,0.1576500507,354996354769771.0000
2169238420188443,0.9633353761,-82561393365734.0000
1277430344237461,0.5672930322,-974369469316716.0000
78236496828814,0.0347439841,78236496828814.0000
1280618665489186,0.5687089313,-971181148064991.0000
1683798888338043,0.7477569179,-568000925216134.0000
1469681882442557,0.6526698659,-782117931111620.0000
691707793842354,0.3071799676,691707793842354.0000
2247871092445537,0.9982552973,-3928721108640.0000
1934278853263191,0.8589923676,-317520960290986.0000
1669686222822726,0.7414896354,-582113590731451.0000
1064681629610287,0.4728136237,1064681629610287.0000
1279846245094467,0.5683659077,-971953568459710.0000
995980026736310,0.4423039831,995980026736310.0000
128383940755375,0.0570139228,128383940755375.0000
900251529448665,0.3997919904,900251529448665.0000
1466258289823284,0.6511494854,-785541523730893.0000
1967647809199883,0.8738111609,-284152004354294.0000
1954660857827061,0.8680437959,-297138955727116.0000
1626491679696778,0.7223074049,-625308133857399.0000
1039640016912146,0.4616929137,1039640016912146.0000
1702519221111841,0.7560704157,-549280592442336.0000
1387171284896926,0.6160277999,-864628528657251.0000
417371090870506,0.1853499980,417371090870506.0000
1822467776226019,0.8093382748,-429332037328158.0000
2003467914836485,0.8897184833,-248331898717692.0000
1853765973296081,0.8232374664,-398033840258096.0000
250656883265311,0.1113140172,250656883265311.0000
1650290573183188,0.7328762367,-601509240370989.0000
105002189834095,0.0466303395,105002189834095.0000
1384846247694266,0.6149952759,-866953565859911.0000
1826431799732767,0.8110986548,-425368013821410.0000
2193864614176189,0.9742716031,-57935199377988.0000
691982012512219,0.3073017452,691982012512219.0000
1165585715662824,0.5176240395,-1086214097891353.0000
534292087244360,0.2372733509,534292087244360.0000
676505776242188,0.3004289156,676505776242188.0000
2095635838572953,0.9306492637,-156163974981224.0000
1810528319760431,0.8040360910,-441271493793746.0000
180520910165787,0.0801673884,180520910165787.0000
737572662763568,0.3275480610,737572662763568.0000
1315705847104729,0.5842907701,-936093966449448.0000
2132986781074016,0.9472364143,-118813032480161.0000
700773318262624,0.3112058692,700773318262624.0000
1553818250109787,0.6900339190,-697981563444390.0000
1062369032200752,0.4717866241,1062369032200752.0000
685666147034329,0.3044969375,685666147034329.0000
1009920999190423,0.4484950186,1009920999190423.0000
972982406473191,0.4320909881,972982406473191.0000
238556712348778,0.1059404619,238556712348778.0000
1719376029059729,0.7635563422,-532423784494448.0000
410978235443423,0.1825109999,410978235443423.0000
2101971031904940,0.9334626547,-149828781649237.0000
1193895695637306,0.5301961961,-1057904117916871.0000
79466892460,0.0000352904,79466892460.0000
208179815470335,0.0924504098,208179815470335.0000
2192042542113819,0.9734624405,-59757271440358.0000
1095628981510162,0.4865570087,1095628981510162.0000
879892433071938,0.3907507354,879892433071938.0000
52128270671471,0.0231496025,52128270671471.0000
583057263431164,0.2589294394,583057263431164.0000
695240477283135,0.3087487942,695240477283135.0000
224978675732846,0.0999106023,224978675732846.0000
1816821851806988,0.8068309807,-434977961747189.0000
1577445499749772,0.7005265256,-674354313804405.0000
1013259683267583,0.4499776921,1013259683267583.0000
130954542354921,0.0581554992,130954542354921.0000
1780207916687883,0.7905711271,-471591896866294.0000
1554784769923884,0.6904631400,-697015043630293.0000
1822601282333273,0.8093975634,-429198531220904.0000
740311349081787,0.3287642821,740311349081787.0000
2235108467430159,0.9925875533,-16691346124018.0000
273928070064587,0.1216485002,273928070064587.0000
2099381057354887,0.9323124750,-152418756199290.0000
746105181281992,0.3313372604,746105181281992.0000
2196160981909830,0.9752913952,-55638831644347.0000
1015718784821117,0.4510697526,1015718784821117.0000
1496806672316992,0.6647156924,-754993141237185.0000
2192491455258845,0.9736617980,-59308358295332.0000
185163288498872,0.0822290185,185163288498872.0000
180809565122809,0.0802955769,180809565122809.0000
554258338458975,0.2461401476,554258338458975.0000
104907457383191,0.0465882699,104907457383191.0000
1315046871741289,0.5839981262,-936752941812888.0000
679320172929800,0.3016787588,679320172929800.0000
1994934491421725,0.8859288820,-256865322132452.0000
220910727684067,0.0981040705,220910727684067.0000
835783201669035,0.3711623017,835783201669035.0000
270126024780459,0.1199600529,270126024780459.0000
1904887882420211,0.8459401546,-346911931133966.0000
483734550384193,0.2148212943,483734550384193.0000
1877695962860231,0.8338645165,-374103850693946.0000
283598895223591,0.1259432093,283598895223591.0000
317123938258844,0.1408313192,317123938258844.0000
1697646159801208,0.7539063418,-554153653752969.0000
1408216845826503,0.6253739064,-843582967727674.0000
468979673055204,0.2082688125,468979673055204.0000
389391258787677,0.1729244564,389391258787677.0000
1470939472540525,0.6532283481,-780860341013652.0000
533956221279250,0.2371241964,533956221279250.0000
164572791272892,0.0730850008,164572791272892.0000
1024021914787387,0.4547570830,1024021914787387.0000
1895589321209943,0.8418107639,-356210492344234.0000
1929409455349224,0.8568299206,-322390358204953.0000
1017980285695863,0.4520740607,1017980285695863.0000
1470598626370584,0.6530769820,-781201187183593.0000
1089256163886709,0.4837269092,1089256163886709.0000
1219080337999066,0.5413804241,-1032719475555111.0000
2104313433370038,0.9345028900,-147486380184139.0000
20679322933594,0.0091834642,20679322933594.0000
1514207429396716,0.6724431809,-737592384157461.0000
2102645651690373,0.9337622461,-149154161863804.0000
1235789245147046,0.5488006695,-1016010568407131.0000
2108484891274878,0.9363553894,-143314922279299.0000
482546642463808,0.2142937572,482546642463808.0000
2216639071350848,0.9843854938,-35160742203329.0000
2196678726181702,0.9755213199,-55121087372475.0000
91630421912714,0.0406920817,91630421912714.0000
947442997315500,0.4207492121,947442997315500.0000
1846884834042500,0.8201816267,-404914979511677.0000
597994863629682,0.2655630665,597994863629682.0000
1672243284069685,0.7426251987,-579556529484492.0000
1744901400612109,0.7748918843,-506898412942068.0000
1306935350566157,0.5803958872,-944864462988020.0000
2219165291855511,0.9855073610,-32634521698666.0000
1721295394639824,0.7644087118,-530504418914353.0000
1193623610034879,0.5300753659,-1058176203519298.0000
768469458873616,0.3412689948,768469458873616.0000
1555910246329288,0.6909629519,-695889567224889.0000
1512605635560368,0.6717318415,-739194177993809.0000
1911372763518389,0.8488200203,-340427050035788.0000
404522703046407,0.1796441676,404522703046407.0000
2077333399138010,0.9225213479,-174466414416167.0000
959863590110533,0.4262650633,959863590110533.0000
1740832943904505,0.7730851266,-510966869649672.0000
264676915860644,0.1175401624,264676915860644.0000
1203196133898155,0.5343264204,-1048603679656022.0000
571924842582802,0.2539856515,571924842582802.0000
2021496159500795,0.8977246322,-230303654053382.0000
603440284053815,0.2679813190,603440284053815.0000
1260229248626272,0.5596542113,-991570564927905.0000
1123906504467828,0.4991147515,1123906504467828.0000
1456088434477860,0.6466331624,-795711379076317.0000
1376786834460478,0.6114161775,-875012979093699.0000
1172197209399044,0.5205601325,-1079602604155133.0000
2048489036175483,0.9097118775,-203310777378694.0000
302300716359864,0.1342484863,302300716359864.0000
1329715117983176,0.5905121361,-922084695571001.0000
1921668650504549,0.8533923126,-330131163049628.0000
55437724201899,0.0246192951,55437724201899.0000
1293850796205631,0.5745851778,-957949017348546.0000
463397430679047,0.2057897988,463397430679047.0000
156746648851562,0.0696094954,156746648851562.0000
772356277352792,0.3429950890,772356277352792.0000
27730278637437,0.0123147175,27730278637437.0000
1717177414323835,0.7625799611,-534622399230342.0000
1525518605559025,0.6774663522,-726281207995152.0000
683736147103427,0.3036398453,683736147103427.0000
1659831041738670,0.7371130559,-591968771815507.0000
73231642720642,0.0325213824,73231642720642.0000
1394539055914911,0.6192997475,-857260757639266.0000
455852294921439,0.2024390855,455852294921439.0000
1066547658294815,0.4736423069,1066547658294815.0000
325008734915491,0.1443328723,325008734915491.0000
1366332492173563,0.6067735169,-885467321380614.0000
779478542206487,0.3461580099,779478542206487.0000
1032551151499680,0.4585448250,1032551151499680.0000
345522193840675,0.1534426781,345522193840675.0000
1023876004504813,0.4546922859,1023876004504813.0000
1958534908027849,0.8697642198,-293264905526328.0000
224212629227103,0.0995704094,224212629227103.0000
932942816366121,0.4143098382,932942816366121.0000
1356245384951409,0.6022939414,-895554428602768.0000
1316070230365336,0.5844525887,-935729583188841.0000
77945380972712,0.0346147026,77945380972712.0000
892049414016170,0.3961495194,892049414016170.0000
881154509799412,0.3913112100,881154509799412.0000
746174396752028,0.3313679983,746174396752028.0000
1208435075139809,0.5366529777,-1043364738414368.0000
773596418467421,0.3435458222,773596418467421.0000
2108411834303512,0.9363229456,-143387979250665.0000
2104193895975337,0.9344498047,-147605917578840.0000
1055811086102664,0.4688743110,1055811086102664.0000
1598603336962810,0.7099224928,-653196476591367.0000
447180710827092,0.1985881285,447180710827092.0000
444333995798900,0.1973239331,444333995798900.0000
553974115564121,0.2460139273,553974115564121.0000
917277385814375,0.4073529895,917277385814375.0000
95452676549589,0.0423895037,95452676549589.0000
1129729426423004,0.5017006484,-1122070387131173.0000
442817734077179,0.1966505776,442817734077179.0000
985127948884647,0.4374846924,985127948884647.0000
200231571249285,0.0889206803,200231571249285.0000
1507189329586136,0.6693265185,-744610483968041.0000
2232844452709018,0.9915821288,-18955360845159.0000
215281260802892,0.0956040850,215281260802892.0000
519104236657389,0.2305285903,519104236657389.0000
1953770958933607,0.8676486014,-298028854620570.0000
1755646059616113,0.7796634714,-496153753938064.0000
1661223860594568,0.7377315917,-590575952959609.0000
635446939999180,0.2821951295,635446939999180.0000
1305131437522694,0.5795947889,-946668376031483.0000
402807125856775,0.1788822983,402807125856775.0000
122265033535517,0.0542965821,122265033535517.0000
123171738396017,0.0546992400,123171738396017.0000
360030393066822,0.1598856128,360030393066822.0000
1124839189344848,0.4995289468,1124839189344848.0000
1308103973440446,0.5809148600,-943695840113731.0000
678331705770399,0.3012397912,678331705770399.0000
688918470528985,0.3059412592,688918470528985.0000
481769439443099,0.2139486097,481769439443099.0000
2109779831230577,0.9369304583,-142019982323600.0000
451283685567757,0.2004102154,451283685567757.0000
423850646745162,0.1882274988,423850646745162.0000
1270864109308491,0.5643770382,-980935704245686.0000
1635164873984366,0.7261590769,-616634939569811.0000
402640143538852,0.1788081432,402640143538852.0000
1623060375423661,0.7207835997,-628739438130516.0000
2174614993532983,0.9657230543,-77184820021194.0000
1266408621311306,0.5623984040,-985391192242871.0000
1118133071925999,0.4965508324,1118133071925999.0000
1972787070079160,0.8760934512,-279012743475017.0000
1061302499937395,0.4713129886,1061302499937395.0000
498488366472129,0.2213733048,498488366472129.0000
2201367946291949,0.9776037519,-50431867262228.0000
1014063380195496,0.4503346053,1014063380195496.0000
1607792443140730,0.7140032757,-644007370413447.0000
2094102101605839,0.9299681477,-157697711948338.0000
170664759119515,0.0757903780,170664759119515.0000
1091826852725132,0.4848685243,1091826852725132.0000
1042322995091469,0.4628843953,1042322995091469.0000
1310267374314788,0.5818756030,-941532439239389.0000
1922133468049044,0.8535987331,-329666345505133.0000
266357825414105,0.1182866362,266357825414105.0000
118447984941087,0.0526014720,118447984941087.0000
2244653201617700,0.9968262668,-7146611936477.0000
286317078440570,0.1271503251,286317078440570.0000
1018132229897656,0.4521415375,1018132229897656.0000
164384414683343,0.0730013448,164384414683343.0000
330987848957992,0.1469881323,330987848957992.0000
1310018381368782,0.5817650279,-941781432185395.0000
187718154626437,0.0833636070,187718154626437.0000
353565067745554,0.1570144316,353565067745554.0000
654873430742006,0.2908222244,654873430742006.0000
253386638078380,0.1125262719,253386638078380.0000
309820054000534,0.1375877430,309820054000534.0000
2001355897086193,0.8887805590,-250443916467984.0000
1327693674187551,0.5896144347,-924106139366626.0000
1983739695105820,0.8809573938,-268060118448357.0000
1654366709848665,0.7346864050,-597433103705512.0000
1224663306566237,0.5438597602,-1027136506987940.0000
1060471638667804,0.4709440121,1060471638667804.0000
2095033140294235,0.9303816119,-156766673259942.0000
863049637234405,0.3832710315,863049637234405.0000
652314803058598,0.2896859655,652314803058598.0000
293584164724031,0.1303775597,293584164724031.0000
176130429544007,0.0782176233,176130429544007.0000
2228991092394807,0.9898708930,-22808721159370.0000
1059451029305198,0.4704907705,1059451029305198.0000
1162229163340262,0.5161334308,-1089570650213915.0000
775829407475604,0.3445374686,775829407475604.0000
444686567565859,0.1974805064,444686567565859.0000
1573606074657480,0.6988214784,-678193738896697.0000
160242343132772,0.0711618956,160242343132772.0000
452000730965517,0.2007286475,452000730965517.0000
456682479652838,0.2028077616,456682479652838.0000
246769448417347,0.1095876494,246769448417347.0000
1348030734497049,0.5986459038,-903769079057128.0000
897333834191564,0.3984962734,897333834191564.0000
520803442006151,0.2312831891,520803442006151.0000
1583886006057275,0.7033866850,-667913807496902.0000
2051572165246995,0.9110810619,-200227648307182.0000
206249911948144,0.0915933604,206249911948144.0000
640116614994624,0.2842688818,640116614994624.0000
277394568361534,0.1231879347,277394568361534.0000
2236774657967460,0.9933274905,-15025155586717.0000
1396041422203980,0.6199669321,-855758391350197.0000
38650585868959,0.0171643081,38650585868959.0000
2181523985379343,0.9687912630,-70275828174834.0000
327855570888903,0.1455971214,327855570888903.0000
1520899772750938,0.6754151784,-730900040803239.0000
2119721756866533,0.9413455602,-132078056687644.0000
1213406891657150,0.5388609078,-1038392921897027.0000
1544633866825403,0.6859552335,-707165946728774.0000
1004594097923290,0.4461293992,1004594097923290.0000
119734866772603,0.0531729624,119734866772603.0000
487963786508278,0.2166994524,487963786508278.0000
438408642459231,0.1946925476,438408642459231.0000
256645286709489,0.1139734026,256645286709489.0000
1642718565231673,0.7295135897,-609081248322504.0000
289327482271409,0.1284872130,289327482271409.0000
69101516305018,0.0306872378,69101516305018.0000
1180522740393576,0.5242574110,-1071277073160601.0000
1853702180302880,0.8232091366,-398097633251297.0000
326387566317945,0.1449451964,326387566317945.0000
1308124334282908,0.5809239020,-943675479271269.0000
118929803678748,0.0528154425,118929803678748.0000
1067166740126989,0.4739172344,1067166740126989.0000
444567944020074,0.1974278270,444567944020074.0000
1342721297005089,0.5962880399,-909078516549088.0000
2132617431848028,0.9470723903,-119182381706149.0000
1708501074669951,0.7587268923,-543298738884226.0000
848188993358566,0.3766715799,848188993358566.0000
1618079879181818,0.7185718151,-633719934372359.0000
1197759687627259,0.5319121533,-1054040125926918.0000
2078132310027442,0.9228761356,-173667503526735.0000
1711345096622064,0.7599898918,-540454716932113.0000
1290073540070351,0.5729077391,-961726273483826.0000
904140153627439,0.4015188864,904140153627439.0000
1222949465675561,0.5430986619,-1028850347878616.0000
264295824570758,0.1173709239,264295824570758.0000
520735565525358,0.2312530458,520735565525358.0000
1755984305822310,0.7798136829,-495815507731867.0000
752420535731829,0.3341418412,752420535731829.0000
2242353986856882,0.9958052103,-9445826697295.0000
1479028286502122,0.6568205031,-772771527052055.0000
1805897045070468,0.8019793919,-445902768483709.0000
1365722384234889,0.6065025745,-886077429319288.0000
822365915095001,0.3652038295,822365915095001.0000
1657105260092702,0.7359025656,-594694553461475.0000
1265002477116,0.0005617740,1265002477116.0000
1070521794770326,0.4754071780,1070521794770326.0000
1114525327387970,0.4949486720,1114525327387970.0000
656409985298948,0.2915045917,656409985298948.0000
1972923756065513,0.8761541520,-278876057488664.0000
925169610142556,0.4108578412,925169610142556.0000
81437083999071,0.0361653303,81437083999071.0000
2143463607662135,0.9518890599,-108336205892042.0000
851697925968473,0.3782298590,851697925968473.0000
390180813880836,0.1732750893,390180813880836.0000
1858673285250899,0.8254167507,-393126528303278.0000
482178023394078,0.2141300574,482178023394078.0000
585199367834277,0.2598807249,585199367834277.0000
1496603454261135,0.6646254455,-755196359293042.0000
1653872642457981,0.7344669950,-597927171096196.0000
1052407445826124,0.4673627911,1052407445826124.0000
135491911637909,0.0601704960,135491911637909.0000
666353148397379,0.2959202432,666353148397379.0000
399486897095208,0.1774078205,399486897095208.0000
89573685459447,0.0397787072,89573685459447.0000
47473304609738,0.0210823823,47473304609738.0000
1065133462057854,0.4730142776,1065133462057854.0000
1275974471560698,0.5666464949,-975825341993479.0000
1373815515271235,0.6100966467,-877984298282942.0000
2218481143989842,0.9852035384,-33318669564335.0000
364203941874095,0.1617390408,364203941874095.0000
1109618697209858,0.4927696905,1109618697209858.0000
692281965780950,0.3074349512,692281965780950.0000
1583993700453127,0.7034345109,-667806113101050.0000
606940112043364,0.2695355548,606940112043364.0000
1245027453766592,0.5529032582,-1006772359787585.0000
1698820200808027,0.7544277207,-552979612746150.0000
161856109352412,0.0718785517,161856109352412.0000
130918421412285,0.0581394583,130918421412285.0000
605556133925182,0.2689209451,605556133925182.0000
1879774330670031,0.8347874973,-372025482884146.0000
1404499670405696,0.6237231489,-847300143148481.0000
1313857210782443,0.5834698106,-937942602771734.0000
989334313824556,0.4393526937,989334313824556.0000
1301006091426793,0.5777627672,-950793722127384.0000
1249111529257348,0.5547169521,-1002688284296829.0000
139177939403306,0.0618074211,139177939403306.0000
1300067974260623,0.5773461595,-951731839293554.0000
1460962224949218,0.6487975601,-790837588604959.0000
1439999046726529,0.6394880389,-811800766827648.0000
145903985380192,0.0647943856,145903985380192.0000
1173379006042693,0.5210849557,-1078420807511484.0000
489333278684064,0.2173076291,489333278684064.0000
1378743219550920,0.6122849870,-873056594003257.0000
1867817302557977,0.8294775101,-383982510996200.0000
1281160698424085,0.5689496423,-970639115130092.0000
682688935043930,0.3031747898,682688935043930.0000
1060427281839051,0.4709243137,1060427281839051.0000
1003829961551181,0.4457900545,1003829961551181.0000
1069129420387547,0.4747888396,1069129420387547.0000
237377503014167,0.1054167878,237377503014167.0000
127975942209559,0.0568327351,127975942209559.0000
1926002191404042,0.8553167914,-325797622150135.0000
1682797577624948,0.7473122466,-569002235929229.0000
76321875044162,0.0338937212,76321875044162.0000
1786810567606239,0.7935032932,-464989245947938.0000
878605863382395,0.3901793837,878605863382395.0000
584205407346420,0.2594393178,584205407346420.0000
273407951106412,0.1214175210,273407951106412.0000
1620597738602640,0.7196899693,-631202074951537.0000
728408474612725,0.3234783440,728408474612725.0000
511057735497408,0.2269552260,511057735497408.0000
112362751765626,0.0498990857,112362751765626.0000
1231641405177727,0.5469586585,-1020158408376450.0000
2193382967142647,0.9740577088,-58416846411530.0000
1214942637161016,0.5395429158,-1036857176393161.0000
1977586645036844,0.8782248907,-274213168517333.0000
2196427797284615,0.9754098850,-55372016269562.0000
1297296788540076,0.5761155058,-954503025014101.0000
1433013621274704,0.6363858868,-818786192279473.0000
761146729966877,0.3380170499,761146729966877.0000
680405018312795,0.3021605270,680405018312795.0000
432261564016697,0.1919626964,432261564016697.0000
696085675200334,0.3091241375,696085675200334.0000
1184801068344630,0.5261573703,-1066998745209547.0000
1948816495511839,0.8654483777,-302983318042338.0000
101231001331955,0.0449555954,101231001331955.0000
1519308002643169,0.6747082905,-732491810911008.0000
1245527833472598,0.5531254714,-1006271980081579.0000
782970552062163,0.3477087738,782970552062163.0000
242778622382013,0.1078153666,242778622382013.0000
491809111417924,0.2184071197,491809111417924.0000
620286917179815,0.2754627269,620286917179815.0000
1158116551718801,0.5143070644,-1093683261835376.0000
2236302288217093,0.9931177162,-15497525337084.0000
677484315262590,0.3008634743,677484315262590.0000
920399916361327,0.4087396716,920399916361327.0000
2139162851045754,0.9499791403,-112636962508423.0000
1422867639408662,0.6318801657,-828932174145515.0000
827190260704949,0.3673462693,827190260704949.0000
1821970426683515,0.8091174072,-429829386870662.0000
1845155238712700,0.8194135321,-406644574841477.0000
1777677048649779,0.7894471959,-474122764904398.0000
1127077089869014,0.5005227743,-1124722723685163.0000
680116766722327,0.3020325176,680116766722327.0000
452451347857780,0.2009287616,452451347857780.0000
2175002592919972,0.9658951830,-76797220634205.0000
1320518584741092,0.5864280549,-931281228813085.0000
987652691474950,0.4386059034,987652691474950.0000
737310907554704,0.3274318184,737310907554704.0000
1241047471665795,0.5511357911,-1010752341888382.0000
1848684106603611,0.8209806642,-403115706950566.0000
1412029731806913,0.6270671679,-839770081747264.0000
334193071615430,0.1484115371,334193071615430.0000
1032305187266397,0.4584355950,1032305187266397.0000
548933447524356,0.2437754210,548933447524356.0000
430534487339172,0.1911957203,430534487339172.0000
115710219880063,0.0513856601,115710219880063.0000
1840736874595792,0.8174513842,-411062938958385.0000
112671583412934,0.0500362345,112671583412934.0000
1803034627809822,0.8007082232,-448765185744355.0000
1374701018340911,0.6104898891,-877098795213266.0000
1318323061212946,0.5854530466,-933476752341231.0000
725544916019681,0.3222066685,725544916019681.0000
1029968879445220,0.4573980659,1029968879445220.0000
225872118975835,0.1003073708,225872118975835.0000
598001026736801,0.2655658035,598001026736801.0000
395082268531588,0.1754517725,395082268531588.0000
1855462847278329,0.8239910298,-396336966275848.0000
1862136534409065,0.8269547422,-389663279145112.0000
362504841579833,0.1609844887,362504841579833.0000
801519119900270,0.3559459927,801519119900270.0000
1944369335677445,0.8634734420,-307430477876732.0000
902859661696460,0.4009502338,902859661696460.0000
1364116053636703,0.6057892204,-887683759917474.0000
1975191808599245,0.8771613696,-276608004954932.0000
869671073029389,0.3862115397,869671073029389.0000
887979577873223,0.3943421491,887979577873223.0000
989785012273822,0.4395528440,989785012273822.0000
1405592993498656,0.6242086819,-846206820055521.0000
1951970493310319,0.8668490341,-299829320243858.0000
111909387491086,0.0496977515,111909387491086.0000
1630318055803107,0.7240066572,-621481757751070.0000
532783780170215,0.2366035280,532783780170215.0000
2135418860588812,0.9483164746,-116380952965365.0000
388248440878030,0.1724169433,388248440878030.0000
361090277119895,0.1603562959,361090277119895.0000
731063189996382,0.3246572744,731063189996382.0000
1939922670922050,0.8614987262,-311877142632127.0000
99542654773779,0.0442058189,99542654773779.0000
1892967320608987,0.8406463617,-358832492945190.0000
294178806062805,0.1306416335,294178806062805.0000
949831061628431,0.4218097257,949831061628431.0000
1752554858037131,0.7782907022,-499244955517046.0000
320572817258384,0.1423629291,320572817258384.0000
2106482949430805,0.9354663486,-145316864123372.0000
1792339088537451,0.7959584497,-459460725016726.0000
197517343803075,0.0877153211,197517343803075.0000
1164335440717598,0.5170688059,-1087464372836579.0000
1544916769507355,0.6860808675,-706883044046822.0000
1766417397540280,0.7844469064,-485382416013897.0000
1454305729738182,0.6458414824,-797494083815995.0000
145916713189055,0.0648000379,145916713189055.0000
1997399452031110,0.8870235445,-254400361523067.0000
114373986267738,0.0507922532,114373986267738.0000
1331011366400953,0.5910877860,-920788447153224.0000
1635581523413359,0.7263441064,-616218290140818.0000
986990356772274,0.4383117677,986990356772274.0000
162001521956953,0.0719431279,162001521956953.0000
1656243530378170,0.7355198808,-595556283176007.0000
620255996940645,0.2754489956,620255996940645.0000
1843721610531354,0.8187768733,-408078203022823.0000
2088263861484843,0.9273754483,-163535952069334.0000
272742790111933,0.1211221302,272742790111933.0000
2219341503674847,0.9855856148,-32458309879330.0000
1778138583114929,0.7896521584,-473661230439248.0000
1405753257201530,0.6242798533,-846046556352647.0000
1778754131362826,0.7899255168,-473045682191351.0000
307780233815972,0.1366818809,307780233815972.0000
1477043605762142,0.6559391278,-774756207792035.0000
1701144181581478,0.7554597755,-550655631972699.0000
848715783351426,0.3769055216,848715783351426.0000
411790102487533,0.1828715412,411790102487533.0000
1612303887780660,0.7160067596,-639495925773517.0000
1715878196252809,0.7620029924,-535921617301368.0000
1932172866014837,0.8580571214,-319626947539340.0000
2087092743666644,0.9268553675,-164707069887533.0000
1849047204383560,0.8211419120,-402752609170617.0000
1640615583960677,0.7285796784,-611184229593500.0000
233220577145187,0.1035707418,233220577145187.0000
980993935317535,0.4356488216,980993935317535.0000
458999292808492,0.2038366333,458999292808492.0000
1613825304880814,0.7166824045,-637974508673363.0000
1982017644597572,0.8801926497,-269782168956605.0000
115727999025494,0.0513935556,115727999025494.0000
1765087952425096,0.7838565142,-486711861129081.0000
2089669278918311,0.9279995790,-162130534635866.0000
1149537519025826,0.5104972085,-1102262294528351.0000
1810576753537942,0.8040575999,-441223060016235.0000
1065033221772328,0.4729697619,1065033221772328.0000
2024047486425936,0.8988576490,-227752327128241.0000
287682042578649,0.1277564910,287682042578649.0000
1026379654158280,0.4558041296,1026379654158280.0000
1073741207164522,0.4768368843,1073741207164522.0000
2131074232244385,0.9463870720,-120725581309792.0000
738038602087631,0.3277549797,738038602087631.0000
1626148748642531,0.7221551129,-625651064911646.0000
1300173746103397,0.5773931316,-951626067450780.0000
1639092966512209,0.7279035004,-612706847041968.0000
1998626534408425,0.8875684785,-253173279145752.0000
537406450775825,0.2386564061,537406450775825.0000
134913705890988,0.0599137211,134913705890988.0000
1780494662943058,0.7906984681,-471305150611119.0000
768852006167186,0.3414388799,768852006167186.0000
1159958056552137,0.5151248568,-1091841757002040.0000
1866388110148411,0.8288428212,-385411703405766.0000
1514848694374482,0.6727279598,-736951119179695.0000
1187946274063682,0.5275541222,-1063853539490495.0000
1274434998467662,0.5659628315,-977364815086515.0000
1009155418896827,0.4481550326,1009155418896827.0000
1615180030310436,0.7172840235,-636619783243741.0000
2059076502785341,0.9144136572,-192723310768836.0000
840838211839083,0.3734071771,840838211839083.0000
32904529182002,0.0146125464,32904529182002.0000
407720618584565,0.1810643274,407720618584565.0000
2182306569164601,0.9691388000,-69493244389576.0000
709231836678309,0.3149622060,709231836678309.0000
1114382387955908,0.4948851942,1114382387955908.0000
1218734259196559,0.5412267342,-1033065554357618.0000
1070648954641938,0.4754636483,1070648954641938.0000
952181943095718,0.4228537268,952181943095718.0000
1369718924899017,0.6082773951,-882080888655160.0000
718792091222572,0.3192078119,718792091222572.0000
851412147976727,0.3781029481,851412147976727.0000
4401030547765,0.0019544502,4401030547765.0000
1483014092831146,0.6585905567,-768785720723031.0000
2024191968451720,0.8989218119,-227607845102457.0000
1108696137826948,0.4923599918,1108696137826948.0000
1754688867125885,0.7792383926,-497110946428292.0000
1364831718424644,0.6061070394,-886968095129533.0000
125122264085265,0.0555654474,125122264085265.0000
626858362664659,0.2783810350,626858362664659.0000
1619196629533354,0.7190677518,-632603184020823.0000
898104203440871,0.3988383861,898104203440871.0000
1083200641873896,0.4810377172,1083200641873896.0000
706143465524609,0.3135906937,706143465524609.0000
438400832541634,0.1946890793,438400832541634.0000
513908879094315,0.2282213881,513908879094315.0000
1426151297810141,0.6333384030,-825648515744036.0000
95591138101637,0.0424509930,95591138101637.0000
1661133403549626,0.7376914207,-590666410004551.0000
1455049164719014,0.6461716339,-796750648835163.0000
1842805762051153,0.8183701548,-408994051503024.0000
973249869978732,0.4322097658,973249869978732.0000
1385340518897103,0.6152147764,-866459294657074.0000
186850007787878,0.0829780723,186850007787878.0000
541281100696169,0.2403770963,541281100696169.0000
412114811090096,0.1830157408,412114811090096.0000
1665719051765743,0.7397278576,-586080761788434.0000
1080686002983844,0.4799209932,1080686002983844.0000
822014687794144,0.3650478532,822014687794144.0000
17716706195428,0.0078677981,17716706195428.0000
1851687406818745,0.8223143974,-400112406735432.0000
2245661689698656,0.9972741254,-6138123855521.0000
1017620005254664,0.4519140641,1017620005254664.0000
1407491172046255,0.6250516425,-844308641507922.0000
1000754826092489,0.4444244200,1000754826092489.0000
24590829281527,0.0109205219,24590829281527.0000
305436624366690,0.1356411092,305436624366690.0000
1599672397755212,0.7103972512,-652127415798965.0000
1781119580992843,0.7909759874,-470680232561334.0000
695473583161146,0.3088523140,695473583161146.0000
273249769074544,0.1213472740,273249769074544.0000
1113174754848706,0.4943488973,1113174754848706.0000
1058787788110675,0.4701962322,1058787788110675.0000
1943326757010545,0.8630104441,-308473056543632.0000
2103092081282133,0.9339605007,-148707732272044.0000
1129530557837853,0.5016123330,-1122269255716324.0000
2089239341599892,0.9278086485,-162560471954285.0000
341891409201040,0.1518302858,341891409201040.0000
434795440129448,0.1930879635,434795440129448.0000
1406224186016804,0.6244889877,-845575627537373.0000
354367201712466,0.1573706506,354367201712466.0000
1282539052577707,0.5695617545,-969260760976470.0000
452412758643177,0.2009116245,452412758643177.0000
2244761664861149,0.9968744341,-7038148693028.0000
53919668392487,0.0239451429,53919668392487.0000
275172080146433,0.1222009517,275172080146433.0000
2226096365183489,0.9885853759,-25703448370688.0000
694729089371431,0.3085216924,694729089371431.0000
635244379061982,0.2821051744,635244379061982.0000
1051626073128798,0.4670157919,1051626073128798.0000
641124202480243,0.2847163405,641124202480243.0000
85530639102911,0.0379832339,85530639102911.0000
610601210457926,0.2711614091,610601210457926.0000
1144804859412908,0.5083954855,-1106994954141269.0000
1418455944155413,0.6299209795,-833343869398764.0000
2185732154554621,0.9706600655,-66067658999556.0000
1320248078461429,0.5863079260,-931551735092748.0000
1017488034642874,0.4518554574,1017488034642874.0000
520648233784434,0.2312142628,520648233784434.0000
1798583801944421,0.7987316595,-453216011609756.0000
372201651505712,0.1652907373,372201651505712.0000
1283790949808356,0.5701177085,-968008863745821.0000
656929264249919,0.2917351979,656929264249919.0000
1434241397504872,0.6369311290,-817558416049305.0000
1734686667313123,0.7703556315,-517113146241054.0000
1457628041076274,0.6473168851,-794171772477903.0000
1370029039269040,0.6084151136,-881770774285137.0000
2088383603056872,0.9274286242,-163416210497305.0000
1583122512045060,0.7030476255,-668677301509117.0000
1404162701105720,0.6235735045,-847637112448457.0000
1061666841903852,0.4714747890,1061666841903852.0000
1220518537980609,0.5420191132,-1031281275573568.0000
1636282681751429,0.7266554833,-615517131802748.0000
1161377631221679,0.5157552746,-1090422182332498.0000
1938106964764364,0.8606923906,-313692848789813.0000
756038094342493,0.3357483600,756038094342493.0000
1109705475737918,0.4928082279,1109705475737918.0000
2128902269707609,0.9454225269,-122897543846568.0000
229103308866371,0.1017423074,229103308866371.0000
1632563712240488,0.7250039290,-619236101313689.0000
720445661788566,0.3199421447,720445661788566.0000
933015007227100,0.4143418974,933015007227100.0000
950754801200732,0.4222199485,950754801200732.0000
1226303046756092,0.5445879511,-1025496766798085.0000
501199901715231,0.2225774683,501199901715231.0000
1578250549557830,0.7008840395,-673549263996347.0000
1777576242946074,0.7894024292,-474223570608103.0000
2112158961829294,0.9379870045,-139640851724883.0000
1300356659486392,0.5774743615,-951443154067785.0000
987666571085661,0.4386120672,987666571085661.0000
451732128494797,0.2006093640,451732128494797.0000
1537831082414662,0.6829341903,-713968731139515.0000
51309837917611,0.0227861454,51309837917611.0000
1538842677517142,0.6833834288,-712957136037035.0000
1908738805891276,0.8476503082,-343061007662901.0000
826576475951779,0.3670736941,826576475951779.0000
1989825886818357,0.8836602059,-261973926735820.0000
389522924072342,0.1729829276,389522924072342.0000
1059248722653176,0.4704009283,1059248722653176.0000
960964347317895,0.4267538977,960964347317895.0000
501615946476308,0.2227622293,501615946476308.0000
254127792790390,0.1128554107,254127792790390.0000
254736097770187,0.1131255524,254736097770187.0000
436657179756362,0.1939147419,436657179756362.0000
1421618420799606,0.6313254012,-830181392754571.0000
403483685591863,0.1791827511,403483685591863.0000
240800786188951,0.1069370309,240800786188951.0000
927943515653993,0.4120897027,927943515653993.0000
831120462031227,0.3690916293,831120462031227.0000
1969760309343849,0.8747492994,-282039504210328.0000
211450467670313,0.0939028711,211450467670313.0000
450315204038301,0.1999801232,450315204038301.0000
1829005655847030,0.8122416766,-422794157707147.0000
1258820385676008,0.5590285505,-992979427878169.0000
1023465628537749,0.4545100423,1023465628537749.0000
1793416424778440,0.7964368831,-458383388775737.0000
338276312930195,0.1502248605,338276312930195.0000
982898156811818,0.4364944658,982898156811818.0000
1415641245707238,0.6286710023,-836158567846939.0000
1721991320539316,0.7647177650,-529808493014861.0000
1089011549822656,0.4836182787,1089011549822656.0000
1352954529303505,0.6008325079,-898845284250672.0000
2147007025135173,0.9534626534,-104792788419004.0000
1315817309492537,0.5843402693,-935982504061640.0000
259884415046012,0.1154118645,259884415046012.0000
1820470387724646,0.8084512561,-431329425829531.0000
2079071928298558,0.9232934099,-172727885255619.0000
952409005109491,0.4229545626,952409005109491.0000
1304345151137220,0.5792456076,-947454662416957.0000
2157208908219802,0.9579931996,-94590905334375.0000
1225869937040060,0.5443956118,-1025929876514117.0000
1768675074514088,0.7854495164,-483124739040089.0000
82690973447229,0.0367221691,82690973447229.0000
2099672108789774,0.9324417278,-152127704764403.0000
1771875445714349,0.7868707667,-479924367839828.0000
2172986230122721,0.9649997380,-78813583431456.0000
970057444474477,0.4307920441,970057444474477.0000
1584540133914955,0.7036771761,-667259679639222.0000
529332009136492,0.2350706337,529332009136492.0000
35205472825986,0.0156343706,35205472825986.0000
1208349628027005,0.5366150316,-1043450185527172.0000
2113732507310013,0.9386857991,-138067306244164.0000
225418237069074,0.1001058068,225418237069074.0000
1148593136794425,0.5100778186,-1103206676759752.0000
876747808963216,0.3893542417,876747808963216.0000
2101898052831867,0.9334302455,-149901760722310.0000
457727783583191,0.2032719697,457727783583191.0000
305778190577376,0.1357927951,305778190577376.0000
765569358644615,0.3399810916,765569358644615.0000
1454008962917816,0.6457096915,-797790850636361.0000
2011761831139694,0.8934017220,-240037982414483.0000
1032213807803617,0.4583950143,1032213807803617.0000
524378868157694,0.2328709972,524378868157694.0000
972541887254718,0.4318953583,972541887254718.0000
793609265601114,0.3524333117,793609265601114.0000
1213059163327154,0.5387064854,-1038740650227023.0000
1350330879456426,0.5996673733,-901468934097751.0000
2210455120224834,0.9816392678,-41344693329343.0000
694366946838134,0.3083608688,694366946838134.0000
2185939281393324,0.9707520483,-65860532160853.0000
1456523626911684,0.6468264266,-795276186642493.0000
1948933165302450,0.8655001895,-302866648251727.0000
1678827775878426,0.7455493005,-572972037675751.0000
2111762241082454,0.9378108251,-140037572471723.0000
1907658868947426,0.8471707198,-344140944606751.0000
1467187070465495,0.6515619469,-784612743088682.0000
1278434509667116,0.5677389713,-973365303887061.0000
2003502071649365,0.8897336520,-248297741904812.0000
503328358742913,0.2235226931,503328358742913.0000
267584648380848,0.1188314551,267584648380848.0000
352760068053409,0.1566569399,352760068053409.0000
744203665515343,0.3304928178,744203665515343.0000
1555415083402845,0.6907430554,-696384730151332.0000
1324443371200307,0.5881710102,-927356442353870.0000
1325234666211046,0.5885224158,-926565147343131.0000
2126791689974301,0.9444852412,-125008123579876.0000
2171212677695627,0.9642121225,-80587135858550.0000
1463819199941540,0.6500663119,-787980613612637.0000
1721055922831848,0.7643023649,-530743890722329.0000
1452234550095698,0.6449216939,-799565263458479.0000
157901051981908,0.0701221534,157901051981908.0000
2070097118050939,0.9193077935,-181702695503238.0000
118885330615431,0.0527956925,118885330615431.0000
1345325959740664,0.5974447425,-906473853813513.0000
1543029172218577,0.6852426059,-708770641335600.0000
1106118174339117,0.4912151461,1106118174339117.0000
227819691879373,0.1011722670,227819691879373.0000
1774965323451018,0.7882429480,-476834490103159.0000
682963659662579,0.3032967920,682963659662579.0000
360094101435209,0.1599139050,360094101435209.0000
1860398315360690,0.8261828179,-391401498193487.0000
2103584192583510,0.9341790420,-148215620970667.0000
530791234457418,0.2357186599,530791234457418.0000
1863230377936009,0.8274405064,-388569435618168.0000
1509962563033216,0.6705580816,-741837250520961.0000
814913341832396,0.3618942221,814913341832396.0000
1146869071808509,0.5093121799,-1104930741745668.0000
1273158756886865,0.5653960664,-978641056667312.0000
72544772513976,0.0322163507,72544772513976.0000
1501252257373609,0.6666899288,-750547556180568.0000
514486029456514,0.2284776943,514486029456514.0000
1678394740417645,0.7453569941,-573405073136532.0000
1688292045016836,0.7497522803,-563507768537341.0000
1580687964106783,0.7019664690,-671111849447394.0000
1218003621724379,0.5409022660,-1033796191829798.0000
2041799106484830,0.9067409519,-210000707069347.0000
2210609183552483,0.9817076857,-41190630001694.0000
1036112453559320,0.4601263608,1036112453559320.0000
976950955907412,0.4338533781,976950955907412.0000
1343727962905397,0.5967350893,-908071850648780.0000
1245555694700693,0.5531378443,-1006244118853484.0000
341660626856832,0.1517277978,341660626856832.0000
976123924723645,0.4334861025,976123924723645.0000
1806568018562662,0.8022773640,-445231794991515.0000
1649233265495419,0.7324066978,-602566548058758.0000
1101337222853669,0.4890919771,1101337222853669.0000
406434438452278,0.1804931486,406434438452278.0000
2119777236032902,0.9413701979,-132022577521275.0000
1133724225136924,0.5034746954,-1118075588417253.0000
1085432749483263,0.4820289721,1085432749483263.0000
570832655280079,0.2535006229,570832655280079.0000
602183487467622,0.2674231891,602183487467622.0000
2012413270502753,0.8936910192,-239386543051424.0000
663523185904330,0.2946634874,663523185904330.0000
585463500938304,0.2599980235,585463500938304.0000
955318230954527,0.4242465184,955318230954527.0000
1633814003991079,0.7255591701,-617985809563098.0000
1799951013295218,0.7993388233,-451848800258959.0000
19341069777470,0.0085891604,19341069777470.0000
2246068124687530,0.9974546188,-5731688866647.0000
791095565611330,0.3513170047,791095565611330.0000
788252072602194,0.3500542401,788252072602194.0000
275815374827403,0.1224866319,275815374827403.0000
564529231535006,0.2507013404,564529231535006.0000
1059228980588717,0.4703921611,1059228980588717.0000
1260985187738367,0.5599899157,-990814625815810.0000
1710188096998239,0.7594760807,-541611716555938.0000
1291507126736125,0.5735443795,-960292686818052.0000
1161748147741874,0.5159198170,-1090051665812303.0000
133802822335311,0.0594203897,133802822335311.0000
788497288916081,0.3501631380,788497288916081.0000
907050231652836,0.4028112207,907050231652836.0000
930018329947637,0.4130111053,930018329947637.0000
1934388263511635,0.8590409555,-317411550042542.0000
176290227779594,0.0782885880,176290227779594.0000
422102403522767,0.1874511229,422102403522767.0000
595467637077247,0.2644407525,595467637077247.0000
1814949135255620,0.8059993274,-436850678298557.0000
1658470323143149,0.7365087754,-593329490411028.0000
1038877498249723,0.4613542874,1038877498249723.0000
702493295095439,0.3119696924,702493295095439.0000
1926128491056579,0.8553728797,-325671322497598.0000
1959353220734581,0.8701276237,-292446592819596.0000
555439713308424,0.2466647834,555439713308424.0000
1753964227624539,0.7789165880,-497835585929638.0000
1168839606968617,0.5190690575,-1082960206585560.0000
1732531347447897,0.7693984772,-519268466106280.0000
1878703039065020,0.8343117482,-373096774489157.0000
219486370425391,0.0974715288,219486370425391.0000
451099151209345,0.2003282656,451099151209345.0000
1925842991461159,0.8552460924,-325956822093018.0000
1259518198600948,0.5593384416,-992281614953229.0000
1740325707785149,0.7728598685,-511474105769028.0000
1891605984903198,0.8400418072,-360193828650979.0000
428602838525480,0.1903378959,428602838525480.0000
1148422173360802,0.5100018956,-1103377640193375.0000
1385456923443234,0.6152664704,-866342890110943.0000
1542010674803816,0.6847903022,-709789138750361.0000
297714366611757,0.1322117378,297714366611757.0000
2149310618171990,0.9544856542,-102489195382187.0000
1410159229801204,0.6262364982,-841640583752973.0000
1690215780933299,0.7506065907,-561584032620878.0000
1968744162128949,0.8742980394,-283055651425228.0000
536351038783652,0.2381877090,536351038783652.0000
2130221016627693,0.9460081681,-121578796926484.0000
1352433355925721,0.6006010604,-899366457628456.0000
230280335154952,0.1022650121,230280335154952.0000
904236074158123,0.4015614837,904236074158123.0000
15391770476255,0.0068353192,15391770476255.0000
737319779115398,0.3274357581,737319779115398.0000
1898614783367828,0.8431543390,-353185030186349.0000
2167915476472469,0.9627478710,-83884337081708.0000
754205575656383,0.3349345582,754205575656383.0000
917934329182043,0.4076447310,917934329182043.0000
87904638970060,0.0390375017,87904638970060.0000
2084359262464306,0.9256414580,-167440551089871.0000
944249998987429,0.4193312360,944249998987429.0000
207626296796541,0.0922045981,207626296796541.0000
377909748308728,0.1678256415,377909748308728.0000
271221053318660,0.1204463433,271221053318660.0000
1883799121197613,0.8365748633,-368000692356564.0000
1138009353871121,0.5053776748,-1113790459683056.0000
2184268169855992,0.9700099257,-67531643698185.0000
1106372966768621,0.4913282966,1106372966768621.0000
2209598074317505,0.9812586630,-42201739236672.0000
1771899007087421,0.7868812300,-479900806466756.0000
185365091860041,0.0823186372,185365091860041.0000
1187474760590346,0.5273447282,-1064325052963831.0000
39224507979802,0.0174191808,39224507979802.0000
2078634435169732,0.9230991239,-173165378384445.0000
549100147875765,0.2438494508,549100147875765.0000
119724581101952,0.0531683946,119724581101952.0000
2174856077382572,0.9658301170,-76943736171605.0000
248298488363073,0.1102666795,248298488363073.0000
1144780486549868,0.5083846618,-1107019327004309.0000
1542615368976244,0.6850588404,-709184444577933.0000
175213442351780,0.0778103992,175213442351780.0000
2078244432749033,0.9229259281,-173555380805144.0000
110564727201172,0.0491006023,110564727201172.0000
852492014949135,0.3785825053,852492014949135.0000
235340485907800,0.1045121704,235340485907800.0000
980351284016511,0.4353634271,980351284016511.0000
122470194267578,0.0543876918,122470194267578.0000
663430029349350,0.2946221175,663430029349350.0000
1311637654683792,0.5824841297,-940162158870385.0000
1745917655746458,0.7753431922,-505882157807719.0000
1183782241225857,0.5257049202,-1068017572328320.0000
1216407302922656,0.5401933580,-1035392510631521.0000
176308484263562,0.0782966955,176308484263562.0000
226760589403684,0.1007019310,226760589403684.0000
175287713806730,0.0778433823,175287713806730.0000
698176424266273,0.3100526166,698176424266273.0000
1152002593022921,0.5115919213,-1099797220531256.0000
756574762577956,0.3359866885,756574762577956.0000
812850927584690,0.3609783262,812850927584690.0000
347592543599264,0.1543620980,347592543599264.0000
660999143225680,0.2935425872,660999143225680.0000
925683297142312,0.4110859640,925683297142312.0000
1562421818136250,0.6938546707,-689377995417927.0000
1525731797638993,0.6775610285,-726068015915184.0000
2001821226395135,0.8889872067,-249978587159042.0000
131100940384000,0.0582205130,131100940384000.0000
1738444197403729,0.7720243100,-513355616150448.0000
1501562286397683,0.6668276093,-750237527156494.0000
1435966841968278,0.6376973803,-815832971585899.0000
159915425831979,0.0710167151,159915425831979.0000
1148756278983827,0.5101502683,-1103043534570350.0000
927846315658763,0.4120465372,927846315658763.0000
251811762799375,0.1118268868,251811762799375.0000
729146746109937,0.3238062024,729146746109937.0000
1937111773987379,0.8602504372,-314688039566798.0000
2215789462097365,0.9840081915,-36010351456812.0000
81143229289165,0.0360348326,81143229289165.0000
2183538579150242,0.9696859223,-68261234403935.0000
1866238514515030,0.8287763874,-385561299039147.0000
513533092441639,0.2280545053,513533092441639.0000
384235118822456,0.1706346703,384235118822456.0000
531604581809101,0.2360798587,531604581809101.0000
571294715689830,0.2537058189,571294715689830.0000
1117512216923759,0.4962751174,1117512216923759.0000
2090047532890968,0.9281675575,-161752280663209.0000
810815228731766,0.3600742943,810815228731766.0000
798876022974161,0.3547722218,798876022974161.0000
1547221892221449,0.6871045476,-704577921332728.0000
936118122050379,0.4157199572,936118122050379.0000
208633514195489,0.0926518925,208633514195489.0000
1382372766401402,0.6138968296,-869427047152775.0000
1746406465816421,0.7755602675,-505393347737756.0000
374726389206236,0.1664119461,374726389206236.0000
1561489146567743,0.6934404813,-690310666986434.0000
493077056914584,0.2189702006,493077056914584.0000
1902659415004256,0.8449505163,-349140398549921.0000
1417428624028427,0.6294647577,-834371189525750.0000
1527130138523833,0.6781820166,-724669675030344.0000
181066986654794,0.0804098950,181066986654794.0000
1708282096376014,0.7586296464,-543517717178163.0000
738946416539984,0.3281581303,738946416539984.0000
1301827621740977,0.5781275999,-949972191813200.0000
1301428761466284,0.5779504704,-950371052087893.0000
526132276132422,0.2336496668,526132276132422.0000
651492223935157,0.2893206670,651492223935157.0000
1160309486146946,0.5152809229,-1091490327407231.0000
600002360935811,0.2664545744,600002360935811.0000
1668951394412850,0.7411633061,-582848419141327.0000
1221802588021168,0.5425893459,-1029997225533009.0000
2072146904052919,0.9202180814,-179652909501258.0000
1539257318097025,0.6835675662,-712542495457152.0000
2050775508939725,0.9107272754,-201024304614452.0000
2093508114288883,0.9297043643,-158291699265294.0000
661047933247747,0.2935642544,661047933247747.0000
567806914052444,0.2521569238,567806914052444.0000
1155719614660129,0.5132426105,-1096080198894048.0000
513819328406710,0.2281816196,513819328406710.0000
471576313317031,0.2094219524,471576313317031.0000
123530701644986,0.0548586517,123530701644986.0000
784423194869570,0.3483538768,784423194869570.0000
1028109722901960,0.4565724345,1028109722901960.0000
1650322347952396,0.7328903475,-601477465601781.0000
7551981159755,0.0033537533,7551981159755.0000
376133705493637,0.1670369201,376133705493637.0000
290979714224046,0.1292209514,290979714224046.0000
1115281192940501,0.4952843438,1115281192940501.0000
2061855830252403,0.9156479265,-189943983301774.0000
1717181404361690,0.7625817331,-534618409192487.0000
163918378893009,0.0727943834,163918378893009.0000
529473498160128,0.2351334674,529473498160128.0000
219155739995217,0.0973246994,219155739995217.0000
317748295893294,0.1411085897,317748295893294.0000
1933464234761556,0.8586306043,-318335578792621.0000
666994082740385,0.2962048752,666994082740385.0000
1264888739222078,0.5617234408,-986911074332099.0000
1355276126911929,0.6018635044,-896523686642248.0000
328582230180822,0.1459198230,328582230180822.0000
21756229845561,0.0096617069,21756229845561.0000
2181872920388767,0.9689462213,-69926893165410.0000
91566101450631,0.0406635176,91566101450631.0000
514609313134625,0.2285324433,514609313134625.0000
1186482439272387,0.5269040490,-1065317374281790.0000
1881864685027263,0.8357158011,-369935128526914.0000
567031201929154,0.2518124384,567031201929154.0000
2015073022099977,0.8948721862,-236726791454200.0000
1199392360385427,0.5326372057,-1052407453168750.0000
654591548305059,0.2906970435,654591548305059.0000
1031860316504283,0.4582380327,1031860316504283.0000
1154414644931822,0.5126630875,-1097385168622355.0000
2243929037966837,0.9965046735,-7870775587340.0000
1134616983879789,0.5038711599,-1117182829674388.0000
1138762141584557,0.5057119797,-1113037671969620.0000
1237211103768715,0.5494321015,-1014588709785462.0000
919794826987182,0.4084709580,919794826987182.0000
375388143010566,0.1667058238,375388143010566.0000
1814089580183898,0.8056176083,-437710233370279.0000
2098819956808792,0.9320632963,-152979856745385.0000
1766991023624786,0.7847016475,-484808789929391.0000
1868807567182089,0.8299172759,-382992246372088.0000
1351531170335802,0.6002004096,-900268643218375.0000
1539253154247365,0.6835657171,-712546659306812.0000
1710893365268368,0.7597892828,-540906448285809.0000
1822421848009387,0.8093178785,-429377965544790.0000
1202257453995703,0.5339095628,-1049542359558474.0000
530144788574759,0.2354315803,530144788574759.0000
163343576954072,0.0725391200,163343576954072.0000
448283146552751,0.1990777084,448283146552751.0000
1605872073934011,0.7131504605,-645927739620166.0000
591184093117197,0.2625384768,591184093117197.0000
2149513077807089,0.9545755643,-102286735747088.0000
852533720121587,0.3786010262,852533720121587.0000
1050595058076017,0.4665579292,1050595058076017.0000
987546246316648,0.4385586322,987546246316648.0000
279908344419966,0.1243042755,279908344419966.0000
833610084535656,0.3701972438,833610084535656.0000
352825818254408,0.1566861389,352825818254408.0000
1084223038647519,0.4814917526,1084223038647519.0000
2234944511020981,0.9925147420,-16855302533196.0000
847775129566078,0.3764877874,847775129566078.0000
355042517562664,0.1576705511,355042517562664.0000
1656001445255247,0.7354123734,-595798368298930.0000
198514883999284,0.0881583180,198514883999284.0000
676654220514859,0.3004948381,676654220514859.0000
1378827401844201,0.6123223714,-872972411709976.0000
683537355436548,0.3035515641,683537355436548.0000
27712666637818,0.0123068962,27712666637818.0000
2208043661806806,0.9805683651,-43756151747371.0000
1798476831516157,0.7986841551,-453322982038020.0000
844778175540634,0.3751568725,844778175540634.0000
1015602356421476,0.4510180480,1015602356421476.0000
583130708997756,0.2589620558,583130708997756.0000
1001240863277,0.0004446403,1001240863277.0000
1320578426586123,0.5864546300,-931221386968054.0000
607494896838945,0.2697819287,607494896838945.0000
1399688528240358,0.6215865726,-852111285313819.0000
203502727873630,0.0903733656,203502727873630.0000
1971468970681545,0.8755080975,-280330842872632.0000
2196439870603052,0.9754152467,-55359942951125.0000
1332476571952891,0.5917384680,-919323241601286.0000
1038781735548874,0.4613117602,1038781735548874.0000
1856735623478539,0.8245562560,-395064190075638.0000
1377669188361638,0.6118080213,-874130625192539.0000
914668484481690,0.4061944046,914668484481690.0000
1948818152285627,0.8654491134,-302981661268550.0000
1636464215600202,0.7267361005,-615335597953975.0000
1830990155712854,0.8131229715,-420809657841323.0000
1541061920269779,0.6843689705,-710737893284398.0000
1948222118046576,0.8651844211,-303577695507601.0000
159881478021360,0.0710016392,159881478021360.0000
998406971440996,0.4433817631,998406971440996.0000
1973037212597376,0.8762045368,-278762600956801.0000
465479614319060,0.2067144741,465479614319060.0000
698954171727605,0.3103980059,698954171727605.0000
163732254035711,0.0727117273,163732254035711.0000
51649488143193,0.0229369804,51649488143193.0000
2139664426393428,0.9502018845,-112135387160749.0000
592737453063073,0.2632283072,592737453063073.0000
1444269138747875,0.6413843407,-807530674806302.0000
1768219368718766,0.7852471423,-483580444835411.0000
1470704569528383,0.6531240302,-781095244025794.0000
1098219518909385,0.4877074384,1098219518909385.0000
171667035262379,0.0762354781,171667035262379.0000
955616478900451,0.4243789671,955616478900451.0000
1200539304486477,0.5331465512,-1051260509067700.0000
2168660161679548,0.9630785777,-83139651874629.0000
941287121363201,0.4180154540,941287121363201.0000
1407531454827571,0.6250695316,-844268358726606.0000
1614489774243126,0.7169774882,-637310039311051.0000
1724735082081075,0.7659362398,-527064731473102.0000
1714765053417098,0.7615086577,-537034760137079.0000
279742795226322,0.1242307569,279742795226322.0000
1942585687674915,0.8626813432,-309214125879262.0000
476068602941360,0.2114169297,476068602941360.0000
101308140967006,0.0449898523,101308140967006.0000
1031468687526956,0.4580641145,1031468687526956.0000
881578340155077,0.3914994285,881578340155077.0000
1302270948009112,0.5783244763,-949528865545065.0000
966013611100838,0.4289962213,966013611100838.0000
2133140296791490,0.9473045890,-118659516762687.0000
1765579914620501,0.7840749893,-486219898933676.0000
2203473464658565,0.9785387899,-48326348895612.0000
1349156079565891,0.5991456574,-902643733988286.0000
1922194626611259,0.8536258930,-329605186942918.0000
62521455033395,0.0277651036,62521455033395.0000
1405182992376953,0.6240266048,-846616821177224.0000
2097051003315447,0.9312777231,-154748810238730.0000
1913175258234310,0.8496204888,-338624555319867.0000
2066781254932501,0.9178352545,-185018558621676.0000
1621490170424557,0.7200862886,-630309643129620.0000
736195329872697,0.3269364024,736195329872697.0000
1685294847191020,0.7484212571,-566504966363157.0000
188234744971966,0.0835930192,188234744971966.0000
1749689579243957,0.7770182628,-502110234310220.0000
1988898138610692,0.8832482029,-262901674943485.0000
913127657694396,0.4055101400,913127657694396.0000
646495656290776,0.2871017452,646495656290776.0000
1606567678823584,0.7134593711,-645232134730593.0000
2083266029004058,0.9251559648,-168533784550119.0000
936393621890621,0.4158423037,936393621890621.0000
1950920023611811,0.8663825318,-300879789942366.0000
1927926969554693,0.8561715646,-323872843999484.0000
1597714716390127,0.7095278660,-654085097164050.0000
1519542251999179,0.6748123181,-732257561554998.0000
1037901479192306,0.4609208478,1037901479192306.0000
2100168143390105,0.9326620114,-151631670164072.0000
156575968891307,0.0695336983,156575968891307.0000
1967270832947657,0.8736437498,-284528980606520.0000
913900631321387,0.4058534093,913900631321387.0000
183029720981790,0.0812815242,183029720981790.0000
1747318705510873,0.7759653833,-504481108043304.0000
1055227632808154,0.4686152057,1055227632808154.0000
1957137882021017,0.8691438156,-294661931533160.0000
2016495467697653,0.8955038790,-235304345856524.0000
1007719146237861,0.4475171994,1007719146237861.0000
1241737237959653,0.5514421089,-1010062575594524.0000
1924530982057395,0.8546634432,-327268831496782.0000
406101988836445,0.1803455114,406101988836445.0000
1424860791185119,0.6327653029,-826939022369058.0000
1301997222905502,0.5782029180,-949802590648675.0000
1168525401176562,0.5189295221,-1083274412377615.0000
621582747172340,0.2760381911,621582747172340.0000
1501388071506680,0.6667502424,-750411742047497.0000
1117550285577959,0.4962920233,1117550285577959.0000
1237185570652266,0.5494207625,-1014614242901911.0000
220873651284359,0.0980876053,220873651284359.0000
1857854599505529,0.8250531812,-393945214048648.0000
2005513627221563,0.8906269621,-246286186332614.0000
1427634164914147,0.6339969283,-824165648640030.0000
1484751488413229,0.6593621154,-767048325140948.0000
1682472050659667,0.7471676836,-569327762894510.0000
41903595877525,0.0186089348,41903595877525.0000
738943611889046,0.3281568847,738943611889046.0000
800660710145314,0.3555647821,800660710145314.0000
543824340972675,0.2415065219,543824340972675.0000
154149348957933,0.0684560626,154149348957933.0000
1884135244996132,0.8367241322,-367664568558045.0000
1901060853055900,0.8442406122,-350738960498277.0000
1116519286269535,0.4958341677,1116519286269535.0000
193837755647681,0.0860812557,193837755647681.0000
511309375808864,0.2270669767,511309375808864.0000
407038721098246,0.1807615040,407038721098246.0000
418524473851818,0.1858622029,418524473851818.0000
1285649660025754,0.5709431417,-966150153528423.0000
1354485177145318,0.6015122521,-897314636408859.0000
1482624888342183,0.6584177152,-769174925211994.0000
1283154245733880,0.5698349551,-968645567820297.0000
304002163498912,0.1350040806,304002163498912.0000
2049469848525117,0.9101474457,-202329965029060.0000
731228957122688,0.3247308898,731228957122688.0000
1738831592005651,0.7721963478,-512968221548526.0000
565992410328923,0.2513511223,565992410328923.0000
100969586163744,0.0448395037,100969586163744.0000
1477003904824769,0.6559214971,-774795908729408.0000
1413285547510525,0.6276248621,-838514266043652.0000
615976553440658,0.2735485409,615976553440658.0000
1334421832599980,0.5926023373,-917377980954197.0000
410662509591225,0.1823707894,410662509591225.0000
324715821761447,0.1442027927,324715821761447.0000
768442417141711,0.3412569859,768442417141711.0000
881535017608918,0.3914801894,881535017608918.0000
2077486914661109,0.9225895225,-174312898893068.0000
1204469243084526,0.5348917945,-1047330570469651.0000
1805600328026592,0.8018476230,-446199485527585.0000
1069201569815045,0.4748208803,1069201569815045.0000
1155866073717548,0.5133076514,-1095933739836629.0000
2140643499315737,0.9506366802,-111156314238440.0000
838492850154193,0.3723656273,838492850154193.0000
1876728967669948,0.8334350844,-375070845884229.0000
1347628821040371,0.5984674183,-904170992513806.0000
854146874978132,0.3793174108,854146874978132.0000
647911046951153,0.2877303049,647911046951153.0000
1942765966362414,0.8627614030,-309033847191763.0000
1727932799076292,0.7673563115,-523867014477885.0000
1658823043877388,0.7366654149,-592976769676789.0000
1364591192520238,0.6060002245,-887208621033939.0000
1474027919172196,0.6545998940,-777771894381981.0000
1476706775145671,0.6557895450,-775093038408506.0000
2249925261690585,0.9991675317,-1874551863592.0000
2216142991794292,0.9841651902,-35656821759885.0000
1412203934256309,0.6271445293,-839595879297868.0000
1306853416556560,0.5803595012,-944946396997617.0000
707314249421423,0.3141106262,707314249421423.0000
1642007113339340,0.7291976416,-609792700214837.0000
2090263084141790,0.9282632815,-161536729412387.0000
750378272701321,0.3332348942,750378272701321.0000
643801246245496,0.2859051868,643801246245496.0000
1893247022652022,0.8407705744,-358552790902155.0000
1264667830535583,0.5616253376,-987131983018594.0000
2070278602153857,0.9193883887,-181521211400320.0000
516512620717278,0.2293776816,516512620717278.0000
959439499086005,0.4260767291,959439499086005.0000
745870594922653,0.3312330832,745870594922653.0000
1572409101859227,0.6982899156,-679390711694950.0000
2086251639528497,0.9264818422,-165548174025680.0000
1771206422599813,0.7865736607,-480593390954364.0000
2147205358346240,0.9535507310,-104594455207937.0000
318834640936878,0.1415910238,318834640936878.0000
962003229429444,0.4272152541,962003229429444.0000
69422134129419,0.0308296207,69422134129419.0000
2160483681616049,0.9594474911,-91316131938128.0000
622079465571370,0.2762587783,622079465571370.0000
1320349838051121,0.5863531163,-931449975503056.0000
651354765386078,0.2892596231,651354765386078.0000
607727649520648,0.2698852917,607727649520648.0000
1426085967927014,0.6333093907,-825713845627163.0000
450527709996339,0.2000744948,450527709996339.0000
1090701202551939,0.4843686353,1090701202551939.0000
2234470038200511,0.9923040338,-17329775353666.0000
485426296830593,0.2155725806,485426296830593.0000
221640496953314,0.0984281532,221640496953314.0000
812257447499046,0.3607147681,812257447499046.0000
865523956934225,0.3843698502,865523956934225.0000
2050885401177106,0.9107760774,-200914412377071.0000
1146220144358831,0.5090239983,-1105579669195346.0000
966635331670483,0.4292723207,966635331670483.0000
72834700706533,0.0323451047,72834700706533.0000
2078771660730420,0.9231600643,-173028152823757.0000
1489990785546932,0.6616888307,-761809028007245.0000
6012926205446,0.0026702756,6012926205446.0000
2163813400489420,0.9609261833,-87986413064757.0000
196379150320881,0.0872098617,196379150320881.0000
2014099166780272,0.8944397076,-237700646773905.0000
526013564585607,0.2335969483,526013564585607.0000
2076898190555499,0.9223280764,-174901622998678.0000
1336461273660833,0.5935080310,-915338539893344.0000
1172194194598529,0.5205587937,-1079605618955648.0000
962842736787759,0.4275880702,962842736787759.0000
1131358917502355,0.5024242878,-1120440896051822.0000
1519495972937909,0.6747917660,-732303840616268.0000
1842529756021222,0.8182475835,-409270057532955.0000
626013387742334,0.2780057907,626013387742334.0000
1376592165563067,0.6113297271,-875207647991110.0000
1130728826059435,0.5021444709,-1121070987494742.0000
1474271104991544,0.6547078902,-777528708562633.0000
178994476713469,0.0794895157,178994476713469.0000
13032536791473,0.0057876090,13032536791473.0000
642318419278697,0.2852466793,642318419278697.0000
365846897747849,0.1624686598,365846897747849.0000
993606537524421,0.4412499422,993606537524421.0000
1733985082960320,0.7700440654,-517814730593857.0000
2125748797047954,0.9440221037,-126051016506223.0000
1421522849266924,0.6312829590,-830276964287253.0000
1073351273002643,0.4766637187,1073351273002643.0000
1434428391010644,0.6370141708,-817371422543533.0000
997209298056922,0.4428498893,997209298056922.0000
2212356895118464,0.9824838255,-39442918435713.0000
1608569806699604,0.7143484945,-643230006854573.0000
2098499351931698,0.9319209191,-153300461622479.0000
1239577778881479,0.5504831164,-1012222034672698.0000
455357366441750,0.2022192931,455357366441750.0000
2186522201711741,0.9710109169,-65277611842436.0000
1982337789616266,0.8803348227,-269462023937911.0000
924546339676424,0.4105810535,924546339676424.0000
2147032326109788,0.9534738893,-104767487444389.0000
871328240368399,0.3869474698,871328240368399.0000
1049737917078054,0.4661772822,1049737917078054.0000
1031093106104655,0.4578973228,1031093106104655.0000
567125576943476,0.2518543494,567125576943476.0000
854192034349429,0.3793374656,854192034349429.0000
1589749421103901,0.7059905643,-662050392450276.0000
1084825491175880,0.4817592952,1084825491175880.0000
677100717401037,0.3006931226,677100717401037.0000
1254202227639210,0.5569776763,-997597585914967.0000
1641091875628764,0.7287911944,-610707937925413.0000
1975833740520023,0.8774464447,-275966073034154.0000
1574779430941308,0.6993425532,-677020382612869.0000
1507572922905266,0.6694968682,-744226890648911.0000
186783740406211,0.0829486437,186783740406211.0000
1027577833549541,0.4563362282,1027577833549541.0000
1784629323030545,0.7925346260,-467170490523632.0000
1134946202290662,0.5040173622,-1116853611263515.0000
769490059883539,0.3417222327,769490059883539.0000
225182473637551,0.1000011068,225182473637551.0000
1771965134126899,0.7869105963,-479834679427278.0000
1675455923085234,0.7440518971,-576343890468943.0000
123978407397346,0.0550574730,123978407397346.0000
1546729366386235,0.6868858222,-705070447167942.0000
2041296985095889,0.9065179652,-210502828458288.0000
1510883638960958,0.6709671214,-740916174593219.0000
1548880848246149,0.6878412721,-702918965308028.0000
1484405009704576,0.6592082479,-767394803849601.0000
839564035003119,0.3728413289,839564035003119.0000
516746658768741,0.2294816154,516746658768741.0000
15115097950139,0.0067124519,15115097950139.0000
66526804318748,0.0295438360,66526804318748.0000
1937498920809357,0.8604223649,-314300892744820.0000
1138028163540818,0.5053860280,-1113771650013359.0000
25516680807956,0.0113316826,25516680807956.0000
1771688177926029,0.7867876031,-480111635628148.0000
1724144240122123,0.7656738533,-527655573432054.0000
443879114195628,0.1971219251,443879114195628.0000
737598279250339,0.3275594370,737598279250339.0000
732688065879587,0.3253788643,732688065879587.0000
2051056472896639,0.9108520485,-200743340657538.0000
1030019575943149,0.4574205796,1030019575943149.0000
313383653386990,0.1391702990,313383653386990.0000
804012108220747,0.3570531019,804012108220747.0000
1339967702166914,0.5950651981,-911832111387263.0000
185834896693874,0.0825272724,185834896693874.0000
53844467520447,0.0239117470,53844467520447.0000
1539032453938468,0.6834677064,-712767359615709.0000
858957367665263,0.3814536987,858957367665263.0000
335801783304372,0.1491259486,335801783304372.0000
324042933796699,0.1439039704,324042933796699.0000
201372209347908,0.0894272253,201372209347908.0000
1819221845325173,0.8078967919,-432577968229004.0000
1729961674453477,0.7682573131,-521838139100700.0000
1446125476917842,0.6422087204,-805674336636335.0000
385244700996356,0.1710830149,385244700996356.0000
1723906401934602,0.7655682319,-527893411619575.0000
69287026200988,0.0307696207,69287026200988.0000
355516596657311,0.1578810845,355516596657311.0000
1758291523895107,0.7808382936,-493508289659070.0000
2114916686744083,0.9392116804,-136883126810094.0000
1309958831909342,0.5817385826,-941840981644835.0000
9558375016683,0.0042447712,9558375016683.0000
1764963024113018,0.7838010348,-486836789441159.0000
86311836482506,0.0383301553,86311836482506.0000
1999193132424884,0.8878200986,-252606681129293.0000
902887652010873,0.4009626640,902887652010873.0000
1010245370855134,0.4486390685,1010245370855134.0000
1708814100699090,0.7588659038,-542985712855087.0000
1149193474842898,0.5103444222,-1102606338711279.0000
1783867709457768,0.7921964016,-467932104096409.0000
259438245284873,0.1152137254,259438245284873.0000
90857931950881,0.0403490272,90857931950881.0000
937875942379289,0.4165005862,937875942379289.0000
31087430151140,0.0138055923,31087430151140.0000
1877881192456995,0.8339467750,-373918621097182.0000
1941694222871109,0.8622854533,-310105590683068.0000
2240313158394206,0.9948989004,-11486655159971.0000
1208784607089579,0.5368082011,-1043015206464598.0000
2196941456023706,0.9756379953,-54858357530471.0000
401839921906236,0.1784527734,401839921906236.0000
549002312438239,0.2438060032,549002312438239.0000
75868794625702,0.0336925131,75868794625702.0000
83090715283624,0.0368996901,83090715283624.0000
1562034040957433,0.6936824630,-689765772596744.0000
413385296517567,0.1835799497,413385296517567.0000
930455382789248,0.4132051958,930455382789248.0000
1059276693603425,0.4704133499,1059276693603425.0000
1898346924737938,0.8430353859,-353452888816239.0000
1181178612529474,0.5245486768,-1070621201024703.0000
2093392642967724,0.9296530848,-158407170586453.0000
1897499933280941,0.8426592461,-354299880273236.0000
2159050137196678,0.9588108695,-92749676357499.0000
1581531392704840,0.7023410266,-670268420849337.0000
305951263190531,0.1358696547,305951263190531.0000
252756704696126,0.1122465253,252756704696126.0000
1815348790739780,0.8061768101,-436451022814397.0000
1476357899524164,0.6556346131,-775441914030013.0000
1142247621260918,0.5072598436,-1109552192293259.0000
655924587762578,0.2912890319,655924587762578.0000
783172905309978,0.3477986367,783172905309978.0000
741887397904936,0.3294641884,741887397904936.0000
1013112622109791,0.4499123839,1013112622109791.0000
2155031356694279,0.9570261725,-96768456859898.0000
1236751109156824,0.5492278229,-1015048704397353.0000
935067643681373,0.4152534511,935067643681373.0000
502387273784769,0.2231047675,502387273784769.0000
1409587350946386,0.6259825329,-842212462607791.0000
606358448868866,0.2692772445,606358448868866.0000
321569496154414,0.1428055435,321569496154414.0000
2242540311472036,0.9958879550,-9259502082141.0000
1501372797661367,0.6667434594,-750427015892810.0000
766357230487940,0.3403309770,766357230487940.0000
2187599852649703,0.9714894901,-64199960904474.0000
54835444818919,0.0243518294,54835444818919.0000
628949557931758,0.2793097122,628949557931758.0000
1407696812891714,0.6251429654,-844103000662463.0000
850932415873162,0.3778899042,850932415873162.0000
1840705699480513,0.8174375397,-411094114073664.0000
1667612483834281,0.7405687103,-584187329719896.0000
2222744465317967,0.9870968334,-29055348236210.0000
128571021036291,0.0570970031,128571021036291.0000
390151703227539,0.1732621616,390151703227539.0000
430402482572698,0.1911370984,430402482572698.0000
1347086085911722,0.5982263955,-904713727642455.0000
130805052944026,0.0580891126,130805052944026.0000
1810558233925561,0.8040493755,-441241579628616.0000
980711183167369,0.4355232544,980711183167369.0000
2185984727291014,0.9707722303,-65815086263163.0000
969126991213555,0.4303788398,969126991213555.0000
1395143283994647,0.6195680787,-856656529559530.0000
1602095368055842,0.7114732661,-649704445498335.0000
294947204648708,0.1309828711,294947204648708.0000
1460138226910110,0.6484316315,-791661586644067.0000
2017708869714599,0.8960427377,-234090943839578.0000
1544847394218364,0.6860500587,-706952419335813.0000
2047701451469684,0.9093621196,-204098362084493.0000
973042090714700,0.4321174932,973042090714700.0000
277026996943824,0.1230247002,277026996943824.0000
1060296684937238,0.4708663170,1060296684937238.0000
1293952136441262,0.5746301819,-957847677112915.0000
1209547462886096,0.5371469771,-1042252350668081.0000
742264946998585,0.3296318538,742264946998585.0000
854805666263464,0.3796099729,854805666263464.0000
1715621091092670,0.7618888148,-536178722461507.0000
400641835407353,0.1779207161,400641835407353.0000
582038478198229,0.2584770079,582038478198229.0000
176652551776291,0.0784494921,176652551776291.0000
628514300431917,0.2791164191,628514300431917.0000
2019481569778974,0.8968299747,-232318243775203.0000
1223792382385425,0.5434729921,-1028007431168752.0000
530536510914849,0.2356055399,530536510914849.0000
578387413797612,0.2568556096,578387413797612.0000
1262319213218600,0.5605823420,-989480600335577.0000
1155663641632437,0.5132177535,-1096136171921740.0000
1519981076378421,0.6750071952,-731818737175756.0000
431503704385457,0.1916261391,431503704385457.0000
1431333939718559,0.6356399584,-820465873835618.0000
446314205864679,0.1982033230,446314205864679.0000
176037986819000,0.0781765705,176037986819000.0000
2077540183057502,0.9226131784,-174259630496675.0000
1633089619531672,0.7252374788,-618710194022505.0000
1532312493500612,0.6804834445,-719487320053565.0000
2192247779762020,0.9735535844,-59552033792157.0000
1716764811722720,0.7623967288,-535035001831457.0000
1614342694071713,0.7169121715,-637457119482464.0000
2229643913834121,0.9901608040,-22155899720056.0000
1859581787830092,0.8258202069,-392218025724085.0000
1001643953889423,0.4448192721,1001643953889423.0000
1105941887845579,0.4911368591,1105941887845579.0000
207729171271822,0.0922502835,207729171271822.0000
655793113820781,0.2912306458,655793113820781.0000
63091532870006,0.0280182690,63091532870006.0000
890054802031162,0.3952637338,890054802031162.0000
949957327762173,0.4218657991,949957327762173.0000
1298879304324203,0.5768182840,-952920509229974.0000
947339133569168,0.4207030873,947339133569168.0000
1035478700542696,0.4598449180,1035478700542696.0000
1803034828505636,0.8007083124,-448764985048541.0000
1579528145795320,0.7014514062,-672271667758857.0000
546898136540665,0.2428715613,546898136540665.0000
927440765315291,0.4118664367,927440765315291.0000
807879698142350,0.3587706568,807879698142350.0000
1125893584297112,0.4999971923,1125893584297112.0000
872542377863243,0.3874866552,872542377863243.0000
172863281306018,0.0767667180,172863281306018.0000
2168442648413781,0.9629819824,-83357165140396.0000
911310006605740,0.4047029408,911310006605740.0000
2046585781598469,0.9088666627,-205214031955708.0000
1772130171954555,0.7869838879,-479669641599622.0000
451755248797552,0.2006196315,451755248797552.0000
621542399274660,0.2760202730,621542399274660.0000
1883842392534965,0.8365940796,-367957421019212.0000
1431518690305214,0.6357220041,-820281123248963.0000
1139189040173598,0.5059015607,-1112610773380579.0000
170132474347059,0.0755539961,170132474347059.0000
1140496097472677,0.5064820108,-1111303716081500.0000
1945392477821979,0.8639278084,-306407335732198.0000
2232739959957954,0.9915357247,-19059853596223.0000
1926469182721177,0.8555241772,-325330630833000.0000
624390602270147,0.2772851292,624390602270147.0000
915385320880129,0.4065127439,915385320880129.0000
929165890714995,0.4126325463,929165890714995.0000
1808353215059776,0.8030701505,-443446598494401.0000
1790976750355968,0.7953534500,-460823063198209.0000
1919633728155335,0.8524886256,-332166085398842.0000
1178862624155486,0.5235201713,-1072937189398691.0000
1010623464769879,0.4488069760,1010623464769879.0000
1652426452591076,0.7338247577,-599373360963101.0000
855149606904465,0.3797627133,855149606904465.0000
1019560090296831,0.4527756349,1019560090296831.0000
1944282497342824,0.8634348780,-307517316211353.0000
896219366971200,0.3980013506,896219366971200.0000
130034145905982,0.0577467611,130034145905982.0000
1063357499160586,0.4722255916,1063357499160586.0000
1585527864402059,0.7041158165,-666271949152118.0000
1726071431274058,0.7665296981,-525728382280119.0000
1560178630508173,0.6928584953,-691621183046004.0000
1928060468922210,0.8562308502,-323739344631967.0000
386533195699311,0.1716552215,386533195699311.0000
276137624084183,0.1226297393,276137624084183.0000
1353217639357788,0.6009493523,-898582174196389.0000
874308176190338,0.3882708272,874308176190338.0000
1644701010960156,0.7303939724,-607098802594021.0000
29034379137008,0.0128938545,29034379137008.0000
1389052082810924,0.6168630419,-862747730743253.0000
1694333662637486,0.7524352975,-557466150916691.0000
850226870392617,0.3775765791,850226870392617.0000
148042022519207,0.0657438648,148042022519207.0000
625824901307639,0.2779220859,625824901307639.0000
470532207488629,0.2089582762,470532207488629.0000
800892677496605,0.3556677963,800892677496605.0000
1974631498060286,0.8769125418,-277168315493891.0000
1183735497434077,0.5256841618,-1068064316120100.0000
1839110663073025,0.8167292012,-412689150481152.0000
1774936997093784,0.7882303686,-476862816460393.0000
1630089048743606,0.7239049577,-621710764810571.0000
1605892612939552,0.7131595816,-645907200614625.0000
732918195773590,0.3254810625,732918195773590.0000
417698631382119,0.1854954552,417698631382119.0000
115022956147893,0.0510804537,115022956147893.0000
1311159804510359,0.5822719216,-940640009043818.0000
1869030682200205,0.8300163589,-382769131353972.0000
1760018540924524,0.7816052432,-491781272629653.0000
277712181300456,0.1233289832,277712181300456.0000
713773954649639,0.3169793116,713773954649639.0000
122168761560184,0.0542538288,122168761560184.0000
505103511755085,0.2243110194,505103511755085.0000
916257651578124,0.4069001365,916257651578124.0000
811607389383561,0.3604260843,811607389383561.0000
655115829256478,0.2909298710,655115829256478.0000
343499016307979,0.1525442067,343499016307979.0000
1876668863501458,0.8334083928,-375130950052719.0000
1872049278859449,0.8313568851,-379750534694728.0000
548706982360948,0.2436748503,548706982360948.0000
1741220853657568,0.7732573931,-510578959896609.0000
1147988615074808,0.5098093570,-1103811198479369.0000
769843504977146,0.3418791939,769843504977146.0000
164609075235228,0.0731011142,164609075235228.0000
1145497890945159,0.5087032533,-1106301922609018.0000
2065783976353601,0.9173923738,-186015837200576.0000
1966459051432120,0.8732832464,-285340762122057.0000
840525037896482,0.3732681000,840525037896482.0000
141656589856730,0.0629081631,141656589856730.0000
122304495789571,0.0543141069,122304495789571.0000
2046602792145929,0.9088742169,-205197021408248.0000
841351282740303,0.3736350264,841351282740303.0000
1802940822438556,0.8006665653,-448858991115621.0000
135232774194961,0.0600554158,135232774194961.0000
1030293935093584,0.4575424196,1030293935093584.0000
477458433466619,0.2120341385,477458433466619.0000
1776281357034544,0.7888273844,-475518456519633.0000
1841595981794478,0.8178329045,-410203831759699.0000
954476167451673,0.4238725670,954476167451673.0000
509997221667110,0.2264842632,509997221667110.0000
128958892863266,0.0572692528,128958892863266.0000
138838910573652,0.0616568621,138838910573652.0000
1087568941912172,0.4829776321,1087568941912172.0000
1973493081461072,0.8764069832,-278306732093105.0000
1920046467813886,0.8526719188,-331753345740291.0000
428463164809786,0.1902758683,428463164809786.0000
1758483762571575,0.7809236647,-493316050982602.0000
56322232238288,0.0250120956,56322232238288.0000
2022668357938065,0.8982451929,-229131455616112.0000
1586609333941464,0.7045960855,-665190479612713.0000
871626751574139,0.3870800354,871626751574139.0000
1037159231486279,0.4605912236,1037159231486279.0000
1744890130587492,0.7748868794,-506909682966685.0000
498650042666421,0.2214451035,498650042666421.0000
2124618778615628,0.9435202747,-127181034938549.0000
1589956944062251,0.7060827230,-661842869491926.0000
30783259315899,0.0136705133,30783259315899.0000
398873103341690,0.1771352413,398873103341690.0000
622943795697888,0.2766426180,622943795697888.0000
1203276940287804,0.5343623057,-1048522873266373.0000
1306267284952649,0.5800992065,-945532528601528.0000
658988558071629,0.2926497081,658988558071629.0000
1206495090362830,0.5357914514,-1045304723191347.0000
1587180798191715,0.7048498666,-664619015362462.0000
256845578257227,0.1140623499,256845578257227.0000
1323365221208803,0.5876922155,-928434592345374.0000
986065372402773,0.4379009921,986065372402773.0000
407137403162687,0.1808053277,407137403162687.0000
629741855357007,0.2796615630,629741855357007.0000
642978412034447,0.2855397750,642978412034447.0000
1505743639690900,0.6686845032,-746056173863277.0000
2009359172949801,0.8923347275,-242440640604376.0000
720118789751908,0.3197969844,720118789751908.0000
2167088899901888,0.9623807973,-84710913652289.0000
2113525121325613,0.9385937012,-138274692228564.0000
551449835482623,0.2448929217,551449835482623.0000
478834172974748,0.2126450895,478834172974748.0000
178788958305090,0.0793982472,178788958305090.0000
2079186574289571,0.9233443230,-172613239264606.0000
1869489885253294,0.8302202860,-382309928300883.0000
1959624678877341,0.8702481753,-292175134676836.0000
2226523208028643,0.9887749322,-25276605525534.0000
64862294345549,0.0288046450,64862294345549.0000
398148010044070,0.1768132352,398148010044070.0000
930645482624282,0.4132896171,930645482624282.0000
491642005316131,0.2183329097,491642005316131.0000
53583429476951,0.0237958229,53583429476951.0000
2159920039053604,0.9591971835,-91879774500573.0000
765607685046916,0.3399981119,765607685046916.0000
2020548086614708,0.8973036033,-231251726939469.0000
375334454788823,0.1666819815,375334454788823.0000
1979132905085806,0.8789115681,-272666908468371.0000
1748425183143259,0.7764567581,-503374630410918.0000
1994386374156339,0.8856854691,-257413439397838.0000
727195535094229,0.3229396906,727195535094229.0000
2041661057236400,0.9066796457,-210138756317777.0000
1525676170541877,0.6775363251,-726123643012300.0000
34332890556634,0.0152468662,34332890556634.0000
2173098193201292,0.9650494596,-78701620352885.0000
1368288512143292,0.6076421642,-883511301410885.0000
1865237520557010,0.8283318567,-386562292997167.0000
1972398305284903,0.8759208050,-279401508269274.0000
1108024542724,0.0004920617,1108024542724.0000
421913990348631,0.1873674506,421913990348631.0000
530457322561398,0.2355703732,530457322561398.0000
699135779439919,0.3104786559,699135779439919.0000
1811315158660358,0.8043855176,-440484654893819.0000
1079071908762741,0.4792041914,1079071908762741.0000
38854090732483,0.0172546825,38854090732483.0000
2215134855698409,0.9837174878,-36664957855768.0000
1806151295359305,0.8020923017,-445648518194872.0000
381945569094714,0.1696179060,381945569094714.0000
1931939250111216,0.8579533751,-319860563442961.0000
396841974316756,0.1762332388,396841974316756.0000
568795724392981,0.2525960438,568795724392981.0000
225937532570166,0.1003364203,225937532570166.0000
1319645995663911,0.5860405475,-932153817890266.0000
1415992808801052,0.6288271277,-835807004753125.0000
395864778255574,0.1757992766,395864778255574.0000
1369547069444661,0.6082010760,-882252744109516.0000
2057710428316043,0.9138069983,-194089385238134.0000
2238393761512403,0.9940465169,-13406052041774.0000
2240841769553658,0.9951336509,-10958044000519.0000
1195923963420132,0.5310969280,-1055875850134045.0000
645158804145923,0.2865080636,645158804145923.0000
2068942933580224,0.9187952327,-182856879973953.0000
564450528465147,0.2506663892,564450528465147.0000
464492991389307,0.2062763255,464492991389307.0000
1403585923095365,0.6233173636,-848213890458812.0000
545587167232213,0.2422893740,545587167232213.0000
1749694171998442,0.7770203024,-502105641555735.0000
1560662747094550,0.6930734862,-691137066459627.0000
1732236353549800,0.7692674736,-519563460004377.0000
1864326814741830,0.8279274221,-387472998812347.0000
2096537063039213,0.9310494878,-155262750514964.0000
1550897188818067,0.6887367072,-700902624736110.0000
211713049888541,0.0940194810,211713049888541.0000
1983409113797279,0.8808105862,-268390699756898.0000
700848929770059,0.3112394475,700848929770059.0000
1412854648183682,0.6274335044,-838945165370495.0000
1642110482219522,0.7292435466,-609689331334655.0000
1680506521739155,0.7462948134,-571293291815022.0000
2126695090716354,0.9444423425,-125104722837823.0000
803190678897658,0.3566883140,803190678897658.0000
997388332016424,0.4429293963,997388332016424.0000
347549243768768,0.1543428691,347549243768768.0000
1129611876018470,0.5016484455,-1122187937535707.0000
1440411153111594,0.6396710509,-811388660442583.0000
1093881740760964,0.4857810780,1093881740760964.0000
1576351136853798,0.7000405309,-675448676700379.0000
1479651147727923,0.6570971091,-772148665826254.0000
2086914195797392,0.9267760763,-164885617756785.0000
1727110319305706,0.7669910571,-524689494248471.0000
97192662069469,0.0431622125,97192662069469.0000
235886737947253,0.1047547551,235886737947253.0000
1444915848336493,0.6416715374,-806883965217684.0000
386774524877723,0.1717623932,386774524877723.0000
2048052846249553,0.9095181703,-203746967304624.0000
1382393180516862,0.6139058953,-869406633037315.0000
1239012897363437,0.5502322586,-1012786916190740.0000
313436507207403,0.1391937708,313436507207403.0000
887027300129624,0.3939192529,887027300129624.0000
673045238305575,0.2988921281,673045238305575.0000
782844616215031,0.3476528471,782844616215031.0000
362249172097810,0.1608709486,362249172097810.0000
1853665495359328,0.8231928452,-398134318194849.0000
1312847055342848,0.5830212115,-938952758211329.0000
1069491597326663,0.4749496784,1069491597326663.0000
963763477632482,0.4279969613,963763477632482.0000
702609784146935,0.3120214239,702609784146935.0000
2081857260929803,0.9245303461,-169942552624374.0000
1741213994010571,0.7732543468,-510585819543606.0000
2127113976351927,0.9446283651,-124685837202250.0000
1576872132694014,0.7002718995,-674927680860163.0000
2180128882313145,0.9681717128,-71670931241032.0000
1008458920352197,0.4478457251,1008458920352197.0000
344371888884936,0.1529318400,344371888884936.0000
687522372647770,0.3053212672,687522372647770.0000
1473133503086446,0.6542026934,-778666310467731.0000
251627966986425,0.1117452650,251627966986425.0000
1918075497971919,0.8517966324,-333724315582258.0000
569741446969469,0.2530160290,569741446969469.0000
1913505699843400,0.8497672343,-338294113710777.0000
269878446795143,0.1198501062,269878446795143.0000
495998681164242,0.2202676624,495998681164242.0000
828052068133226,0.3677289887,828052068133226.0000
1056830584536037,0.4693270593,1056830584536037.0000
1054994560250639,0.4685117007,1054994560250639.0000
144468412809880,0.0641568633,144468412809880.0000
2174489717773000,0.9656674206,-77310095781177.0000
653687674319340,0.2902956428,653687674319340.0000
404966924363030,0.1798414415,404966924363030.0000
1414704606386463,0.6282550509,-837095207167714.0000
1104731493937963,0.4905993363,1104731493937963.0000
1238477223868882,0.5499943718,-1013322589685295.0000
41750441135774,0.0185409204,41750441135774.0000
1399872053516689,0.6216680742,-851927760037488.0000
920919778561756,0.4089705368,920919778561756.0000
1845828752064886,0.8197126321,-405971061489291.0000
776897841179074,0.3450119484,776897841179074.0000
1566012653450406,0.6954493219,-685787160103771.0000
926697988823341,0.4115365777,926697988823341.0000
2024357423029803,0.8989952885,-227442390524374.0000
1984633179409033,0.8813541805,-267166634145144.0000
1730310430503717,0.7684121919,-521489383050460.0000
926622831429545,0.4115032011,926622831429545.0000
1331987007112512,0.5915210576,-919812806441665.0000
2195633545883254,0.9750571666,-56166267670923.0000
172916050216276,0.0767901521,172916050216276.0000
535788129371162,0.2379377270,535788129371162.0000
267995202789804,0.1190137779,267995202789804.0000
222844218103764,0.0989627127,222844218103764.0000
1845726706011077,0.8196673145,-406073107543100.0000
1339004131475013,0.5946372868,-912795682079164.0000
1684765773082958,0.7481863010,-567034040471219.0000
494003784451478,0.2193817503,494003784451478.0000
481894759210900,0.2140042629,481894759210900.0000
1317143930517519,0.5849294074,-934655883036658.0000
929183312405789,0.4126402830,929183312405789.0000
1740070833486652,0.7727466816,-511728980067525.0000
1767206768109840,0.7847974573,-484593045444337.0000
1253104631452273,0.5564902457,-998695182101904.0000
63105433680313,0.0280244422,63105433680313.0000
2185875601628040,0.9707237688,-65924211926137.0000
884160437720572,0.3926461102,884160437720572.0000
1618171438617630,0.7186124756,-633628374936547.0000
2121874621416402,0.9423016241,-129925192137775.0000
1763001220036850,0.7829298188,-488798593517327.0000
1016148021810210,0.4512603721,1016148021810210.0000
1346045984613769,0.5977644978,-905753828940408.0000
524577813379226,0.2329593467,524577813379226.0000
1743688255037706,0.7743531394,-508111558516471.0000
940830131022798,0.4178125095,940830131022798.0000
171848891992765,0.0763162387,171848891992765.0000
1201244790668977,0.5334598500,-1050555022885200.0000
1626752969173900,0.7224234407,-625046844380277.0000
1905043343489449,0.8460091932,-346756470064728.0000
1268422586166112,0.5632927841,-983377227388065.0000
249854079681059,0.1109575008,249854079681059.0000
1984578265925150,0.8813297941,-267221547629027.0000
1934551329479018,0.8591133714,-317248484075159.0000
1912634489269314,0.8493803391,-339165324284863.0000
784748789610359,0.3484984699,784748789610359.0000
1457673211062027,0.6473369446,-794126602492150.0000
1167686852656632,0.5185571318,-1084112960897545.0000
1616778418970231,0.7179938506,-635021394583946.0000
1832965238232973,0.8140000844,-418834575321204.0000
2091068419217030,0.9286209221,-160731394337147.0000
1168680213617279,0.5189982727,-1083119599936898.0000
1168818633826826,0.5190597436,-1082981179727351.0000
691129741821512,0.3069232610,691129741821512.0000
677650119157969,0.3009371060,677650119157969.0000
40656620846812,0.0180551666,40656620846812.0000
485503796718990,0.2156069975,485503796718990.0000
1482090135362147,0.6581802372,-769709678192030.0000
1081071451773057,0.4800921668,1081071451773057.0000
2125966415290363,0.9441187456,-125833398263814.0000
1357635389139062,0.6029112273,-894164424415115.0000
2012793927440565,0.8938600649,-239005886113612.0000
624862238184597,0.2774945776,624862238184597.0000
661389293680474,0.2937158489,661389293680474.0000
1135049567890796,0.5040632658,-1116750245663381.0000
170035866755743,0.0755110937,170035866755743.0000
1831985222768800,0.8135648701,-419814590785377.0000
1476906681905763,0.6558783214,-774893131648414.0000
1041252463585570,0.4624089838,1041252463585570.0000
1733292664754535,0.7697365700,-518507148799642.0000
1769736757392004,0.7859209983,-482063056162173.0000
1046884794733245,0.4649102413,1046884794733245.0000
850988973391328,0.3779150208,850988973391328.0000
749783419756445,0.3329707265,749783419756445.0000
1379999112781229,0.6128427156,-871800700772948.0000
1890987853775448,0.8397673019,-360811959778729.0000
2126688004867398,0.9444391957,-125111808686779.0000
2209083068995761,0.9810299547,-42716744558416.0000
1469001502745001,0.6523677167,-782798310809176.0000
348753755590714,0.1548777798,348753755590714.0000
775556623265013,0.3444163280,775556623265013.0000
566355217484916,0.2515122410,566355217484916.0000
1640897092588069,0.7287046933,-610902720966108.0000
1476486879542588,0.6556918917,-775312934011589.0000
2181868568778791,0.9689442888,-69931244775386.0000
1203855548721076,0.5346192594,-1047944264833101.0000
1425133069705974,0.6328862189,-826666743848203.0000
1803268100343318,0.8008119059,-448531713210859.0000
1503704463087987,0.6677789269,-748095350466190.0000
6086791366704,0.0027030784,6086791366704.0000
185622238789234,0.0824328334,185622238789234.0000
1565122838066881,0.6950541645,-686676975487296.0000
1454013293978531,0.6457116149,-797786519575646.0000
1116643222341188,0.4958892063,1116643222341188.0000
1227352371788867,0.5450539450,-1024447441765310.0000
1477388730023771,0.6560923938,-774411083530406.0000
3455073286968,0.0015343608,3455073286968.0000
1801745172347233,0.8001355900,-450054641206944.0000
888872429336256,0.3947386548,888872429336256.0000
1186271353498832,0.5268103081,-1065528460055345.0000
67065938943880,0.0297832598,67065938943880.0000
520805247185402,0.2312839907,520805247185402.0000
961020388222553,0.4267787849,961020388222553.0000
723842917108990,0.3214508291,723842917108990.0000
2073224832503765,0.9206967778,-178574981050412.0000
1380876731468180,0.6132324566,-870923082085997.0000
879892970014368,0.3907509738,879892970014368.0000
490048985788481,0.2176254669,490048985788481.0000
1384960908355208,0.6150461955,-866838905198969.0000
883416424556797,0.3923157020,883416424556797.0000
2225795404337985,0.9884517225,-26004409216192.0000
1110822283653668,0.4933041903,1110822283653668.0000
317611286359656,0.1410477452,317611286359656.0000
330545987167687,0.1467919063,330545987167687.0000
1543027048394507,0.6852416627,-708772765159670.0000
487054475087402,0.2162956370,487054475087402.0000
1640086521966457,0.7283447277,-611713291587720.0000
1279790884981237,0.5683413229,-972008928572940.0000
750566201267914,0.3333183513,750566201267914.0000
1246071530307054,0.5533669213,-1005728283247123.0000
2134223714020394,0.9477857229,-117576099533783.0000
2008557293801261,0.8919786216,-243242519752916.0000
477253756836284,0.2119432438,477253756836284.0000
1363463754025182,0.6054995412,-888336059528995.0000
1987100034719391,0.8824496844,-264699778834786.0000
562842813221402,0.2499524202,562842813221402.0000
326105234734328,0.1448198160,326105234734328.0000
807126313155869,0.3584360867,807126313155869.0000
2222093101809397,0.9868075699,-29706711744780.0000
233059067595195,0.1034990172,233059067595195.0000
807637462802287,0.3586630827,807637462802287.0000
1009622943087018,0.4483626551,1009622943087018.0000
1948772637826087,0.8654289010,-303027175728090.0000
411643162374795,0.1828062867,411643162374795.0000
1930742565749422,0.8574219405,-321057247804755.0000
1369943011957651,0.6083769098,-881856801596526.0000
959637700398137,0.4261647481,959637700398137.0000
943293626258410,0.4189065212,943293626258410.0000
134863787847650,0.0598915530,134863787847650.0000
25666956396756,0.0113984184,25666956396756.0000
2234676991182783,0.9923959393,-17122822371394.0000
116311996144858,0.0516529025,116311996144858.0000
1066260221225925,0.4735146592,1066260221225925.0000
2025260111235492,0.8993961626,-226539702318685.0000
1578898198282741,0.7011716533,-672901615271436.0000
652556902538315,0.2897934792,652556902538315.0000
41589736687189,0.0184695533,41589736687189.0000
1976730257349103,0.8778445781,-275069556205074.0000
185122173860041,0.0822107599,185122173860041.0000
968334333187657,0.4300268289,968334333187657.0000
1756564685219565,0.7800714232,-495235128334612.0000
1288053003120534,0.5720104404,-963746810433643.0000
661580332751659,0.2938006872,661580332751659.0000
708716206441663,0.3147332201,708716206441663.0000
1135834401040990,0.5044118017,-1115965412513187.0000
15386198367053,0.0068328447,15386198367053.0000
892498159582053,0.3963488025,892498159582053.0000
734858458246104,0.3263427121,734858458246104.0000
1451331002611599,0.6445204382,-800468810942578.0000
324098983650021,0.1439288616,324098983650021.0000
1291277373453412,0.5734423485,-960522440100765.0000
2059650886656582,0.9146687349,-192148926897595.0000
948924840886167,0.4214072828,948924840886167.0000
1768748231822686,0.7854820047,-483051581731491.0000
1264800750470639,0.5616843659,-986999063083538.0000
28216920151525,0.0125308298,28216920151525.0000
1192204927773625,0.5294453444,-1059594885780552.0000
1063025747468424,0.4720782643,1063025747468424.0000
1469988252360112,0.6528059215,-781811561194065.0000
766609664549317,0.3404430802,766609664549317.0000
1996714251967922,0.8867192545,-255085561586255.0000
1864786921329305,0.8281317505,-387012892224872.0000
368643646865187,0.1637106659,368643646865187.0000
2008800930089308,0.8920868178,-242998883464869.0000
216865173208983,0.0963074834,216865173208983.0000
1270170792632456,0.5640691437,-981629020921721.0000
831900641774599,0.3694380987,831900641774599.0000
1205079005807523,0.5351625835,-1046720807746654.0000
1195980612382055,0.5311220852,-1055819201172122.0000
2039811743220439,0.9058583853,-211988070333738.0000
533569476115158,0.2369524471,533569476115158.0000
1277797513424,0.0005674561,1277797513424.0000
1984915559558479,0.8814795825,-266884253995698.0000
1282771015446,0.0005696648,1282771015446.0000
201724520519272,0.0895836829,201724520519272.0000
1686524221902561,0.7489672091,-565275591651616.0000
1410780028152938,0.6265121880,-841019785401239.0000
1964789171258485,0.8725416706,-287010642295692.0000
309085811734589,0.1372616739,309085811734589.0000
1688529799529366,0.7498578645,-563270014024811.0000
1150306067444542,0.5108385126,-1101493746109635.0000
942049732948998,0.4183541216,942049732948998.0000
701805700347567,0.3116643390,701805700347567.0000
1375726522959146,0.6109453046,-876073290595031.0000
1726731718405337,0.7668229245,-525068095148840.0000
1317275494727185,0.5849878336,-934524318826992.0000
546622494126926,0.2427491515,546622494126926.0000
45222923878880,0.0200830125,45222923878880.0000
1378457814790057,0.6121582418,-873341998764120.0000
632446766277244,0.2808627847,632446766277244.0000
11891318143248,0.0052808061,11891318143248.0000
864110048303757,0.3837419486,864110048303757.0000
1596149032852934,0.7088325628,-655650780701243.0000
19152899560004,0.0085055960,19152899560004.0000
1755261619649972,0.7794927458,-496538193904205.0000
1833135340552607,0.8140756250,-418664473001570.0000
2067341500329854,0.9180840534,-184458313224323.0000
1031868720467812,0.4582417648,1031868720467812.0000
1743065177661482,0.7740764375,-508734635892695.0000
2032177072605324,0.9024679105,-219622740948853.0000
1673767067241426,0.7433018944,-578032746312751.0000
2128948822060196,0.9454432003,-122850991493981.0000
512852431099544,0.2277522309,512852431099544.0000
540800022895467,0.2401634549,540800022895467.0000
260174046165632,0.1155404866,260174046165632.0000
774645914341511,0.3440118920,774645914341511.0000
2123930229777876,0.9432144976,-127869583776301.0000
1331263710603986,0.5911998494,-920536102950191.0000
1931623536998115,0.8578131703,-320176276556062.0000
1962396651326319,0.8714791784,-289403162227858.0000
678097138590426,0.3011356225,678097138590426.0000
1552471246870688,0.6894357294,-699328566683489.0000
1429526005489826,0.6348370743,-822273808064351.0000
1670961212656462,0.7420558447,-580838600897715.0000
2121414098594216,0.9420971109,-130385714959961.0000
2100085861017008,0.9326254707,-151713952537169.0000
1955366495375649,0.8683571619,-296433318178528.0000
178510269961128,0.0792744847,178510269961128.0000
662874789765297,0.2943755416,662874789765297.0000
953879159127810,0.4236074421,953879159127810.0000
1892303423863919,0.8403515323,-359496389690258.0000
1033605056990261,0.4590128531,1033605056990261.0000
1856970718881595,0.8246606593,-394829094672582.0000
766804506649629,0.3405296075,766804506649629.0000
793343121635875,0.3523151200,793343121635875.0000
1509642756275651,0.6704160588,-742157057278526.0000
2198705243459225,0.9764212743,-53094570094952.0000
1619498761639115,0.7192019255,-632301051915062.0000
1052417505638892,0.4673672585,1052417505638892.0000
1156713607387802,0.5136840320,-1095086206166375.0000
1860243935231877,0.8261142594,-391555878322300.0000
540319374531693,0.2399500041,540319374531693.0000
1193978670711414,0.5302330445,-1057821142842763.0000
1428160152087084,0.6342305135,-823639661467093.0000
531647585048510,0.2360989560,531647585048510.0000
1522448932956942,0.6761031437,-729350880597235.0000
130556698074325,0.0579788209,130556698074325.0000
1074621598128069,0.4772278564,1074621598128069.0000
282681705328432,0.1255358952,282681705328432.0000
1268670135703068,0.5634027182,-983129677851109.0000
2232621327893226,0.9914830415,-19178485660951.0000
1080890360488400,0.4800117462,1080890360488400.0000
2161538309350556,0.9599158399,-90261504203621.0000
1219987688722637,0.5417833687,-1031812124831540.0000
984635761434976,0.4372661173,984635761434976.0000
413811799479279,0.1837693551,413811799479279.0000
648681491783744,0.2880724511,648681491783744.0000
1858673092711961,0.8254166652,-393126720842216.0000
1621269847994023,0.7199884458,-630529965560154.0000
1637489069199404,0.7271912269,-614310744354773.0000
1292174442843143,0.5738407273,-959625370711034.0000
251638844914998,0.1117500958,251638844914998.0000
869461948337167,0.3861186697,869461948337167.0000
92077956463435,0.0408908269,92077956463435.0000
764172434848759,0.3393607328,764172434848759.0000
1282155924095324,0.5693916113,-969643889458853.0000
2127727017014449,0.9449006098,-124072796539728.0000
1898241577066370,0.8429886021,-353558236487807.0000
2142960546941361,0.9516656561,-108839266612816.0000
1821213072250775,0.8087810743,-430586741303402.0000
1578822975383220,0.7011382477,-672976838170957.0000
2079749208081280,0.9235941826,-172050605472897.0000
198041084268073,0.0879479086,198041084268073.0000
93286099380524,0.0414273502,93286099380524.0000
1084266089460977,0.4815108710,1084266089460977.0000
2063241936732189,0.9162634815,-188557876821988.0000
445028494921742,0.1976323527,445028494921742.0000
720586847360855,0.3200048437,720586847360855.0000
915261311703798,0.4064576727,915261311703798.0000
1110070786763397,0.4929704586,1110070786763397.0000
1296603598439513,0.5758076676,-955196215114664.0000
438118838608908,0.1945638489,438118838608908.0000
1541686848152763,0.6846464943,-710112965401414.0000
1070136418883606,0.4752360367,1070136418883606.0000
2229269340646141,0.9899944601,-22530472908036.0000
1149722069508715,0.5105791654,-1102077744045462.0000
747868908971126,0.3321205129,747868908971126.0000
939075459460499,0.4170332788,939075459460499.0000
2191322479976318,0.9731426687,-60477333577859.0000
2183863395226709,0.9698301697,-67936418327468.0000
1991301981886590,0.8843157238,-260497831667587.0000
1316040181519904,0.5844392444,-935759632034273.0000
2185215574863626,0.9704306580,-66584238690551.0000
1734238225486975,0.7701564833,-517561588067202.0000
908095987466021,0.4032756296,908095987466021.0000
2058345303293865,0.9140889394,-193454510260312.0000
2176864826889581,0.9667221810,-74934986664596.0000
2052881430703104,0.9116624925,-198918382851073.0000
1900049922780336,0.8437916689,-351749890773841.0000
288993768396634,0.1283390143,288993768396634.0000
594654374234854,0.2640795912,594654374234854.0000
1686102739130691,0.7487800332,-565697074423486.0000
521637085532007,0.2316534012,521637085532007.0000
1399836791422637,0.6216524147,-851963022131540.0000
851815463850261,0.3782820563,851815463850261.0000
37868339489890,0.0168169210,37868339489890.0000
1693472507105642,0.7520528676,-558327306448535.0000
2207238083070638,0.9802106163,-44561730483539.0000
858368392604882,0.3811921413,858368392604882.0000
335300025624802,0.1489031235,335300025624802.0000
822328356637581,0.3651871502,822328356637581.0000
1405343663239639,0.6240979570,-846456150314538.0000
216714328470915,0.0962404949,216714328470915.0000
444568405480879,0.1974280319,444568405480879.0000
1171854592211518,0.5204079799,-1079945221342659.0000
1971854198579250,0.8756791730,-279945614974927.0000
63966168505125,0.0284066852,63966168505125.0000
1310745971073705,0.5820881426,-941053842480472.0000
762977886307654,0.3388302467,762977886307654.0000
1520243782244595,0.6751238601,-731556031309582.0000
851805926263136,0.3782778208,851805926263136.0000
1028050986066335,0.4565463501,1028050986066335.0000
386347173635875,0.1715726111,386347173635875.0000
952403945002338,0.4229523154,952403945002338.0000
132412791271448,0.0588030919,132412791271448.0000
2018555090263801,0.8964185351,-233244723290376.0000
2170428117318633,0.9638637077,-81371696235544.0000
1107763647831529,0.4919458831,1107763647831529.0000
230142314663772,0.1022037187,230142314663772.0000
947682257471444,0.4208554649,947682257471444.0000
1725967727334554,0.7664836443,-525832086219623.0000
1849621816143989,0.8213970909,-402177997410188.0000
13668718842214,0.0060701306,13668718842214.0000
1940003519078521,0.8615346299,-311796294475656.0000
1815903750722620,0.8064232619,-435896062831557.0000
17622342948730,0.0078258924,17622342948730.0000
349899793193634,0.1553867227,349899793193634.0000
1544385155228042,0.6858447833,-707414658326135.0000
274285135264918,0.1218070690,274285135264918.0000
541903520944704,0.2406535064,541903520944704.0000
1103863234974253,0.4902137518,1103863234974253.0000
1689528584737979,0.7503014143,-562271228816198.0000
1138781457666744,0.5057205578,-1113018355887433.0000
22796738220413,0.0101237855,22796738220413.0000
952651008931097,0.4230620338,952651008931097.0000
733016299374542,0.3255246292,733016299374542.0000
1027188188132778,0.4561631909,1027188188132778.0000
927356985725764,0.4118292311,927356985725764.0000
1323132460172396,0.5875888488,-928667353381781.0000
626361672300122,0.2781604601,626361672300122.0000
1496890190552234,0.6647527820,-754909623001943.0000
869117528227143,0.3859657164,869117528227143.0000
2062377528297123,0.9158796070,-189422285257054.0000
818479986667402,0.3634781306,818479986667402.0000
1094331068469940,0.4859806195,1094331068469940.0000
225351547679048,0.1000761908,225351547679048.0000
599657465406263,0.2663014100,599657465406263.0000
1610040325634520,0.7150015361,-641759487919657.0000
118401844542081,0.0525809816,118401844542081.0000
549778422853409,0.2441506654,549778422853409.0000
790912149520247,0.3512355516,790912149520247.0000
1017008358499913,0.4516424384,1017008358499913.0000
95117060118313,0.0422404601,95117060118313.0000
2020102947102282,0.8971059216,-231696866451895.0000
687538110378882,0.3053282562,687538110378882.0000
1810143753777606,0.8038653094,-441656059776571.0000
36598757716273,0.0162531134,36598757716273.0000
1064703200436384,0.4728232030,1064703200436384.0000
1713475043076395,0.7609357780,-538324770477782.0000
1600045079333695,0.7105627550,-651754734220482.0000
514635692139308,0.2285441579,514635692139308.0000
2234054131602982,0.9921193341,-17745681951195.0000
2021356653323710,0.8976626791,-230443160230467.0000
2070780483897594,0.9196112689,-181019329656583.0000
1340952721004300,0.5955026344,-910847092549877.0000
1202499177690272,0.5340169097,-1049300635863905.0000
1338766934781220,0.5945319503,-913032878772957.0000
1840082659980698,0.8171608546,-411717153573479.0000
516912254044085,0.2295551545,516912254044085.0000
1823259962771545,0.8096900763,-428539850782632.0000
1943312116934876,0.8630039426,-308487696619301.0000
290729208428609,0.1291097045,290729208428609.0000
1276049653143879,0.5666798822,-975750160410298.0000
1567046691708308,0.6959085272,-684753121845869.0000
2224082914370942,0.9876912241,-27716899183235.0000
1852705131680957,0.8227663581,-399094681873220.0000
1268876564025492,0.5634943907,-982923249528685.0000
1432229293500937,0.6360375753,-819570520053240.0000
2203562877329531,0.9785784971,-48236936224646.0000
1967128100466841,0.8735803639,-284671713087336.0000
734252725927437,0.3260737129,734252725927437.0000
750738936129764,0.3333950610,750738936129764.0000
626649909198548,0.2782884630,626649909198548.0000
1841568762237381,0.8178208166,-410231051316796.0000
916474364952821,0.4069963766,916474364952821.0000
2186499099310715,0.9710006574,-65300714243462.0000
683526864834195,0.3035469053,683526864834195.0000
592035821414696,0.2629167202,592035821414696.0000
2035049548242743,0.9037435459,-216750265311434.0000
519940720573610,0.2309000638,519940720573610.0000
1036753858445312,0.4604112018,1036753858445312.0000
1717115472722045,0.7625524535,-534684340832132.0000
62389418070986,0.0277064674,62389418070986.0000
2006422334059156,0.8910305090,-245377479495021.0000
357162540207019,0.1586120303,357162540207019.0000
2112542685699254,0.9381574121,-139257127854923.0000
966443217878262,0.4291870050,966443217878262.0000
857866200694495,0.3809691232,857866200694495.0000
1337985406399813,0.5941848820,-913814407154364.0000
1932038371094615,0.8579973937,-319761442459562.0000
1839342573825605,0.8168321903,-412457239728572.0000
1161536768601922,0.5158259458,-1090263044952255.0000
614742920806094,0.2730006980,614742920806094.0000
447129554136656,0.1985654104,447129554136656.0000
147954657901691,0.0657050671,147954657901691.0000
1387404726168265,0.6161314686,-864395087385912.0000
854378852446054,0.3794204295,854378852446054.0000
1681726226254277,0.7468364710,-570073587299900.0000
325446570217413,0.1445273102,325446570217413.0000
2217115405822389,0.9845970288,-34684407731788.0000
61091557098189,0.0271301013,61091557098189.0000
963631305682398,0.4279382652,963631305682398.0000
1670647003199977,0.7419163076,-581152810354200.0000
1785024044251061,0.7927099174,-466775769303116.0000
1704133909766714,0.7567874815,-547665903787463.0000
925966825266293,0.4112118758,925966825266293.0000
937103938354878,0.4161577476,937103938354878.0000
617682403048212,0.2743060903,617682403048212.0000
2037035795897851,0.9046256171,-214764017656326.0000
199867324018750,0.0887589220,199867324018750.0000
233267944326139,0.1035917771,233267944326139.0000
1247179608818832,0.5538590071,-1004620204735345.0000
64134811379927,0.0284815777,64134811379927.0000
835406531278735,0.3709950264,835406531278735.0000
1779779171939386,0.7903807262,-472020641614791.0000
1422040691297750,0.6315129270,-829759122256427.0000
985808643630738,0.4377869816,985808643630738.0000
108837716430900,0.0483336555,108837716430900.0000
1470955500114381,0.6532354658,-780844313439796.0000
548743667131466,0.2436911416,548743667131466.0000
2117777043705415,0.9404819340,-134022769848762.0000
1989233329547967,0.8833970576,-262566484006210.0000
2032450573569204,0.9025893693,-219349239984973.0000
904967670807397,0.4018863779,904967670807397.0000
1156521507325315,0.5135987224,-1095278306228862.0000
440242001712729,0.1955067227,440242001712729.0000
1725523242904073,0.7662862536,-526276570650104.0000
1119473699939728,0.4971461909,1119473699939728.0000
876529437705728,0.3892572654,876529437705728.0000
449519977292197,0.1996269715,449519977292197.0000
1816616283075228,0.8067396898,-435183530478949.0000
1576849906813763,0.7002620292,-674949906740414.0000
358263858368730,0.1591011138,358263858368730.0000
2036661984904543,0.9044596117,-215137828649634.0000
1383945242106613,0.6145951491,-867854571447564.0000
353303599280596,0.1568983163,353303599280596.0000
531554162590161,0.2360574681,531554162590161.0000
786483372181483,0.3492687793,786483372181483.0000
430573483058751,0.1912130379,430573483058751.0000
1652097806138642,0.7336788094,-599702007415535.0000
1376598438220637,0.6113325127,-875201375333540.0000
1073790102238471,0.4768585981,1073790102238471.0000
1508911016419874,0.6700911011,-742888797134303.0000
2196940474183849,0.9756375593,-54859339370328.0000
128003615279962,0.0568450244,128003615279962.0000
2097539539346197,0.9314946767,-154260274207980.0000
187931221692915,0.0834582278,187931221692915.0000
2172440639847525,0.9647574473,-79359173706652.0000
1116141337735097,0.4956663248,1116141337735097.0000
1416718230615851,0.6291492797,-835081582938326.0000
1436193893378883,0.6377982113,-815605920175294.0000
1998827541130028,0.8876577434,-252972272424149.0000
325246470498326,0.1444384481,325246470498326.0000
2176910146538976,0.9667423069,-74889667015201.0000
1493969580610009,0.6634557706,-757830232944168.0000
1229140551841204,0.5458480565,-1022659261712973.0000
837075087245016,0.3717360141,837075087245016.0000
857878121215839,0.3809744170,857878121215839.0000
1595523911789836,0.7085549533,-656275901764341.0000
868946665211373,0.3858898380,868946665211373.0000
1992381826296293,0.8847952710,-259417987257884.0000
1164531988168759,0.5171560905,-1087267825385418.0000
1734511194035194,0.7702777057,-517288619518983.0000
2027295609111533,0.9003001052,-224504204442644.0000
2159149255379685,0.9588548868,-92650558174492.0000
1405980990342914,0.6243809871,-845818823211263.0000
559207656316894,0.2483380863,559207656316894.0000
315032250649365,0.1399024233,315032250649365.0000
892615013602948,0.3964006961,892615013602948.0000
1360587455147880,0.6042222079,-891212358406297.0000
2126907487814903,0.9445366657,-124892325739274.0000
705345793566909,0.3132364562,705345793566909.0000
157916490475502,0.0701290095,157916490475502.0000
1318593576361868,0.5855731795,-933206237192309.0000
57949137737784,0.0257345868,57949137737784.0000
697270572359792,0.3096503375,697270572359792.0000
954762801725391,0.4239998582,954762801725391.0000
1087625701878877,0.4830028386,1087625701878877.0000
395918916356673,0.1758233187,395918916356673.0000
95421559759514,0.0423756851,95421559759514.0000
1427403457808062,0.6338944738,-824396355746115.0000
324410212408,0.0001440671,324410212408.0000
272648418028401,0.1210802205,272648418028401.0000
17677796337240,0.0078505186,17677796337240.0000
1359376448726936,0.6036844130,-892423364827241.0000
2100296559702634,0.9327190397,-151503253851543.0000
125021118250285,0.0555205296,125021118250285.0000
398105751246254,0.1767944685,398105751246254.0000
578944965468928,0.2571032123,578944965468928.0000
2093305684267611,0.9296144674,-158494129286566.0000
1269766728594653,0.5638897032,-982033084959524.0000
2009745468831222,0.8925062773,-242054344722955.0000
903661318966505,0.4013062411,903661318966505.0000
851369887004101,0.3780841804,851369887004101.0000
1962645574091825,0.8715897223,-289154239462352.0000
1937444996203395,0.8603984175,-314354817350782.0000
80475878222171,0.0357384692,80475878222171.0000
406442785319364,0.1804968554,406442785319364.0000
1380548477135875,0.6130866824,-871251336418302.0000
638126002700608,0.2833848723,638126002700608.0000
925663799004187,0.4110773051,925663799004187.0000
2185269369128281,0.9704545475,-66530444425896.0000
813406248719391,0.3612249383,813406248719391.0000
1769871471708829,0.7859808235,-481928341845348.0000
352254742887590,0.1564325304,352254742887590.0000
2196657955284904,0.9755120957,-55141858269273.0000
1044521206135464,0.4638605971,1044521206135464.0000
1983274245442454,0.8807506926,-268525568111723.0000
1816768656334485,0.8068073571,-435031157219692.0000
92862850235807,0.0412393898,92862850235807.0000
135224040500439,0.0600515373,135224040500439.0000
1942906355688220,0.8628237484,-308893457865957.0000
1699675765032914,0.7548076675,-552124048521263.0000
33736460428581,0.0149819981,33736460428581.0000
1783123121508223,0.7918657381,-468676692045954.0000
1749667268546122,0.7770083548,-502132545008055.0000
1724375236059204,0.7657764361,-527424577494973.0000
106159277201901,0.0471441895,106159277201901.0000
1097373771707778,0.4873318512,1097373771707778.0000
1837713368667362,0.8161086779,-414086444886815.0000
650960037612258,0.2890843288,650960037612258.0000
1463813151309229,0.6500636258,-787986662244948.0000
898168696234182,0.3988670266,898168696234182.0000
1098149759535339,0.4876764590,1098149759535339.0000
187299100647945,0.0831775096,187299100647945.0000
999564644984553,0.4438958734,999564644984553.0000
2126054960179999,0.9441580674,-125744853374178.0000
555632792584086,0.2467505278,555632792584086.0000
2113412157028342,0.9385435350,-138387656525835.0000
261328505704909,0.1160531696,261328505704909.0000
1376332510905161,0.6112144173,-875467302649016.0000
605352594631983,0.2688305554,605352594631983.0000
590872464748873,0.2624000860,590872464748873.0000
1814306956408944,0.8057141427,-437492857145233.0000
1684223484431886,0.7479454765,-567576329122291.0000
280532857293014,0.1245816149,280532857293014.0000
1874777730918152,0.8325685612,-377022082636025.0000
514444256840944,0.2284591435,514444256840944.0000
2202514268854530,0.9781128214,-49285544699647.0000
1489277047196363,0.6613718672,-762522766357814.0000
1982448053376412,0.8803837896,-269351760177765.0000
402076149128936,0.1785576794,402076149128936.0000
785370052835784,0.3487743662,785370052835784.0000
593113119903882,0.2633951368,593113119903882.0000
553085826194869,0.2456194475,553085826194869.0000
1499010537473270,0.6656944052,-752789276080907.0000
908784823761393,0.4035815343,908784823761393.0000
1006252561493750,0.4468659050,1006252561493750.0000
895507624908639,0.3976852736,895507624908639.0000
749265139830369,0.3327405639,749265139830369.0000
869583858768321,0.3861728088,869583858768321.0000
466832618148059,0.2073153285,466832618148059.0000
1278593166280326,0.5678094290,-973206647273851.0000
1263191367237922,0.5609696562,-988608446316255.0000
1422929709909855,0.6319077306,-828870103644322.0000
2231523375909352,0.9909954528,-20276437644825.0000
739427145991515,0.3283716170,739427145991515.0000
125514568186203,0.0557396654,125514568186203.0000
545439654345796,0.2422238651,545439654345796.0000
1387045777686549,0.6159720635,-864754035867628.0000
142566005571596,0.0633120248,142566005571596.0000
1213053838078709,0.5387041205,-1038745975475468.0000
652938170270275,0.2899627961,652938170270275.0000
114105377685103,0.0506729670,114105377685103.0000
1091119102496505,0.4845542201,1091119102496505.0000
647306200643586,0.2874616992,647306200643586.0000
829680653790495,0.3684522260,829680653790495.0000
1683185130713527,0.7474843548,-568614682840650.0000
1720466068937092,0.7640404172,-531333744617085.0000
509567867209291,0.2262935915,509567867209291.0000
1535024748331830,0.6816879276,-716775065222347.0000
256908317540786,0.1140902117,256908317540786.0000
120868468970987,0.0536763829,120868468970987.0000
1519528738772935,0.6748063170,-732271074781242.0000
612278027385378,0.2719060654,612278027385378.0000
1293657254391598,0.5744992280,-958142559162579.0000
402468736416597,0.1787320232,402468736416597.0000
988912732738795,0.4391654741,988912732738795.0000
630788007458214,0.2801261478,630788007458214.0000
671291289516655,0.2981132184,671291289516655.0000
444808423648409,0.1975346214,444808423648409.0000
1976646007605220,0.8778071637,-275153805948957.0000
1003090241432841,0.4454615528,1003090241432841.0000
2184517628226979,0.9701207075,-67282185327198.0000
1026703076858688,0.4559477582,1026703076858688.0000
1419114884434231,0.6302136078,-832684929119946.0000
895114131849289,0.3975105276,895114131849289.0000
546903848775890,0.2428740981,546903848775890.0000
557065003479236,0.2473865572,557065003479236.0000
1217785378928148,0.5408053467,-1034014434626029.0000
1754279715046005,0.7790566926,-497520098508172.0000
1669454897851801,0.7413869065,-582344915702376.0000
1734032208957035,0.7700649936,-517767604597142.0000
1077137197826547,0.4783450071,1077137197826547.0000
2149882649984122,0.9547396874,-101917163570055.0000
344517057831121,0.1529963080,344517057831121.0000
1232318446711882,0.5472593253,-1019481366842295.0000
82126265299606,0.0364713883,82126265299606.0000
1304767962572207,0.5794333736,-947031850981970.0000
2126163885847775,0.9442064401,-125635927706402.0000
2217982431495734,0.9849820655,-33817382058443.0000
674311618341366,0.2994545138,674311618341366.0000
1791225547756863,0.7954639382,-460574265797314.0000
1057688780261747,0.4697081747,1057688780261747.0000
227233947110528,0.1009121440,227233947110528.0000
204582051995194,0.0908526818,204582051995194.0000
1554232552968348,0.6902179064,-697567260585829.0000
1151058014793697,0.5111724443,-1100741798760480.0000
1000762240213780,0.4444277125,1000762240213780.0000
1614354165992187,0.7169172660,-637445647561990.0000
643400421804735,0.2857271850,643400421804735.0000
295954359198073,0.1314301375,295954359198073.0000
1069791413458289,0.4750828235,1069791413458289.0000
1550448343899209,0.6885373800,-701351469654968.0000
516626059608579,0.2294280586,516626059608579.0000
2239864302083602,0.9946995681,-11935511470575.0000
1971366666424722,0.8754626653,-280433147129455.0000
1070773059759117,0.4755187621,1070773059759117.0000
461069556988908,0.2047560153,461069556988908.0000
498565098095885,0.2214073805,498565098095885.0000
1268235268557702,0.5632095984,-983564544996475.0000
808483199382112,0.3590386652,808483199382112.0000
1714453061155419,0.7613701053,-537346752398758.0000
783580423880098,0.3479796113,783580423880098.0000
395185476824004,0.1754976062,395185476824004.0000
1931316684166280,0.8576769003,-320483129387897.0000
749096530501684,0.3326656864,749096530501684.0000
1090736986423729,0.4843845265,1090736986423729.0000
2115796094415723,0.9396022158,-136003719138454.0000
1451046024721787,0.6443938826,-800753788832390.0000
736599185888668,0.3271157505,736599185888668.0000
11315141953758,0.0050249324,11315141953758.0000
611331449141301,0.2714857002,611331449141301.0000
1351612255897424,0.6002364188,-900187557656753.0000
1725255573044380,0.7661673843,-526544240509797.0000
1115749007304652,0.4954920951,1115749007304652.0000
94920188298566,0.0421530314,94920188298566.0000
2156137929174147,0.9575175894,-95661884380030.0000
1394562808065773,0.6193102956,-857237005488404.0000
2239619264986571,0.9945907498,-12180548567606.0000
664739975454092,0.2952038505,664739975454092.0000
430236621732500,0.1910634414,430236621732500.0000
1379576841834397,0.6126551897,-872222971719780.0000
2030586342872704,0.9017614846,-221213470681473.0000
1809115495615347,0.8034086710,-442684317938830.0000
483175676809857,0.2145731045,483175676809857.0000
436590745292747,0.1938852391,436590745292747.0000
936652278576791,0.4159571703,936652278576791.0000
752016025090342,0.3339622024,752016025090342.0000
394305729793016,0.1751069200,394305729793016.0000
459930163604162,0.2042500230,459930163604162.0000
1104011180288562,0.4902794527,1104011180288562.0000
373228960033035,0.1657469540,373228960033035.0000
1059077020858,0.0004703247,1059077020858.0000
401644054640291,0.1783657909,401644054640291.0000
200547967246875,0.0890611883,200547967246875.0000
885935444812950,0.3934343717,885935444812950.0000
1703379031792955,0.7564522483,-548420781761222.0000
946777786566678,0.4204537992,946777786566678.0000
114929528967949,0.0510389637,114929528967949.0000
725258196089333,0.3220793393,725258196089333.0000
1988081489269016,0.8828855377,-263718324285161.0000
711954626347185,0.3161713675,711954626347185.0000
1094114234965711,0.4858843261,1094114234965711.0000
1222060532303465,0.5427038962,-1029739281250712.0000
1406693691352467,0.6246974899,-845106122201710.0000
1021839979788338,0.4537881092,1021839979788338.0000
841140965582919,0.3735416268,841140965582919.0000
1679380575453016,0.7457947928,-572419238101161.0000
1636734481403275,0.7268561226,-615065332150902.0000
1492814372819834,0.6629427553,-758985440734343.0000
53812505695313,0.0238975531,53812505695313.0000
617666067631372,0.2742988359,617666067631372.0000
1437242023694823,0.6382636747,-814557789859354.0000
919776065353607,0.4084626261,919776065353607.0000
1502034316880968,0.6670372330,-749765496673209.0000
652029701165848,0.2895593548,652029701165848.0000
1441317204636719,0.6400734186,-810482608917458.0000
667922993595389,0.2966173945,667922993595389.0000
2035795321322237,0.9040747357,-216004492231940.0000
1005068382340905,0.4463400238,1005068382340905.0000
116697882446384,0.0518242704,116697882446384.0000
1872907757294652,0.8317381261,-378892056259525.0000
1897011432191183,0.8424423080,-354788381362994.0000
473492391989004,0.2102728622,473492391989004.0000
1565258557518859,0.6951144361,-686541256035318.0000
1614482427042686,0.7169742254,-637317386511491.0000
1973265673543778,0.8763059938,-278534140010399.0000
1143571151610872,0.5078476092,-1108228661943305.0000
442556304983170,0.1965344798,442556304983170.0000
274747754548168,0.1220125132,274747754548168.0000
1100302999942994,0.4886326899,1100302999942994.0000
1256445827669580,0.5579740349,-995353985884597.0000
2225427770139709,0.9882884601,-26372043414468.0000
115685742907014,0.0513747902,115685742907014.0000
2008359623691795,0.8918908384,-243440189862382.0000
275582006575484,0.1223829956,275582006575484.0000
630655058814594,0.2800671068,630655058814594.0000
1262011066069015,0.5604454972,-989788747485162.0000
1026237224171938,0.4557408780,1026237224171938.0000
510196458732683,0.2265727422,510196458732683.0000
1498570340373403,0.6654989184,-753229473180774.0000
855373178688272,0.3798619991,855373178688272.0000
1550519508173498,0.6885689833,-701280305380679.0000
513353526997946,0.2279747622,513353526997946.0000
54424587846964,0.0241693722,54424587846964.0000
404017486036785,0.1794198062,404017486036785.0000
1071787949619749,0.4759694637,1071787949619749.0000
807759200454895,0.3587171451,807759200454895.0000
2239898567943681,0.9947147852,-11901245610496.0000
684651337481941,0.3040462715,684651337481941.0000
550805356629850,0.2446067156,550805356629850.0000
333002023986276,0.1478826057,333002023986276.0000
1264032785841760,0.5613433211,-987767027712417.0000
855630680886033,0.3799763530,855630680886033.0000
858000675419013,0.3810288420,858000675419013.0000
2094215381037785,0.9300184539,-157584432516392.0000
359667794715490,0.1597245868,359667794715490.0000
1275371448110152,0.5663786987,-976428365444025.0000
1284708280821421,0.5705250854,-967091532732756.0000
1318131446247406,0.5853679525,-933668367306771.0000
1286796147264414,0.5714522843,-965003666289763.0000
1666720576471457,0.7401726239,-585079237082720.0000
345666396365837,0.1535067168,345666396365837.0000
140952231815924,0.0625953653,140952231815924.0000
1720289933775735,0.7639621974,-531509879778442.0000
129025398258974,0.0572987872,129025398258974.0000
1848015722185946,0.8206838419,-403784091368231.0000
1925267546862765,0.8549905437,-326532266691412.0000
416223401483516,0.1848403215,416223401483516.0000
2205492265442183,0.9794353175,-46307548111994.0000
48011062558747,0.0213211948,48011062558747.0000
1717394012908539,0.7626761502,-534405800645638.0000
740585473898245,0.3288860179,740585473898245.0000
666257729388539,0.2958778686,666257729388539.0000
1759216768073117,0.7812491845,-492583045481060.0000
546075549217350,0.2425062592,546075549217350.0000
1779563510670764,0.7902849534,-472236302883413.0000
1211902203356766,0.5381926919,-1039897610197411.0000
673811231125577,0.2992322972,673811231125577.0000
1990182473764869,0.8838185623,-261617339789308.0000
1110407641769474,0.4931200523,1110407641769474.0000
199142410511598,0.0884369957,199142410511598.0000
72073027827893,0.0320068540,72073027827893.0000
1548066155033132,0.6874794756,-703733658521045.0000
2172363127131915,0.9647230247,-79436686422262.0000
1925455442738612,0.8550739862,-326344370815565.0000
301129596325022,0.1337284045,301129596325022.0000
2179881694780038,0.9680619395,-71918118774139.0000
2115001256560285,0.9392492369,-136798556993892.0000
997224082252104,0.4428564548,997224082252104.0000
822789418042868,0.3653919026,822789418042868.0000
583068367760844,0.2589343707,583068367760844.0000
162137988689488,0.0720037313,162137988689488.0000
1941492427160468,0.8621958380,-310307386393709.0000
807567485344248,0.3586320065,807567485344248.0000
2139470798903484,0.9501158966,-112329014650693.0000
180731239168594,0.0802607932,180731239168594.0000
1861085414698780,0.8264879513,-390714398855397.0000
2221077094751904,0.9863563721,-30722718802273.0000
647735259286868,0.2876522395,647735259286868.0000
125336272459154,0.0556604862,125336272459154.0000
306842482784060,0.1362654357,306842482784060.0000
379970853692846,0.1687409562,379970853692846.0000
244405237704867,0.1085377289,244405237704867.0000
2227493643344472,0.9892058921,-24306170209705.0000
2001023745740442,0.8886330542,-250776067813735.0000
1297812886298270,0.5763446992,-953986927255907.0000
1908808450860278,0.8476812367,-342991362693899.0000
1131267153192486,0.5023835362,-1120532660361691.0000
625260645261765,0.2776715059,625260645261765.0000
1910927445963399,0.8486222596,-340872367590778.0000
1402823925794705,0.6229789688,-848975887759472.0000
1603081816136974,0.7119113371,-648717997417203.0000
2057607549913236,0.9137613111,-194192263640941.0000
101332894651930,0.0450008451,101332894651930.0000
141200524771717,0.0627056295,141200524771717.0000
456646993744258,0.2027920026,456646993744258.0000
1525494441420892,0.6774556212,-726305372133285.0000
1318310680271725,0.5854475484,-933489133282452.0000
1521976937119279,0.6758935355,-729822876434898.0000
489406138132341,0.2173399852,489406138132341.0000
2058527500554021,0.9141698512,-193272313000156.0000
263771382639104,0.1171380249,263771382639104.0000
721355252026243,0.3203460839,721355252026243.0000
868881337490682,0.3858608266,868881337490682.0000
420823242240522,0.1868830611,420823242240522.0000
651111030279000,0.2891513830,651111030279000.0000
1899511007625210,0.8435523425,-352288805928967.0000
325295160568905,0.1444600708,325295160568905.0000
1270278780246363,0.5641170998,-981521033307814.0000
325029268602518,0.1443419911,325029268602518.0000
961503945023308,0.4269935272,961503945023308.0000
1814200563817674,0.8056668949,-437599249736503.0000
1553085796697418,0.6897086443,-698714016856759.0000
331299959150139,0.1471267371,331299959150139.0000
1004410031477790,0.4460476573,1004410031477790.0000
2239888917152448,0.9947104994,-11910896401729.0000
673600187055726,0.2991385748,673600187055726.0000
578800182574793,0.2570389158,578800182574793.0000
1896754492092242,0.8423282037,-355045321461935.0000
296880138897816,0.1318412663,296880138897816.0000
667329357878122,0.2963537673,667329357878122.0000
965790174692956,0.4288969956,965790174692956.0000
1460237248172237,0.6484756058,-791562565381940.0000
1449582396498635,0.6437439011,-802217417055542.0000
1259603516792067,0.5593763305,-992196296762110.0000
460973119824558,0.2047131886,460973119824558.0000
2084837995406872,0.9258540581,-166961818147305.0000
1044307084870779,0.4637655082,1044307084870779.0000
1048852779752617,0.4657842022,1048852779752617.0000
601298143614151,0.2670300175,601298143614151.0000
577805530453706,0.2565972015,577805530453706.0000
1429647565803744,0.6348910579,-822152247750433.0000
374305729750359,0.1662251358,374305729750359.0000
600769305407304,0.2667951662,600769305407304.0000
833365428079876,0.3700885945,833365428079876.0000
2135927243562461,0.9485422419,-115872569991716.0000
82060040263588,0.0364419784,82060040263588.0000
1479362765890558,0.6569690418,-772437047663619.0000
1438414525237121,0.6387843700,-813385288317056.0000
2206754544903432,0.9799958822,-45045268650745.0000
223194917997823,0.0991184548,223194917997823.0000
1877012695919887,0.8335610851,-374787117634290.0000
304810250051811,0.1353629431,304810250051811.0000
1583966333145153,0.7034223574,-667833480409024.0000
2024347369498849,0.8989908238,-227452444055328.0000
220420796690698,0.0978864974,220420796690698.0000
1880550039001624,0.8351319810,-371249774552553.0000
2226506667511213,0.9887675868,-25293146042964.0000
2083075359333660,0.9250712904,-168724454220517.0000
272873140279005,0.1211800173,272873140279005.0000
773094269132378,0.3433228231,773094269132378.0000
106312932526358,0.0472124262,106312932526358.0000
570356573355409,0.2532892000,570356573355409.0000
1368569910226822,0.6077671301,-883229903327355.0000
237973021770424,0.1056812512,237973021770424.0000
345175965301996,0.1532889217,345175965301996.0000
1601097378569938,0.7110300698,-650702434984239.0000
214529917607976,0.0952704216,214529917607976.0000
21990272416065,0.0097656427,21990272416065.0000
592446269896880,0.2630989959,592446269896880.0000
1822152598072510,0.8091983076,-429647215481667.0000
1006652130228639,0.4470433491,1006652130228639.0000
1517443663197745,0.6738803574,-734356150356432.0000
335033860350665,0.1487849223,335033860350665.0000
573650873956528,0.2547521634,573650873956528.0000
487560226719238,0.2165202359,487560226719238.0000
1775879331442213,0.7886488491,-475920482111964.0000
20774689478334,0.0092258154,20774689478334.0000
236189123535013,0.1048890413,236189123535013.0000
2197099514349942,0.9757081873,-54700299204235.0000
2173150767625429,0.9650728073,-78649045928748.0000
825750909101506,0.3667070688,825750909101506.0000
1257929879488639,0.5586330863,-993869934065538.0000
552163366083530,0.2452097930,552163366083530.0000
473418100178539,0.2102398700,473418100178539.0000
296025801903735,0.1314618645,296025801903735.0000
1411767208339276,0.6269505841,-840032605214901.0000
346482446429350,0.1538691159,346482446429350.0000
1053753978702325,0.4679607718,1053753978702325.0000
1972828897865658,0.8761120265,-278970915688519.0000
1235124257436699,0.5485053556,-1016675556117478.0000
861225883802994,0.3824611223,861225883802994.0000
52772574372644,0.0234357309,52772574372644.0000
742636905974249,0.3297970368,742636905974249.0000
1028213094975291,0.4566183409,1028213094975291.0000
657259024002482,0.2918816407,657259024002482.0000
854925847855458,0.3796633443,854925847855458.0000
109080589065738,0.0484415126,109080589065738.0000
1622484766725822,0.7205279781,-629315046828355.0000
1899755315871105,0.8436608372,-352044497683072.0000
1848225322778679,0.8207769233,-403574490775498.0000
1748734620381743,0.7765941758,-503065193172434.0000
129758676144868,0.0576244280,129758676144868.0000
1264950240688568,0.5617507529,-986849572865609.0000
279764280807675,0.1242402984,279764280807675.0000
1749891366142451,0.7771078742,-501908447411726.0000
522422217541297,0.2320020698,522422217541297.0000
2051236964084506,0.9109322026,-200562849469671.0000
1859867489527848,0.8259470839,-391932324026329.0000
889528946413063,0.3950302070,889528946413063.0000
997266567469301,0.4428753220,997266567469301.0000
1858002076211718,0.8251186740,-393797737342459.0000
97459282898812,0.0432806159,97459282898812.0000
1820414073831488,0.8084262477,-431385739722689.0000
888178308494160,0.3944304032,888178308494160.0000
812072500573161,0.3606326351,812072500573161.0000
393302255500876,0.1746612879,393302255500876.0000
1859529832430355,0.8257971340,-392269981123822.0000
2117913399150946,0.9405424880,-133886414403231.0000
6937304715305,0.0030807822,6937304715305.0000
1418440698147227,0.6299142089,-833359115406950.0000
607016741957579,0.2695695853,607016741957579.0000
481628404975246,0.2138859778,481628404975246.0000
466618071904533,0.2072200509,466618071904533.0000
76138221760335,0.0338121627,76138221760335.0000
770574387260945,0.3422037708,770574387260945.0000
1644169836632003,0.7301580837,-607629976922174.0000
1860900091472725,0.8264056513,-390899722081452.0000
1846724100201769,0.8201102465,-405075713352408.0000
1674201406842896,0.7434947799,-577598406711281.0000
175519016336749,0.0779461013,175519016336749.0000
733184284100456,0.3255992294,733184284100456.0000
1144064827731913,0.5080668454,-1107734985822264.0000
1046378778997926,0.4646855252,1046378778997926.0000
1579288829537278,0.7013451285,-672510984016899.0000
226264038475464,0.1004814181,226264038475464.0000
1642057269254899,0.7292199153,-609742544299278.0000
206014782627509,0.0914889420,206014782627509.0000
981189340823357,0.4357355991,981189340823357.0000
1330273619559957,0.5907601606,-921526193994220.0000
1451623062534292,0.6446501389,-800176751019885.0000
1189337848285976,0.5281721053,-1062461965268201.0000
554884362697225,0.2464181582,554884362697225.0000
2171520281969714,0.9643487262,-80279531584463.0000
1417495221928822,0.6294943331,-834304591625355.0000
486834640145591,0.2161980107,486834640145591.0000
1640728623911523,0.7286298782,-611071189642654.0000
464556310091640,0.2063044447,464556310091640.0000
1323493647956744,0.5877492484,-928306165597433.0000
1439220728502239,0.6391423962,-812579085051938.0000
2242100632481785,0.9956926983,-9699181072392.0000
2020970254457277,0.8974910835,-230829559096900.0000
1705308310060572,0.7573090200,-546491503493605.0000
526956639245432,0.2340157576,526956639245432.0000
2153271691774588,0.9562447242,-98528121779589.0000
648837468249538,0.2881417186,648837468249538.0000
1276552114597379,0.5669030199,-975247698956798.0000
1828747005161627,0.8121268126,-423052808392550.0000
482769699399886,0.2143928144,482769699399886.0000
1409242900380391,0.6258295662,-842556913173786.0000
883214229080442,0.3922259091,883214229080442.0000
1993488587669970,0.8852867718,-258311225884207.0000
1258677362265112,0.5589650353,-993122451289065.0000
654951800011733,0.2908570274,654951800011733.0000
42652796790311,0.0189416468,42652796790311.0000
792398243892887,0.3518955100,792398243892887.0000
1324060911150655,0.5880011639,-927738902403522.0000
167706687270053,0.0744767302,167706687270053.0000
1868517774783797,0.8297885822,-383282038770380.0000
39009716383110,0.0173237941,39009716383110.0000
2063117782404352,0.9162083459,-188682031149825.0000
543801820028661,0.2414965206,543801820028661.0000
882889243014752,0.3920815863,882889243014752.0000
1717720158796398,0.7628209881,-534079654757779.0000
873151005257458,0.3877569400,873151005257458.0000
1565302279249042,0.6951338524,-686497534305135.0000
1485325077378743,0.6596168400,-766474736175434.0000
1488386628245435,0.6609764417,-763413185308742.0000
81585573030206,0.0362312727,81585573030206.0000
1876917599326288,0.8335188537,-374882214227889.0000
151850466219603,0.0674351536,151850466219603.0000
120615343071959,0.0535639724,120615343071959.0000
1567338373632335,0.6960380600,-684461439921842.0000
792457322583822,0.3519217462,792457322583822.0000
2088989099003000,0.9276975184,-162810714551177.0000
1232908647825305,0.5475214273,-1018891165728872.0000
638415388868457,0.2835133856,638415388868457.0000
1718083105178513,0.7629821687,-533716708375664.0000
1660224363466412,0.7372877258,-591575450087765.0000
1694300402031877,0.7524205268,-557499411522300.0000
1490473439129907,0.6619031719,-761326374424270.0000
1528888347334421,0.6789628182,-722911466219756.0000
2139751976589248,0.9502407646,-112047836964929.0000
1136477873461893,0.5046975609,-1115321940092284.0000
1947019259705459,0.8646502447,-304780553848718.0000
1828069039388204,0.8118257353,-423730774165973.0000
919462973979019,0.4083235856,919462973979019.0000
900992835464349,0.4001211964,900992835464349.0000
2157527514640168,0.9581346893,-94272298914009.0000
1387627728418769,0.6162305015,-864172085135408.0000
2120585812746991,0.9417292781,-131214000807186.0000
2187774209751715,0.9715669202,-64025603802462.0000
511288738726472,0.2270578120,511288738726472.0000
1313120060168024,0.5831424500,-938679753386153.0000
1547074914059876,0.6870392762,-704724899494301.0000
1398013644278575,0.6208427747,-853786169275602.0000
777342093268862,0.3452092360,777342093268862.0000
2191147143072841,0.9730648035,-60652670481336.0000
1483970543883546,0.6590153063,-767829269670631.0000
153970152474067,0.0683764834,153970152474067.0000
1471428823922,0.0006534457,1471428823922.0000
611239709409932,0.2714449596,611239709409932.0000
1248361304532303,0.5543837854,-1003438509021874.0000
2039279972524360,0.9056222317,-212519841029817.0000
1335200629341345,0.5929481925,-916599184212832.0000
2129107071780445,0.9455134772,-122692741773732.0000
1432601371945729,0.6362028113,-819198441608448.0000
564333641809478,0.2506144811,564333641809478.0000
729280010403260,0.3238653836,729280010403260.0000
544624063983200,0.2418616703,544624063983200.0000
1659638984388196,0.7370277653,-592160829165981.0000
57358348508696,0.0254722237,57358348508696.0000
1950166049471219,0.8660477000,-301633764082958.0000
1536628938782339,0.6824003313,-715170874771838.0000
956155234011918,0.4246182224,956155234011918.0000
1468100346482376,0.6519675229,-783699467071801.0000
1584470594147734,0.7036462942,-667329219406443.0000
1267118884045886,0.5627138240,-984680929508291.0000
805882280327615,0.3578836251,805882280327615.0000
1992867246289170,0.8850108408,-258932567265007.0000
1895703566766970,0.8418614991,-356096246787207.0000
979119238307633,0.4348162889,979119238307633.0000
832477401795039,0.3696942316,832477401795039.0000
1341622906795173,0.5958002566,-910176906759004.0000
1157435016393174,0.5140044019,-1094364797161003.0000
299586529250621,0.1330431451,299586529250621.0000
1303607237526127,0.5789179081,-948192576028050.0000
1092443635051261,0.4851424307,1092443635051261.0000
1859553715272346,0.8258077401,-392246098281831.0000
190405361650134,0.0845569666,190405361650134.0000
87282449874127,0.0387611942,87282449874127.0000
373010919886707,0.1656501247,373010919886707.0000
1377144515599701,0.6115750198,-874655297954476.0000
92979921895495,0.0412913800,92979921895495.0000
614074626158566,0.2727039155,614074626158566.0000
812183493693788,0.3606819260,812183493693788.0000
816656905866955,0.3626685201,816656905866955.0000
734161881039367,0.3260333697,734161881039367.0000
761663711536197,0.3382466358,761663711536197.0000
1477163022611615,0.6559921596,-774636790942562.0000
1788280268187100,0.7941559713,-463519545367077.0000
1621461238893624,0.7200734404,-630338574660553.0000
1420471328753286,0.6308159900,-831328484800891.0000
1970739705970836,0.8751842389,-281060107583341.0000
1020597552066044,0.4532363605,1020597552066044.0000
526374592762469,0.2337572770,526374592762469.0000
1864737312670413,0.8281097198,-387062500883764.0000
651202068832006,0.2891918122,651202068832006.0000
830178438753094,0.3686732869,830178438753094.0000
1337916837502914,0.5941544312,-913882976051263.0000
1936928298726654,0.8601689578,-314871514827523.0000
1936625920774027,0.8600346750,-315173892780150.0000
269373134929762,0.1196257027,269373134929762.0000
1291777220026203,0.5736643250,-960022593527974.0000
840391047100132,0.3732085961,840391047100132.0000
1714175616783075,0.7612468952,-537624196771102.0000
1990620402338188,0.8840130416,-261179411215989.0000
1068360855036238,0.4744475280,1068360855036238.0000
1524432601043410,0.6769840693,-727367212510767.0000
32894854567961,0.0146082500,32894854567961.0000
1474519444493662,0.6548181751,-777280369060515.0000
392739122467431,0.1744112066,392739122467431.0000
684397563151752,0.3039335731,684397563151752.0000
376983498081552,0.1674143038,376983498081552.0000
561209019905473,0.2492268702,561209019905473.0000
1868284481982398,0.8296849794,-383515331571779.0000
244271168251741,0.1084781901,244271168251741.0000
481715522078942,0.2139246656,481715522078942.0000
1246595435053461,0.5535995818,-1005204378500716.0000
734454756410145,0.3261634325,734454756410145.0000
227250942257362,0.1009196914,227250942257362.0000
294682936967957,0.1308655126,294682936967957.0000
1793377163752354,0.7964194477,-458422649801823.0000
554951611620777,0.2464480227,554951611620777.0000
565312180260790,0.2510490395,565312180260790.0000
1418243676074300,0.6298267135,-833556137479877.0000
725326517604244,0.3221096801,725326517604244.0000
317566638986748,0.1410279178,317566638986748.0000
444316369911865,0.1973161056,444316369911865.0000
148106959360070,0.0657727026,148106959360070.0000
598336229386187,0.2657146633,598336229386187.0000
1626242977574405,0.7221969590,-625556835979772.0000
976288255570145,0.4335590800,976288255570145.0000
249470803497038,0.1107872920,249470803497038.0000
1782590456599035,0.7916291874,-469209356955142.0000
292550732939062,0.1299186238,292550732939062.0000
1053451094707527,0.4678262643,1053451094707527.0000
180146596936274,0.0800011599,180146596936274.0000
1983838291691918,0.8810011795,-267961521862259.0000
1069641271981207,0.4750161473,1069641271981207.0000
1092217658250669,0.4850420769,1092217658250669.0000
2081466989872835,0.9243570309,-170332823681342.0000
1743386317479317,0.7742190522,-508413496074860.0000
1246491139466544,0.5535532652,-1005308674087633.0000
2208980084199635,0.9809842202,-42819729354542.0000
1776266431655600,0.7888207562,-475533381898577.0000
1927919907607706,0.8561684285,-323879905946471.0000
2046332612733052,0.9087542331,-205467200821125.0000
1961752959668084,0.8711933218,-290046853886093.0000
1480430016609516,0.6574429964,-771369796944661.0000
1163413568288571,0.5166594123,-1088386245265606.0000
204556284449137,0.0908412387,204556284449137.0000
2043906941076792,0.9076770185,-207892872477385.0000
131837733110675,0.0585477147,131837733110675.0000
196800283377995,0.0873968823,196800283377995.0000
1143550760818552,0.5078385538,-1108249052735625.0000
1143780605225027,0.5079406252,-1108019208329150.0000
1396165122197104,0.6200218660,-855634691357073.0000
1683205932297297,0.7474935925,-568593881256880.0000
358318772157438,0.1591255004,358318772157438.0000
1276152455947985,0.5667255358,-975647357606192.0000
751548473568777,0.3337545678,751548473568777.0000
840272426336225,0.3731559179,840272426336225.0000
53174639376026,0.0236142836,53174639376026.0000
1782048908569049,0.7913886918,-469750904985128.0000
1645087579075517,0.7305656432,-606712234478660.0000
755892881218972,0.3356838724,755892881218972.0000
1937624051209192,0.8604779339,-314175762344985.0000
1579863221386672,0.7016002097,-671936592167505.0000
251569370753403,0.1117192431,251569370753403.0000
1901119739730917,0.8442667631,-350680073823260.0000
1947061557138585,0.8646690285,-304738256415592.0000
665927932271673,0.2957314093,665927932271673.0000
672824811145165,0.2987942388,672824811145165.0000
2081081101445072,0.9241856620,-170718712109105.0000
1469818615763306,0.6527305877,-781981197790871.0000
320467862974988,0.1423163201,320467862974988.0000
203473016383781,0.0903601711,203473016383781.0000
1266365358484006,0.5623791915,-985434455070171.0000
1782093673121709,0.7914085712,-469706140432468.0000
508086409744981,0.2256356923,508086409744981.0000
1383183345108354,0.6142567988,-868616468445823.0000
667152411502700,0.2962751873,667152411502700.0000
123947033475529,0.0550435402,123947033475529.0000
506874112650718,0.2250973242,506874112650718.0000
804719904291351,0.3573674265,804719904291351.0000
864960759210954,0.3841197401,864960759210954.0000
1131503203627827,0.5024883637,-1120296609926350.0000
2206852331402865,0.9800393082,-44947482151312.0000
1560503110427218,0.6930025933,-691296703126959.0000
78633365692995,0.0349202292,78633365692995.0000
1302261625267220,0.5783203362,-949538188286957.0000
1301757658859118,0.5780965302,-950042154695059.0000
1738476270320313,0.7720385533,-513323543233864.0000
1990141015838286,0.8838001513,-261658797715891.0000
460519423323129,0.2045117068,460519423323129.0000
1471090171883850,0.6532952721,-780709641670327.0000
1082162148132563,0.4805765333,1082162148132563.0000
1390015390481216,0.6172908365,-861784423072961.0000
1643585916268453,0.7298987709,-608213897285724.0000
1823268827581446,0.8096940130,-428530985972731.0000
1115475150479644,0.4953704782,1115475150479644.0000
800846079751214,0.3556471028,800846079751214.0000
423109202073682,0.1878982312,423109202073682.0000
859199093286054,0.3815610465,859199093286054.0000
1559863761078777,0.6927186652,-691936052475400.0000
1601116395951012,0.7110385152,-650683417603165.0000
1672037438814246,0.7425337851,-579762374739931.0000
438207698275536,0.1946033105,438207698275536.0000
1005159575020831,0.4463805215,1005159575020831.0000
1351162520088411,0.6000366960,-900637293465766.0000
1003365496012102,0.4455837903,1003365496012102.0000
843684768030962,0.3746713020,843684768030962.0000
700180248189504,0.3109424932,700180248189504.0000
991043651736990,0.4401117923,991043651736990.0000
824395337568600,0.3661050741,824395337568600.0000
1680595471219836,0.7463343149,-571204342334341.0000
2241029846698047,0.9952171739,-10769966856130.0000
1294493649066805,0.5748706618,-957306164487372.0000
557125193351425,0.2474132869,557125193351425.0000
1078429745532057,0.4789190136,1078429745532057.0000
1685385446063012,0.7484614911,-566414367491165.0000
1611748602687522,0.7157601635,-640051210866655.0000
1158700353671766,0.5145663245,-1093099459882411.0000
535168485496744,0.2376625499,535168485496744.0000
278997540638159,0.1238997974,278997540638159.0000
1517956004004504,0.6741078824,-733843809549673.0000
1357101784487416,0.6026742592,-894698029066761.0000
619935634961713,0.2753067263,619935634961713.0000
646453623712199,0.2870830790,646453623712199.0000
1786262463164396,0.7932598859,-465537350389781.0000
1208576322534447,0.5367157041,-1043223491019730.0000
312999796478507,0.1389998323,312999796478507.0000
1086306436642937,0.4824169671,1086306436642937.0000
1822100297053109,0.8091750812,-429699516501068.0000
407982302220958,0.1811805382,407982302220958.0000
745685724489148,0.3311509842,745685724489148.0000
2210654848242639,0.9817279649,-41144965311538.0000
2209128073022935,0.9810499405,-42671740531242.0000
1493582083100599,0.6632836872,-758217730453578.0000
1475643481016719,0.6553173475,-776156332537458.0000
874812100927755,0.3884946147,874812100927755.0000
417777635072748,0.1855305399,417777635072748.0000
565250258852677,0.2510215408,565250258852677.0000
1845487555426294,0.8195611103,-406312258127883.0000
1282264002196339,0.5694396076,-969535811357838.0000
643427062163002,0.2857390156,643427062163002.0000
873759843044540,0.3880273183,873759843044540.0000
730863961165214,0.3245687990,730863961165214.0000
1740659573028119,0.7730081344,-511140240526058.0000
340795941038639,0.1513438002,340795941038639.0000
67305798204708,0.0298897787,67305798204708.0000
588757595038418,0.2614608952,588757595038418.0000
1316050985033103,0.5844440421,-935748828521074.0000
2054066490301516,0.9121887647,-197733323252661.0000
1150930297951044,0.5111157266,-1100869515603133.0000
1789768622641840,0.7948169335,-462031190912337.0000
1923444469414645,0.8541809347,-328355344139532.0000
2205546901856167,0.9794595810,-46252911698010.0000
1733103352022618,0.7696524982,-518696461531559.0000
1798144520152364,0.7985365792,-453655293401813.0000
2085546084806514,0.9261685130,-166253728747663.0000
486105336527521,0.2158741348,486105336527521.0000
422808576023291,0.1877647265,422808576023291.0000
1790431738951939,0.7951114163,-461368074602238.0000
211181102666432,0.0937832490,211181102666432.0000
978170797731314,0.4343950967,978170797731314.0000
1173337779174905,0.5210666473,-1078462034379272.0000
981288179082167,0.4357794921,981288179082167.0000
978169367873151,0.4343944617,978169367873151.0000
620256787455794,0.2754493467,620256787455794.0000
2029245257648285,0.9011659231,-222554555905892.0000
417667627003670,0.1854816865,417667627003670.0000
1310098946327215,0.5818008059,-941700867226962.0000
163377762786892,0.0725543016,163377762786892.0000
842031584787771,0.3739371412,842031584787771.0000
1379129817958097,0.6124566712,-872669995596080.0000
1792932065807055,0.7962217845,-458867747747122.0000
1406337795016986,0.6245394402,-845462018537191.0000
933541006878062,0.4145754881,933541006878062.0000
955834571904645,0.4244758198,955834571904645.0000
2140680923415091,0.9506532999,-111118890139086.0000
1979071412245387,0.8788842598,-272728401308790.0000
1803193506083428,0.8007787794,-448606307470749.0000
1971614720618696,0.8755728235,-280185092935481.0000
1205724624873065,0.5354492960,-1046075188681112.0000
826769588534742,0.3671594533,826769588534742.0000
611215106311681,0.2714340336,611215106311681.0000
454414506213,0.0002018006,454414506213.0000
1568689191526454,0.6966379436,-683110622027723.0000
303943777431711,0.1349781520,303943777431711.0000
1193204812817352,0.5298893825,-1058595000736825.0000
2077039689709390,0.9223909147,-174760123844787.0000
1199476162766127,0.5326744214,-1052323650788050.0000
1761374903393981,0.7822075891,-490424910160196.0000
1400970281756370,0.6221557855,-850829531797807.0000
2052904463770190,0.9116727213,-198895349783987.0000
2228608399155798,0.9897009431,-23191414398379.0000
394339853736519,0.1751220741,394339853736519.0000
1857867048608126,0.8250587097,-393932764946051.0000
744369178599439,0.3305663204,744369178599439.0000
1508986892113993,0.6701247966,-742812921440184.0000
545330451971760,0.2421753695,545330451971760.0000
1816309154498465,0.8066032973,-435490659055712.0000
1594342330396817,0.7080302258,-657457483157360.0000
322767186622363,0.1433374249,322767186622363.0000
225659204172618,0.1002128177,225659204172618.0000
294901509180356,0.1309625782,294901509180356.0000
139568578344708,0.0619808997,139568578344708.0000
969427734275484,0.4305123965,969427734275484.0000
2167776462772453,0.9626861365,-84023350781724.0000
128350463518666,0.0569990559,128350463518666.0000
1055260068059315,0.4686296098,1055260068059315.0000
1784464150210985,0.7924612745,-467335663343192.0000
2234904351344403,0.9924969075,-16895462209774.0000
851387052034640,0.3780918032,851387052034640.0000
785948588628294,0.3490312877,785948588628294.0000
713470696653278,0.3168446379,713470696653278.0000
1784529424603454,0.7924902622,-467270388950723.0000
1160641790118976,0.5154284955,-1091158023435201.0000
1476135632253895,0.6555359066,-775664181300282.0000
1970106258086005,0.8749029315,-281693555468172.0000
1112489721933134,0.4940446816,1112489721933134.0000
1738103424884687,0.7718729766,-513696388669490.0000
1558113336986842,0.6919413207,-693686476567335.0000
973452146989891,0.4322995948,973452146989891.0000
1528459287352807,0.6787722772,-723340526201370.0000
160516340875497,0.0712835750,160516340875497.0000
1298406906931204,0.5766084974,-953392906622973.0000
562465453433906,0.2497848388,562465453433906.0000
1707278842258289,0.7581841121,-544520971295888.0000
1427045803312629,0.6337356432,-824754010241548.0000
953706972505944,0.4235309759,953706972505944.0000
189296816761560,0.0840646738,189296816761560.0000
907741383184000,0.4031181536,907741383184000.0000
2091188024011376,0.9286740373,-160611789542801.0000
456683704551212,0.2028083055,456683704551212.0000
1585820954703386,0.7042459748,-665978858850791.0000
909071244310867,0.4037087306,909071244310867.0000
926069743225722,0.4112575806,926069743225722.0000
210795514758631,0.0936120136,210795514758631.0000
587075970838476,0.2607141040,587075970838476.0000
151188036390546,0.0671409756,151188036390546.0000
1079485482200753,0.4793878549,1079485482200753.0000
1677234831441877,0.7448418911,-574564982112300.0000
35988853177257,0.0159822614,35988853177257.0000
2150969568804110,0.9552223763,-100830244750067.0000
1051421917296992,0.4669251285,1051421917296992.0000
1098360367087484,0.4877699876,1098360367087484.0000
575511598184376,0.2555784909,575511598184376.0000
1659746314591336,0.7370754294,-592053498962841.0000
1264901723681411,0.5617292070,-986898089872766.0000
2138656266880102,0.9497541718,-113143546674075.0000
1579593743217578,0.7014805374,-672206070336599.0000
229644981765962,0.1019828585,229644981765962.0000
1470621053977069,0.6530869419,-781178759577108.0000
1872687499675133,0.8316403121,-379112313879044.0000
1874157399866527,0.8322930789,-377642413687650.0000
1139877834108529,0.5062074467,-1111921979445648.0000
58535692190269,0.0259950693,58535692190269.0000
764723910892574,0.3396056374,764723910892574.0000
990130537439350,0.4397062880,990130537439350.0000
194559021827,0.0000864016,194559021827.0000
1628109196640467,0.7230257267,-623690616913710.0000
1614715332536114,0.7170776562,-637084481018063.0000
1963533211574498,0.8719839125,-288266601979679.0000
1098095936399843,0.4876525568,1098095936399843.0000
924924939373821,0.4107491855,924924939373821.0000
1310813407278545,0.5821180903,-940986406275632.0000
2087644031000165,0.9271001882,-164155782554012.0000
501477516804150,0.2227007542,501477516804150.0000
1866961546276521,0.8290974780,-384838267277656.0000
1143084796367807,0.5076316240,-1108715017186370.0000
15408986276142,0.0068429645,15408986276142.0000
1648310551248210,0.7319969303,-603489262305967.0000
1181253097646850,0.5245817548,-1070546715907327.0000
1701619690088195,0.7556709437,-550180123465982.0000
504924060981459,0.2242313273,504924060981459.0000
1527383951014458,0.6782947320,-724415862539719.0000
1979785382626912,0.8792013263,-272014430927265.0000
68265473092915,0.0303159600,68265473092915.0000
1023695665623153,0.4546121993,1023695665623153.0000
19440648060899,0.0086333820,19440648060899.0000
1393305733824979,0.6187520424,-858494079729198.0000
1908594084187978,0.8475860388,-343205729366199.0000
1395156231387673,0.6195738285,-856643582166504.0000
381717860105474,0.1695167829,381717860105474.0000
1426600763565890,0.6335380059,-825199049988287.0000
212447758091690,0.0943457570,212447758091690.0000
818908740191483,0.3636685354,818908740191483.0000
2071562437542414,0.9199585261,-180237376011763.0000
1118930066458948,0.4969047691,1118930066458948.0000
1825277732868400,0.8105861462,-426522080685777.0000
1951668971322806,0.8667151314,-300130842231371.0000
162034807495005,0.0719579096,162034807495005.0000
289960308447355,0.1287682443,289960308447355.0000
721682844099154,0.3204915640,721682844099154.0000
1654465981164198,0.7347304903,-597333832389979.0000
1616031026991586,0.7176619419,-635768786562591.0000
1767003195955107,0.7847070531,-484796617599070.0000
646434457195910,0.2870745673,646434457195910.0000
1073473004146904,0.4767177782,1073473004146904.0000
465083620846794,0.2065386177,465083620846794.0000
1296422749525064,0.5757273545,-955377064029113.0000
2054571944449460,0.9124132314,-197227869104717.0000
1258174344401661,0.5587416505,-993625469152516.0000
2241151907363798,0.9952713798,-10647906190379.0000
764061795673505,0.3393115991,764061795673505.0000
636327519090931,0.2825861852,636327519090931.0000
1556730959429212,0.6913274218,-695068854124965.0000
1795409821037067,0.7973221288,-456389992517110.0000
1717999384139311,0.7629449891,-533800429414866.0000
1138075577648279,0.5054070841,-1113724235905898.0000
1194713998183699,0.5305595955,-1057085815370478.0000
1513843891001952,0.6722817374,-737955922552225.0000
1048141867295343,0.4654684937,1048141867295343.0000
161968046149383,0.0719282616,161968046149383.0000
85905804041454,0.0381498406,85905804041454.0000
898898705122849,0.3991912157,898898705122849.0000
1454656436317954,0.6459972274,-797143377236223.0000
1769774637345858,0.7859378204,-482025176208319.0000
1776530812728015,0.7889381649,-475269000826162.0000
1302960329335212,0.5786306232,-948839484218965.0000
101561031910753,0.0451021584,101561031910753.0000
1135318173237637,0.5041825505,-1116481640316540.0000
536863653556638,0.2384153557,536863653556638.0000
1132372546512425,0.5028744295,-1119427267041752.0000
61881420009041,0.0274808709,61881420009041.0000
470982800550717,0.2091583798,470982800550717.0000
629993993326653,0.2797735347,629993993326653.0000
2130940214119562,0.9463275560,-120859599434615.0000
399917910408790,0.1775992288,399917910408790.0000
1040973754199064,0.4622852120,1040973754199064.0000
1185249559482314,0.5263565404,-1066550254071863.0000
409793483230337,0.1819848642,409793483230337.0000
1111271195549134,0.4935035472,1111271195549134.0000
180661247035566,0.0802297105,180661247035566.0000
1677201803322197,0.7448272236,-574598010231980.0000
163470021230706,0.0725952726,163470021230706.0000
1389042149349462,0.6168586306,-862757664204715.0000
1743020275191122,0.7740564968,-508779538363055.0000
1820637043078982,0.8085252659,-431162770475195.0000
386337953219373,0.1715685164,386337953219373.0000
648169635299775,0.2878451412,648169635299775.0000
758257309827015,0.3367338896,758257309827015.0000
947217192346310,0.4206489345,947217192346310.0000
87611631969011,0.0389073804,87611631969011.0000
429418282665157,0.1907000259,429418282665157.0000
685982639420736,0.3046374883,685982639420736.0000
1970999014131624,0.8752993949,-280800799422553.0000
1569938387726943,0.6971926982,-681861425827234.0000
1375582182701354,0.6108812046,-876217630852823.0000
1859152239939284,0.8256294493,-392647573614893.0000
1892976022208463,0.8406502260,-358823791345714.0000
2027408994377980,0.9003504584,-224390819176197.0000
2168208559075642,0.9628780258,-83591254478535.0000
1268708043547562,0.5634195526,-983091770006615.0000
264824026570589,0.1176054927,264824026570589.0000
1301182298030518,0.5778410186,-950617515523659.0000
826280333149691,0.3669421803,826280333149691.0000
1560429531265254,0.6929699176,-691370282288923.0000
1749847481983608,0.7770883857,-501952331570569.0000
1682572053347075,0.7472120937,-569227760207102.0000
1496055847263430,0.6643822591,-755743966290747.0000
984108712020598,0.4370320604,984108712020598.0000
308604019574598,0.1370477152,308604019574598.0000
1189574780674821,0.5282773244,-1062225032879356.0000
655342858581841,0.2910306923,655342858581841.0000
188534994661247,0.0837263568,188534994661247.0000
649340578512157,0.2883651445,649340578512157.0000
2086483998392689,0.9265850303,-165315815161488.0000
544397269928759,0.2417609535,544397269928759.0000
1473614069160003,0.6544161076,-778185744394174.0000
2010956973811272,0.8930442936,-240842839742905.0000
504717293921047,0.2241395043,504717293921047.0000
215984753527009,0.0959164985,215984753527009.0000
1158755808657665,0.5145909515,-1093044004896512.0000
2052559138443558,0.9115193660,-199240675110619.0000
1361178296274269,0.6044845941,-890621517279908.0000
409842498996862,0.1820066316,409842498996862.0000
1750732901963175,0.7774815911,-501066911591002.0000
445076301618918,0.1976535831,445076301618918.0000
1578672122957354,0.7010712557,-673127690596823.0000
1975734227003759,0.8774022518,-276065586550418.0000
1557087313881164,0.6914856749,-694712499673013.0000
822129042338987,0.3650986368,822129042338987.0000
1417783750168043,0.6296224654,-834016063386134.0000
192048560033871,0.0852866933,192048560033871.0000
262522849308698,0.1165835647,262522849308698.0000
955358554343999,0.4242644255,955358554343999.0000
1933432204540945,0.8586163801,-318367609013232.0000
1174367790022332,0.5215240640,-1077432023531845.0000
1953218879623409,0.8674034290,-298580933930768.0000
707187928136186,0.3140545282,707187928136186.0000
1222286820047404,0.5428043882,-1029512993506773.0000
422956046888349,0.1878302167,422956046888349.0000
953009390749479,0.4232211873,953009390749479.0000
1090962403602331,0.4844846318,1090962403602331.0000
155233082524418,0.0689373370,155233082524418.0000
230634907879844,0.1024224740,230634907879844.0000
342392554473563,0.1520528390,342392554473563.0000
492586631610079,0.2187524080,492586631610079.0000
598434632601865,0.2657583632,598434632601865.0000
1100710087004817,0.4888134728,1100710087004817.0000
1352277199961503,0.6005317133,-899522613592674.0000
1788988940781703,0.7944706852,-462810872772474.0000
1383551131924317,0.6144201290,-868248681629860.0000
668717637124602,0.2969702871,668717637124602.0000
651480718308325,0.2893155574,651480718308325.0000
1947962457265885,0.8650691085,-303837356288292.0000
2136557272765646,0.9488220311,-115242540788531.0000
327985209325116,0.1456546925,327985209325116.0000
1348369780046912,0.5987964702,-903430033507265.0000
953270989862340,0.4233373607,953270989862340.0000
2040431390328318,0.9061335639,-211368423225859.0000
1958752260152450,0.8698607436,-293047553401727.0000
548333154948736,0.2435088375,548333154948736.0000
55483615394023,0.0246396749,55483615394023.0000
1563577141804456,0.6943677375,-688222671749721.0000
463911330092410,0.2060180160,463911330092410.0000
325114845675523,0.1443799949,325114845675523.0000
56241888823220,0.0249764160,56241888823220.0000
1003261338750223,0.4455375352,1003261338750223.0000
55225500901583,0.0245250491,55225500901583.0000
1012364408798795,0.4495801104,1012364408798795.0000
1008248260146675,0.4477521732,1008248260146675.0000
2111977263447030,0.9379063142,-139822550107147.0000
411939401013741,0.1829378431,411939401013741.0000
852374824906068,0.3785304625,852374824906068.0000
1070636221973681,0.4754579939,1070636221973681.0000
1189566948172247,0.5282738461,-1062232865381930.0000
2130630460430734,0.9461899977,-121169353123443.0000
64026551589064,0.0284335007,64026551589064.0000
1817704367703492,0.8072228964,-434095445850685.0000
1515103638317636,0.6728411776,-736696175236541.0000
1704342622012865,0.7568801684,-547457191541312.0000
2077976523722072,0.9228069526,-173823289832105.0000
1008861447407836,0.4480244831,1008861447407836.0000
648635195321706,0.2880518914,648635195321706.0000
614514549714366,0.2728992808,614514549714366.0000
2248544328622561,0.9985542743,-3255484931616.0000
541833531026224,0.2406224247,541833531026224.0000
1567396508539753,0.6960638770,-684403305014424.0000
1817914200973774,0.8073160811,-433885612580403.0000
2175424164902163,0.9660823985,-76375648652014.0000
766126218650920,0.3402283871,766126218650920.0000
1177786408297706,0.5230422355,-1074013405256471.0000
1091112303183291,0.4845512006,1091112303183291.0000
1589960372243279,0.7060842454,-661839441310898.0000
1951825767081803,0.8667847627,-299974046472374.0000
1578881649234566,0.7011643041,-672918164319611.0000
1949203551660845,0.8656202651,-302596261893332.0000
632962039072551,0.2810916118,632962039072551.0000
822418025424345,0.3652269711,822418025424345.0000
739544614018683,0.3284237833,739544614018683.0000
1340627585564719,0.5953582452,-911172227989458.0000
769708812241966,0.3418193783,769708812241966.0000
1605577827214010,0.7130197887,-646221986340167.0000
2223032753850258,0.9872248592,-28767059703919.0000
377923942467058,0.1678319450,377923942467058.0000
781454303285795,0.3470354241,781454303285795.0000
373579465227897,0.1659026095,373579465227897.0000
1927338878709852,0.8559103998,-324460934844325.0000
141436424334494,0.0628103899,141436424334494.0000
2014087576629620,0.8944345605,-237712236924557.0000
201573459923054,0.0895165985,201573459923054.0000
182021880326083,0.0808339530,182021880326083.0000
1634647286741117,0.7259292220,-617152526813060.0000
1227156149041691,0.5449668046,-1024643664512486.0000
261880036322463,0.1162980984,261880036322463.0000
1094353267145348,0.4859904777,1094353267145348.0000
1272141475626561,0.5649443028,-979658337927616.0000
1238179777870536,0.5498622792,-1013620035683641.0000
583551444718583,0.2591489000,583551444718583.0000
1563583212185732,0.6943704333,-688216601368445.0000
1510141720440725,0.6706376434,-741658093113452.0000
1650720429459681,0.7330671312,-601079384094496.0000
659028396343814,0.2926673998,659028396343814.0000
187425047198228,0.0832334411,187425047198228.0000
1999594035477454,0.8879981353,-252205778076723.0000
1406350957212116,0.6245452854,-845448856342061.0000
1189187703701556,0.5281054277,-1062612109852621.0000
1790763820727309,0.7952588902,-461035992826868.0000
876117196643950,0.3890741936,876117196643950.0000
1484495629755520,0.6592484913,-767304183798657.0000
286285175478844,0.1271361574,286285175478844.0000
910155432269239,0.4041902068,910155432269239.0000
1037465397742684,0.4607271888,1037465397742684.0000
554893014348471,0.2464220003,554893014348471.0000
161514696412336,0.0717269339,161514696412336.0000
1056831087476738,0.4693272826,1056831087476738.0000
11212734215575,0.0049794543,11212734215575.0000
735701366396596,0.3267170385,735701366396596.0000
1131805476419359,0.5026225998,-1119994337134818.0000
1775254398625064,0.7883713232,-476545414929113.0000
702262441763958,0.3118671729,702262441763958.0000
465873695332419,0.2068894813,465873695332419.0000
1785474370595598,0.7929099025,-466325442958579.0000
1761874499508427,0.7824294544,-489925314045750.0000
1489699246470371,0.6615593613,-762100567083806.0000
30817729906409,0.0136858213,30817729906409.0000
36387446356394,0.0161592723,36387446356394.0000
425112154735199,0.1887877209,425112154735199.0000
1951772842607366,0.8667612595,-300026970946811.0000
274682935031857,0.1219837276,274682935031857.0000
961614669997414,0.4270426990,961614669997414.0000
218267508593432,0.0969302454,218267508593432.0000
770749188363665,0.3422813981,770749188363665.0000
711204771437643,0.3158383650,711204771437643.0000
2005979349533918,0.8908337844,-245820464020259.0000
1179280511169009,0.5237057504,-1072519302385168.0000
2085593521588174,0.9261895791,-166206291966003.0000
856638319418924,0.3804238344,856638319418924.0000
831211327605437,0.3691319817,831211327605437.0000
2027434825529122,0.9003619297,-224364988025055.0000
2139912196267854,0.9503119164,-111887617286323.0000
814399140672682,0.3616658709,814399140672682.0000
1729862793927107,0.7682134013,-521937019627070.0000
429267428559932,0.1906330332,429267428559932.0000
590437561217286,0.2622069500,590437561217286.0000
1550460807637147,0.6885429150,-701339005917030.0000
1986426105251786,0.8821503996,-265373708302391.0000
1930771512814917,0.8574347956,-321028300739260.0000
929284712415359,0.4126853137,929284712415359.0000
1457443595608939,0.6472349748,-794356217945238.0000
1298262166479772,0.5765442197,-953537647074405.0000
2057804539283203,0.9138487919,-193995274270974.0000
951372798728011,0.4224943945,951372798728011.0000
143682332570507,0.0638077735,143682332570507.0000
1333548605182321,0.5922145464,-918251208371856.0000
95609596963819,0.0424591904,95609596963819.0000
1132618891345018,0.5029838285,-1119180922209159.0000
410773710394056,0.1824201725,410773710394056.0000
1942004295922936,0.8624231534,-309795517631241.0000
1188401848407774,0.5277564379,-1063397965146403.0000
1142338319188096,0.5073001216,-1109461494366081.0000
488773519038736,0.2170590459,488773519038736.0000
1434662185402227,0.6371179964,-817137628151950.0000
593280093514624,0.2634692880,593280093514624.0000
709811896799400,0.3152198044,709811896799400.0000
2246658675472353,0.9977168761,-5141138081824.0000
402615079659765,0.1787970126,402615079659765.0000
1588508376500043,0.7054394298,-663291437054134.0000
651077616729046,0.2891365444,651077616729046.0000
66103904728459,0.0293560308,66103904728459.0000
287510158555515,0.1276801591,287510158555515.0000
1411889569015873,0.6270049231,-839910244538304.0000
285072656958168,0.1265976910,285072656958168.0000
188253929853049,0.0836015390,188253929853049.0000
1330270145310771,0.5907586178,-921529668243406.0000
242303748115926,0.1076044801,242303748115926.0000
871003336082269,0.3868031833,871003336082269.0000
2084715231768946,0.9257995401,-167084581785231.0000
2244936065384214,0.9969518835,-6863748169963.0000
1246551927301816,0.5535802605,-1005247886252361.0000
145239692829913,0.0644993804,145239692829913.0000
824226618185479,0.3660301476,824226618185479.0000
51918555149852,0.0230564701,51918555149852.0000
1549002019041743,0.6878950827,-702797794512434.0000
93331948021528,0.0414477111,93331948021528.0000
1643062063797440,0.7296661337,-608737749756737.0000
1960160999151173,0.8704863493,-291638814403004.0000
1875148187110829,0.8327330768,-376651626443348.0000
943734153746484,0.4191021547,943734153746484.0000
1805059384860100,0.8016073960,-446740428694077.0000
1243969426518449,0.5524333997,-1007830387035728.0000
2243599471079711,0.9963583164,-8200342474466.0000
1770631355265562,0.7863182795,-481168458288615.0000
1019982452291809,0.4529632013,1019982452291809.0000
2132062642406844,0.9468260143,-119737171147333.0000
1916375946684812,0.8510418800,-335423866869365.0000
1143513690432080,0.5078220913,-1108286123122097.0000
518581669900042,0.2302965240,518581669900042.0000
2088670148726675,0.9275558760,-163129664827502.0000
1239351904322473,0.5503828079,-1012447909231704.0000
1025570419607400,0.4554447573,1025570419607400.0000
1527488495994361,0.6783411593,-724311317559816.0000
1095630892056422,0.4865578572,1095630892056422.0000
1452149276227372,0.6448838247,-799650537326805.0000
1508812152006294,0.6700471964,-742987661547883.0000
1023323236394331,0.4544468075,1023323236394331.0000
1675620640620921,0.7441250463,-576179172933256.0000
2021417677044793,0.8976897790,-230382136509384.0000
88096734654184,0.0391228093,88096734654184.0000
1133420227490492,0.5033396933,-1118379586063685.0000
1650603964156833,0.7330154103,-601195849397344.0000
2176040191481298,0.9663559693,-75759622072879.0000
1077164236265443,0.4783570146,1077164236265443.0000
585541864828688,0.2600328241,585541864828688.0000
478279092263060,0.2123985842,478279092263060.0000
604122688513920,0.2682843674,604122688513920.0000
1756633293056963,0.7801018912,-495166520497214.0000
2113037091996266,0.9383769726,-138762721557911.0000
506238354267764,0.2248149908,506238354267764.0000
1469068938769599,0.6523976643,-782730874784578.0000
524632904449769,0.2329838120,524632904449769.0000
1598437569164302,0.7098488771,-653362244389875.0000
972128447324484,0.4317117541,972128447324484.0000
852307896941984,0.3785007405,852307896941984.0000
1461114057302376,0.6488649872,-790685756251801.0000
1113517208578469,0.4945009773,1113517208578469.0000
510628252679533,0.2267644973,510628252679533.0000
1809956932958991,0.8037823443,-441842880595186.0000
810654323217730,0.3600028379,810654323217730.0000
1193694391263512,0.5301067990,-1058105422290665.0000
518306282102022,0.2301742273,518306282102022.0000
642863384152067,0.2854886923,642863384152067.0000
1360163180130186,0.6040337920,-891636633423991.0000
1263310133964218,0.5610223992,-988489679589959.0000
1185682165401834,0.5265486560,-1066117648152343.0000
778579215417862,0.3457586286,778579215417862.0000
1240258040870651,0.5507852134,-1011541772683526.0000
1183551695192304,0.5256025372,-1068248118361873.0000
619504205451075,0.2751151331,619504205451075.0000
1241615855343844,0.5513882042,-1010183958210333.0000
183041776689304,0.0812868780,183041776689304.0000
1434225020202036,0.6369238560,-817574793352141.0000
259944537735712,0.1154385644,259944537735712.0000
1186396046716225,0.5268656830,-1065403766837952.0000
1153290595820226,0.5121639095,-1098509217733951.0000
1643578547901676,0.7298954987,-608221265652501.0000
286279668060125,0.1271337116,286279668060125.0000
1022862259225554,0.4542420925,1022862259225554.0000
294187491821517,0.1306454908,294187491821517.0000
388790912003863,0.1726578489,388790912003863.0000
824417784745209,0.3661150426,824417784745209.0000
1476977565340168,0.6559098000,-774822248214009.0000
843512449888262,0.3745947774,843512449888262.0000
447640618087373,0.1987923684,447640618087373.0000
2120871771867180,0.9418562694,-130928041686997.0000
905336728301675,0.4020502723,905336728301675.0000
632150365403984,0.2807311563,632150365403984.0000
1683399327961390,0.7475794775,-568400485592787.0000
2148463092449215,0.9541092772,-103336721104962.0000
2080224449179146,0.9238052320,-171575364375031.0000
212154294485928,0.0942154330,212154294485928.0000
2134000767176633,0.9476867146,-117799046377544.0000
190795175272279,0.0847300786,190795175272279.0000
1480817091006457,0.6576148919,-770982722547720.0000
640244178440506,0.2843255313,640244178440506.0000
1927761568173704,0.8560981116,-324038245380473.0000
1377107024058706,0.6115583702,-874692789495471.0000
733015907204857,0.3255244551,733015907204857.0000
1756161697477101,0.7798924606,-495638116077076.0000
1460930566218822,0.6487835008,-790869247335355.0000
1305713953973227,0.5798534781,-946085859580950.0000
490238098641106,0.2177094499,490238098641106.0000
112189392190700,0.0498220985,112189392190700.0000
1128336841046632,0.5010822162,-1123462972507545.0000
1612863422331435,0.7162552429,-638936391222742.0000
604877903002625,0.2686197500,604877903002625.0000
1480129889691544,0.6573097132,-771669923862633.0000
1889949939080686,0.8393063752,-361849874473491.0000
1498143118968434,0.6653091940,-753656694585743.0000
489313621151145,0.2172988994,489313621151145.0000
2238724813795232,0.9941935337,-13074999758945.0000
627081476002610,0.2784801172,627081476002610.0000
1132211428178409,0.5028028786,-1119588385375768.0000
2141053786159355,0.9508188842,-110746027394822.0000
392970649543370,0.1745140253,392970649543370.0000
1830559585228729,0.8129317598,-421240228325448.0000
1431743443586128,0.6358218146,-820056369968049.0000
191396027026754,0.0849969104,191396027026754.0000
1790138892643354,0.7949813664,-461660920910823.0000
685814795462398,0.3045629506,685814795462398.0000
1357955446076203,0.6030533611,-893844367477974.0000
291789398271956,0.1295805233,291789398271956.0000
786894805257456,0.3494514923,786894805257456.0000
2173498995226694,0.9652274515,-78300818327483.0000
1734195375570707,0.7701374541,-517604437983470.0000
676809883353886,0.3005639663,676809883353886.0000
236169024223455,0.1048801154,236169024223455.0000
1954420131369529,0.8679368919,-297379682184648.0000
781544751773888,0.3470755913,781544751773888.0000
89616494060579,0.0397977180,89616494060579.0000
13262986250677,0.0058899491,13262986250677.0000
721942456838212,0.3206068552,721942456838212.0000
1941084172492921,0.8620145365,-310715641061256.0000
1187269896758102,0.5272537504,-1064529916796075.0000
574263847923251,0.2550243785,574263847923251.0000
1875826737242563,0.8330344136,-375973076311614.0000
904834252346980,0.4018271282,904834252346980.0000
1846762294611391,0.8201272082,-405037518942786.0000
837856751810540,0.3720831429,837856751810540.0000
455936816351738,0.2024766205,455936816351738.0000
1597378728133301,0.7093786572,-654421085420876.0000
470103847746773,0.2087680463,470103847746773.0000
926809415619620,0.4115860611,926809415619620.0000
1197001577314844,0.5315754847,-1054798236239333.0000
1087614770548356,0.4829979841,1087614770548356.0000
590235336717910,0.2621171443,590235336717910.0000
587252855820876,0.2607926567,587252855820876.0000
2088964652465119,0.9276866620,-162835161089058.0000
1141726849181013,0.5070285743,-1110072964373164.0000
794795175335567,0.3529599614,794795175335567.0000
356555013313585,0.1583422341,356555013313585.0000
1314261843891095,0.5836495038,-937537969663082.0000
1992256232547716,0.8847394962,-259543581006461.0000
2166999928642265,0.9623412861,-84799884911912.0000
1874860697387393,0.8326054057,-376939116166784.0000
996359452871384,0.4424724822,996359452871384.0000
1627504389117795,0.7227571382,-624295424436382.0000
2128615011483525,0.9452949586,-123184802070652.0000
1579166421383276,0.7012907683,-672633392170901.0000
2190019386507455,0.9725639790,-61780427046722.0000
88499432034992,0.0393016428,88499432034992.0000
26595859802499,0.0118109344,26595859802499.0000
21663361964213,0.0096204653,21663361964213.0000
211493680780861,0.0939220616,211493680780861.0000
1630423420600716,0.7240534486,-621376392953461.0000
2197367369073537,0.9758271387,-54432444480640.0000
1521883587033481,0.6758520797,-729916226520696.0000
1108663539200199,0.4923455151,1108663539200199.0000
1471455124041434,0.6534573434,-780344689512743.0000
1480926785162460,0.6576636059,-770873028391717.0000
557798329655613,0.2477122195,557798329655613.0000
2230482664370686,0.9905332841,-21317149183491.0000
1431056194832047,0.6355166149,-820743618722130.0000
1574771556812189,0.6993390564,-677028256741988.0000
331646440996570,0.1472806059,331646440996570.0000
176961996693758,0.0785869133,176961996693758.0000
1701436760216615,0.7555897065,-550363053337562.0000
1633444584383818,0.7253951149,-618355229170359.0000
1930778362819590,0.8574378376,-321021450734587.0000
985184270159503,0.4375097041,985184270159503.0000
1107325957213291,0.4917515094,1107325957213291.0000
1587563827894520,0.7050199660,-664235985659657.0000
1744471971089345,0.7747011793,-507327842464832.0000
1971851725854820,0.8756780749,-279948087699357.0000
1872696581478992,0.8316443452,-379103232075185.0000
572045435609956,0.2540392055,572045435609956.0000
637800990155109,0.2832405378,637800990155109.0000
2190634244156787,0.9728370306,-61165569397390.0000
29247224160104,0.0129883767,29247224160104.0000
19591175251679,0.0087002295,19591175251679.0000
912919582620133,0.4054177361,912919582620133.0000
990693533716834,0.4399563086,990693533716834.0000
1453250648987726,0.6453729325,-798549164566451.0000
758244085556056,0.3367280168,758244085556056.0000
1655549956279258,0.7352118720,-596249857274919.0000
296396084695872,0.1316263031,296396084695872.0000
1167405901865005,0.5184323646,-1084393911689172.0000
1640831767822753,0.7286756833,-610968045731424.0000
396687983306711,0.1761648531,396687983306711.0000
286975148787518,0.1274425671,286975148787518.0000
470105054213587,0.2087685821,470105054213587.0000
1825573262077420,0.8107173875,-426226551476757.0000
1029851510821387,0.4573459437,1029851510821387.0000
1799778595027753,0.7992622542,-452021218526424.0000
770405852943820,0.3421289265,770405852943820.0000
1025528035675816,0.4554259351,1025528035675816.0000
331669305903131,0.1472907600,331669305903131.0000
1664760631092575,0.7393022333,-587039182461602.0000
347325566920211,0.1542435366,347325566920211.0000
648332515976548,0.2879174748,648332515976548.0000
2243419378469058,0.9962783392,-8380435085119.0000
1993843221440614,0.8854442608,-257956592113563.0000
1885969884456680,0.8375388758,-365829929097497.0000
566614107135363,0.2516272111,566614107135363.0000
1640418426996712,0.7284921231,-611381386557465.0000
807559868672293,0.3586286240,807559868672293.0000
146201782169622,0.0649266339,146201782169622.0000
77464593259960,0.0344011900,77464593259960.0000
1252812423523697,0.5563604793,-998987390030480.0000
809732009904170,0.3595932485,809732009904170.0000
1427205494832535,0.6338065605,-824594318721642.0000
362407115293299,0.1609410895,362407115293299.0000
1574772908582280,0.6993396567,-677026904971897.0000
1333584175996315,0.5922303430,-918215637557862.0000
369330892573335,0.1640158643,369330892573335.0000
1182038596313048,0.5249305863,-1069761217241129.0000
2142100431764781,0.9512836882,-109699381789396.0000
300272561712959,0.1333478047,300272561712959.0000
2115478722488768,0.9394612744,-136321091065409.0000
1750349328723238,0.7773112504,-501450484830939.0000
487427337826774,0.2164612213,487427337826774.0000
1509496202790339,0.6703509760,-742303610763838.0000
1090670716313477,0.4843550966,1090670716313477.0000
2164003775138521,0.9610107267,-87796038415656.0000
1888072935013591,0.8384728179,-363726878540586.0000
483548522488552,0.2147386813,483548522488552.0000
1394241712312726,0.6191677004,-857558101241451.0000
2236725436555867,0.9933056318,-15074376998310.0000
865823957618929,0.3845030772,865823957618929.0000
2072816702429041,0.9205155316,-178983111125136.0000
1085355510134562,0.4819946709,1085355510134562.0000
1480692722756039,0.6575596613,-771107090798138.0000
1666955046039169,0.7402767493,-584844767515008.0000
1365980113043480,0.6066170291,-885819700510697.0000
962060569005021,0.4272407179,962060569005021.0000
371194669519084,0.1648435475,371194669519084.0000
1404732990884274,0.6238267640,-847066822669903.0000
1891020059798525,0.8397816042,-360779753755652.0000
988522420106134,0.4389921405,988522420106134.0000
215689773939578,0.0957855013,215689773939578.0000
293934208819937,0.1305330106,293934208819937.0000
2071504282957850,0.9199327003,-180295530596327.0000
728457770856202,0.3235002359,728457770856202.0000
1393704510808680,0.6189291350,-858095302745497.0000
420907479665008,0.1869204701,420907479665008.0000
1357966610649091,0.6030583192,-893833202905086.0000
609109622017203,0.2704990108,609109622017203.0000
448776797241396,0.1992969333,448776797241396.0000
49657800339475,0.0220524933,49657800339475.0000
787679204374656,0.3497998355,787679204374656.0000
1104510670985450,0.4905012712,1104510670985450.0000
2022288430270331,0.8980764711,-229511383283846.0000
994917282350960,0.4418320298,994917282350960.0000
1875086289676372,0.8327055888,-376713523877805.0000
1762465544870915,0.7826919313,-489334268683262.0000
1186402753847569,0.5268686616,-1065397059706608.0000
2136277684303711,0.9486978689,-115522129250466.0000
382029501415122,0.1696551794,382029501415122.0000
1096385772044859,0.4868930912,1096385772044859.0000
1372950271813541,0.6097124014,-878849541740636.0000
420493853728012,0.1867367833,420493853728012.0000
1356313928145864,0.6023243807,-895485885408313.0000
1688364742251613,0.7497845644,-563435071302564.0000
61448391941748,0.0272885678,61448391941748.0000
1155636812151648,0.5132058388,-1096163001402529.0000
2098141480577705,0.9317619923,-153658332976472.0000
1597941494184526,0.7096285756,-653858319369651.0000
445925318623204,0.1980306224,445925318623204.0000
2060951656773061,0.9152463928,-190848156781116.0000
1596213382314288,0.7088611397,-655586431239889.0000
1137395719814707,0.5051051665,-1114404093739470.0000
2142187624013587,0.9513224094,-109612189540590.0000
550199109250635,0.2443374877,550199109250635.0000
1753817484926415,0.7788514211,-497982328627762.0000
975048058227158,0.4330083218,975048058227158.0000
644228725700945,0.2860950258,644228725700945.0000
1252793814458214,0.5563522152,-999005999095963.0000
1146597951119178,0.5091917782,-1105201862434999.0000
905578995717222,0.4021578607,905578995717222.0000
1865835194062628,0.8285972771,-385964619491549.0000
606846982987614,0.2694941972,606846982987614.0000
2158506547672031,0.9585694673,-93293265882146.0000
1014705468575540,0.4506197498,1014705468575540.0000
1346250699177242,0.5978554093,-905549114376935.0000
1365246923607133,0.6062914276,-886552889947044.0000
2199122652145863,0.9766066410,-52677161408314.0000
2057463089289456,0.9136971577,-194336724264721.0000
1283308594604660,0.5699034998,-968491218949517.0000
1011739046890915,0.4493023939,1011739046890915.0000
2163194533427521,0.9606513512,-88605280126656.0000
1855219305521965,0.8238828755,-396580508032212.0000
347418466742078,0.1542847924,347418466742078.0000
1186739742593073,0.5270183146,-1065060070961104.0000
2130785362320985,0.9462587880,-121014451233192.0000
1496442839278696,0.6645541181,-755356974275481.0000
1093402209012691,0.4855681231,1093402209012691.0000
376069468198166,0.1670083930,376069468198166.0000
1754240791827733,0.7790394072,-497559021726444.0000
1194593236508000,0.5305059665,-1057206577046177.0000
285891017356674,0.1269611160,285891017356674.0000
1978550085516280,0.8786527442,-273249728037897.0000
421231198103548,0.1870642299,421231198103548.0000
2063663441717045,0.9164506673,-188136371837132.0000
583513755896285,0.2591321628,583513755896285.0000
1686371406546406,0.7488993455,-565428407007771.0000
2044040719435398,0.9077364280,-207759094118779.0000
617575277676392,0.2742585171,617575277676392.0000
1131807689044073,0.5026235824,-1119992124510104.0000
878917286693974,0.3903176834,878917286693974.0000
893145843289163,0.3966364319,893145843289163.0000
1333273695652939,0.5920924621,-918526117901238.0000
1630944307436968,0.7242847688,-620855506117209.0000
1980506101281768,0.8795213897,-271293712272409.0000
879423553609166,0.3905425111,879423553609166.0000
901346265410186,0.4002781508,901346265410186.0000
1804662027678800,0.8014309340,-447137785875377.0000
58399264436941,0.0259344832,58399264436941.0000
1462946221078906,0.6496786314,-788853592475271.0000
255941927070928,0.1136610482,255941927070928.0000
1220142172334583,0.5418519732,-1031657641219594.0000
1698426121835454,0.7542527145,-553373691718723.0000
1361343036304425,0.6045577534,-890456777249752.0000
1232107428601054,0.5471656144,-1019692384953123.0000
1561715269713260,0.6935409002,-690084543840917.0000
410147635987502,0.1821421396,410147635987502.0000
1799814858771423,0.7992783586,-451984954782754.0000
1940994704770950,0.8619748048,-310805108783227.0000
1939706969102924,0.8614029353,-312092844451253.0000
125244333731038,0.0556196572,125244333731038.0000
723130280547383,0.3211343549,723130280547383.0000
1620619599222433,0.7196996773,-631180214331744.0000
288104842628569,0.1279442519,288104842628569.0000
126380886540157,0.0561243880,126380886540157.0000
756720069708801,0.3360512179,756720069708801.0000
1109188945397566,0.4925788424,1109188945397566.0000
1176065341114816,0.5222779281,-1075734472439361.0000
401133067398920,0.1781388670,401133067398920.0000
885683289354884,0.3933223922,885683289354884.0000
476404662762939,0.2115661703,476404662762939.0000
1614942972517746,0.7171787487,-636856841036431.0000
1013798032875406,0.4502167674,1013798032875406.0000
1728882233335066,0.7677779450,-522917580219111.0000
311873608283377,0.1384997043,311873608283377.0000
1565042368738297,0.6950184290,-686757444815880.0000
27623401718021,0.0122672546,27623401718021.0000
1140530535846933,0.5064973045,-1111269277707244.0000
1552868524709384,0.6896121562,-698931288844793.0000
1755500450370718,0.7795988079,-496299363183459.0000
291745071554351,0.1295608383,291745071554351.0000
1684006422150281,0.7478490814,-567793391403896.0000
1022848095500313,0.4542358026,1022848095500313.0000
691114813694340,0.3069166315,691114813694340.0000
2012253353457056,0.8936200018,-239546460097121.0000
166719795296351,0.0740384622,166719795296351.0000
91697730472126,0.0407219727,91697730472126.0000
1390538638151139,0.6175232051,-861261175403038.0000
49343012294398,0.0219126993,49343012294398.0000
969928319106854,0.4307347009,969928319106854.0000
2037007544639162,0.9046130710,-214792268915015.0000
2057758640807484,0.9138284089,-194041172746693.0000
1824046931297149,0.8100395605,-427752882257028.0000
594805748530437,0.2641468149,594805748530437.0000
1621567261863687,0.7201205241,-630232551690490.0000
2104493754298132,0.9345829685,-147306059256045.0000
840560087925481,0.3732836653,840560087925481.0000
2248566764682639,0.9985642379,-3233048871538.0000
1251620467929206,0.5558311447,-1000179345624971.0000
2184803411900717,0.9702476209,-66996401653460.0000
1163648771965468,0.5167638637,-1088151041588709.0000
1513579375294259,0.6721642689,-738220438259918.0000
1055486212210475,0.4687300380,1055486212210475.0000
1548217752286701,0.6875467983,-703582061267476.0000
1379645490853394,0.6126856759,-872154322700783.0000
1591307883909625,0.7066826608,-660491929644552.0000
1389751270789120,0.6171735438,-862048542765057.0000
1466703711235751,0.6513472922,-785096102318426.0000
71850727471854,0.0319081328,71850727471854.0000
181083602155992,0.0804172738,181083602155992.0000
93378499262807,0.0414683840,93378499262807.0000
188395042934706,0.0836642058,188395042934706.0000
1463121904773509,0.6497566506,-788677908780668.0000
597491914406227,0.2653397122,597491914406227.0000
2242541314529333,0.9958884005,-9258499024844.0000
1688215893364847,0.7497184622,-563583920189330.0000
1626885556972643,0.7224823216,-624914256581534.0000
664738276376468,0.2952030959,664738276376468.0000
205834197023867,0.0914087459,205834197023867.0000
660509250102750,0.2933250310,660509250102750.0000
1955965341808130,0.8686231032,-295834471746047.0000
163514317387193,0.0726149440,163514317387193.0000
1299456601478382,0.5770746554,-952343212075795.0000
779344868646634,0.3460986469,779344868646634.0000
2086299352127691,0.9265030309,-165500461426486.0000
1008022320180385,0.4476518357,1008022320180385.0000
835019538865055,0.3708231672,835019538865055.0000
1532832261171744,0.6807142677,-718967552382433.0000
858004606319255,0.3810305877,858004606319255.0000
1303193090176105,0.5787339897,-948606723378072.0000
2248183304788115,0.9983939475,-3616508766062.0000
76284088211809,0.0338769405,76284088211809.0000
607057639342105,0.2695877474,607057639342105.0000
2209226732963617,0.9810937543,-42573080590560.0000
206268343957941,0.0916015459,206268343957941.0000
1495410920125929,0.6640958540,-756388893428248.0000
42683919779077,0.0189554682,42683919779077.0000
1136925937132199,0.5048965411,-1114873876421978.0000
1849635503403530,0.8214031693,-402164310150647.0000
1140245686411427,0.5063708059,-1111554127142750.0000
1382242679985480,0.6138390596,-869557133568697.0000
380807862383894,0.1691126627,380807862383894.0000
2107435706453092,0.9358894577,-144364107101085.0000
1427878802726008,0.6341055693,-823921010828169.0000
139737759801085,0.0620560313,139737759801085.0000
547891195171753,0.2433125680,547891195171753.0000
462693298684507,0.2054771014,462693298684507.0000
1474531379113624,0.6548234751,-777268434440553.0000
1803737491351777,0.8010203574,-448062322202400.0000
1389000156805815,0.6168399822,-862799656748362.0000
331434123549493,0.1471863181,331434123549493.0000
1749918015926639,0.7771197090,-501881797627538.0000
20618709201451,0.0091565463,20618709201451.0000
1096660728589503,0.4870151965,1096660728589503.0000
1646705532011890,0.7312841586,-605094281542287.0000
2041969537930412,0.9068166387,-209830275623765.0000
2106996394308492,0.9356943640,-144803419245685.0000
835304149593367,0.3709495598,835304149593367.0000
560921925537179,0.2490993747,560921925537179.0000
1989768105368317,0.8836345457,-262031708185860.0000
925619960895433,0.4110578371,925619960895433.0000
1011728710398237,0.4492978036,1011728710398237.0000
1868995569915238,0.8300007659,-382804243638939.0000
744606377601046,0.3306716579,744606377601046.0000
79452739522946,0.0352841043,79452739522946.0000
544067791686922,0.2416146357,544067791686922.0000
2185377313877361,0.9705024846,-66422499676816.0000
1587146824554524,0.7048347793,-664652988999653.0000
2088341747942511,0.9274100368,-163458065611666.0000
468124225877325,0.2078889176,468124225877325.0000
1463730717749428,0.6500270179,-788069095804749.0000
852631481980516,0.3786444411,852631481980516.0000
2012477713830940,0.8937196378,-239322099723237.0000
1187561698675765,0.5273833364,-1064238114878412.0000
980943883449667,0.4356265941,980943883449667.0000
1280765518683475,0.5687741472,-971034294870702.0000
1235064608436755,0.5484788661,-1016735205117422.0000
1704232293007046,0.7568311724,-547567520547131.0000
1067993012889444,0.4742841732,1067993012889444.0000
2122607112331715,0.9426269154,-129192701222462.0000
1796657917305807,0.7978763949,-455141896248370.0000
206505029487819,0.0917066554,206505029487819.0000
2082896118517843,0.9249916915,-168903695036334.0000
1203257652829699,0.5343537403,-1048542160724478.0000
1338990581558625,0.5946312694,-912809231995552.0000
2185313802069964,0.9704742797,-66486011484213.0000
1461262740905507,0.6489310160,-790537072648670.0000
1202141573051682,0.5338581013,-1049658240502495.0000
1355534905962946,0.6019784253,-896264907591231.0000
1563727159362744,0.6944343587,-688072654191433.0000
417942046112337,0.1856035530,417942046112337.0000
978832121580544,0.4346887835,978832121580544.0000
154299384347434,0.0685226917,154299384347434.0000
936594070430848,0.4159313207,936594070430848.0000
1037876001426143,0.4609095334,1037876001426143.0000
2230617049297603,0.9905929630,-21182764256574.0000
1586231471577903,0.7044282809,-665568341976274.0000
1342511198090640,0.5961947372,-909288615463537.0000
971726251648539,0.4315331433,971726251648539.0000
142300814627712,0.0631942563,142300814627712.0000
1789528222472587,0.7947101744,-462271591081590.0000
2160011790548277,0.9592379294,-91788023005900.0000
1862585442767647,0.8271540976,-389214370786530.0000
1847022357497622,0.8202426994,-404777456056555.0000
2046932859794305,0.9090207964,-204866953759872.0000
48177006402771,0.0213948887,48177006402771.0000
927378884462100,0.4118389561,927378884462100.0000
542129973088015,0.2407540714,542129973088015.0000
158542427495046,0.0704069814,158542427495046.0000
2042984816172884,0.9072675128,-208814997381293.0000
1394205083977894,0.6191514341,-857594729576283.0000
1667247172445901,0.7404064795,-584552641108276.0000
1558432383208645,0.6920830057,-693367430345532.0000
370204517212489,0.1644038315,370204517212489.0000
280787721287725,0.1246947973,280787721287725.0000
1259450470328721,0.5593083642,-992349343225456.0000
1319246748279841,0.5858632461,-932553065274336.0000
2139129504906637,0.9499643317,-112670308647540.0000
8103639921986,0.0035987391,8103639921986.0000
1363546325061726,0.6055362101,-888253488492451.0000
1830509428120790,0.8129094856,-421290385433387.0000
1152585782676603,0.5118509095,-1099214030877574.0000
1496142619679357,0.6644207938,-755657193874820.0000
166872375284498,0.0741062213,166872375284498.0000
541088561413499,0.2402915917,541088561413499.0000
2189509801158322,0.9723376776,-62290012395855.0000
2207415653298914,0.9802894733,-44384160255263.0000
1764665875030571,0.7836690741,-487133938523606.0000
449330393150117,0.1995427793,449330393150117.0000
1516268515487176,0.6733584870,-735531298067001.0000
1398998619350151,0.6212801915,-852801194204026.0000
1724166023743151,0.7656835272,-527633789811026.0000
86481878360646,0.0384056690,86481878360646.0000
381742740021056,0.1695278318,381742740021056.0000
1866424400716995,0.8288589374,-385375412837182.0000
2009481103937950,0.8923888757,-242318709616227.0000
143486564694345,0.0637208351,143486564694345.0000
971218713555504,0.4313077511,971218713555504.0000
1555663215627919,0.6908532483,-696136597926258.0000
300107266124778,0.1332743987,300107266124778.0000
966944802856244,0.4294097535,966944802856244.0000
2053462780768770,0.9119206638,-198337032785407.0000
1858161710980194,0.8251895661,-393638102573983.0000
856571608206995,0.3803942087,856571608206995.0000
316838446270153,0.1407045353,316838446270153.0000
2106133456984127,0.9353111428,-145666356570050.0000
1550892765179150,0.6887347427,-700907048375027.0000
1347884857640449,0.5985811214,-903914955913728.0000
1566327467284101,0.6955891274,-685472346270076.0000
741855562449947,0.3294500506,741855562449947.0000
249112231668922,0.1106280541,249112231668922.0000
1130555057444384,0.5020673022,-1121244756109793.0000
1824259313314451,0.8101338771,-427540500239726.0000
1100334836401299,0.4886468281,1100334836401299.0000
2091880416308388,0.9289815212,-159919397245789.0000
708278566928673,0.3145388692,708278566928673.0000
795073526310261,0.3530835741,795073526310261.0000
541387615951199,0.2404243986,541387615951199.0000
791959488777050,0.3517006636,791959488777050.0000
1026590499405936,0.4558977637,1026590499405936.0000
94097058659712,0.0417874884,94097058659712.0000
2120340778791804,0.9416204611,-131459034762373.0000
495567797035417,0.2200763114,495567797035417.0000
1749366105161913,0.7768746114,-502433708392264.0000
1103249590935676,0.4899412391,1103249590935676.0000
1103146023755121,0.4898952461,1103146023755121.0000
882311248261132,0.3918249051,882311248261132.0000
1287143571871658,0.5716065718,-964656241682519.0000
59881327477789,0.0265926514,59881327477789.0000
489947717339801,0.2175804947,489947717339801.0000
143103246186481,0.0635506075,143103246186481.0000
1384691131492542,0.6149263905,-867108682061635.0000
1058503345815984,0.4700699145,1058503345815984.0000
2159130341214331,0.9588464872,-92669472339846.0000
2451598494788,0.0010887284,2451598494788.0000
288264260590681,0.1280150477,288264260590681.0000
29806604634725,0.0132367915,29806604634725.0000
757791661126044,0.3365271000,757791661126044.0000
325825404893087,0.1446955466,325825404893087.0000
1514272730094493,0.6724721802,-737527083459684.0000
2009795372208445,0.8925284389,-242004441345732.0000
1680367271738862,0.7462329740,-571432541815315.0000
243396345220883,0.1080896906,243396345220883.0000
1692522949450589,0.7516311793,-559276864103588.0000
487315865392561,0.2164117176,487315865392561.0000
2180774524104283,0.9684584353,-71025289449894.0000
1788406205286705,0.7942118986,-463393608267472.0000
1222516338835205,0.5429063150,-1029283474718972.0000
670314786340196,0.2976795638,670314786340196.0000
861727954132737,0.3826840863,861727954132737.0000
888042179138057,0.3943699497,888042179138057.0000
1429341713084658,0.6347552320,-822458100469519.0000
614357184597765,0.2728293967,614357184597765.0000
1507542630568397,0.6694834157,-744257182985780.0000
858421621725807,0.3812157797,858421621725807.0000
487571323850089,0.2165251640,487571323850089.0000
1567698516557557,0.6961979955,-684101296996620.0000
1748239083556033,0.7763741133,-503560729998144.0000
88050407324723,0.0391022358,88050407324723.0000
617847613272105,0.2743794584,617847613272105.0000
678149630494777,0.3011589336,678149630494777.0000
263903651958744,0.1171967643,263903651958744.0000
975231000301173,0.4330895644,975231000301173.0000
729361362063350,0.3239015110,729361362063350.0000
516338685548574,0.2293004389,516338685548574.0000
883229949202651,0.3922328903,883229949202651.0000
1572443965238364,0.6983053981,-679355848315813.0000
435825057943993,0.1935452056,435825057943993.0000
982970355157562,0.4365265284,982970355157562.0000
1267736638482735,0.5629881621,-984063175071442.0000
416921629917413,0.1851503972,416921629917413.0000
1598106551368756,0.7097018757,-653693262185421.0000
1973855223234285,0.8765678065,-277944590319892.0000
2236062174587366,0.9930110843,-15737638966811.0000
916587719420403,0.4070467161,916587719420403.0000
99224636290121,0.0440645903,99224636290121.0000
277664672939586,0.1233078852,277664672939586.0000
1483352707585293,0.6587409319,-768447105968884.0000
147831102869296,0.0656501977,147831102869296.0000
1124275483601395,0.4992786112,1124275483601395.0000
496562905020476,0.2205182281,496562905020476.0000
293934762185214,0.1305332563,293934762185214.0000
1384609949990581,0.6148903387,-867189863563596.0000
335930175713199,0.1491829663,335930175713199.0000
1095277101020925,0.4864007424,1095277101020925.0000
1709458001473808,0.7591518532,-542341812080369.0000
645270291310800,0.2865575738,645270291310800.0000
2216849794132726,0.9844790735,-34950019421451.0000
662801582175658,0.2943430309,662801582175658.0000
675447188230966,0.2999588081,675447188230966.0000
1708975426349435,0.7589375468,-542824387204742.0000
1567112306484014,0.6959376660,-684687507070163.0000
59143955813103,0.0262651926,59143955813103.0000
1784248244693144,0.7923653932,-467551568861033.0000
881572111324525,0.3914966624,881572111324525.0000
617608757733744,0.2742733852,617608757733744.0000
1315462460263863,0.5841826846,-936337353290314.0000
811883678382943,0.3605487812,811883678382943.0000
297128237241912,0.1319514441,297128237241912.0000
1631237743191998,0.7244150805,-620562070362179.0000
1981652409107090,0.8800304526,-270147404447087.0000
2232863637322992,0.9915906485,-18936176231185.0000
1547948689344308,0.6874273104,-703851124209869.0000
218149992214140,0.0968780577,218149992214140.0000
249575800391560,0.1108339200,249575800391560.0000
1370687919711743,0.6087077153,-881111893842434.0000
1951766252317289,0.8667583329,-300033561236888.0000
1715029492419463,0.7616260922,-536770321134714.0000
1616641872080142,0.7179332116,-635157941474035.0000
62354112333692,0.0276907885,62354112333692.0000
1089773094524520,0.4839564725,1089773094524520.0000
1787552843953752,0.7938329301,-464246969600425.0000
652807417956083,0.2899047304,652807417956083.0000
1306202790041117,0.5800705650,-945597023513060.0000
1015726198645402,0.4510730450,1015726198645402.0000
2159847884855720,0.9591651406,-91951928698457.0000
1455666001815859,0.6464455646,-796133811738318.0000
907596597431009,0.4030538558,907596597431009.0000
1603720906044975,0.7121951500,-648078907509202.0000
1377896978841673,0.6119091806,-873902834712504.0000
2083305923137958,0.9251736813,-168493890416219.0000
723293227784436,0.3212067180,723293227784436.0000
1631999999849717,0.7247535905,-619799813704460.0000
1918202074788303,0.8518528438,-333597738765874.0000
481377564719074,0.2137745824,481377564719074.0000
2082659306499429,0.9248865259,-169140507054748.0000
1770679041043026,0.7863394563,-481120772511151.0000
1139083009291780,0.5058544736,-1112716804262397.0000
169542653802727,0.0752920632,169542653802727.0000
49466413083592,0.0219675003,49466413083592.0000
89300944791786,0.0396575860,89300944791786.0000
1259637136723052,0.5593912608,-992162676831125.0000
1406747418551070,0.6247213496,-845052395003107.0000
1980545941568953,0.8795390823,-271253871985224.0000
1805295576856641,0.8017122863,-446504236697536.0000
1277823324876898,0.5674675507,-973976488677279.0000
1808386216067072,0.8030848058,-443413597487105.0000
550526266582094,0.2444827747,550526266582094.0000
683573007714996,0.3035673969,683573007714996.0000
459198679962723,0.2039251790,459198679962723.0000
94364798562357,0.0419063888,94364798562357.0000
222593340830515,0.0988513009,222593340830515.0000
1548031128030568,0.6874639205,-703768685523609.0000
1862267755193375,0.8270130160,-389532058360802.0000
842968154800604,0.3743530618,842968154800604.0000
1572795567587617,0.6984615409,-679004245966560.0000
137284497685562,0.0609665641,137284497685562.0000
409316960001743,0.1817732454,409316960001743.0000
25899841421408,0.0115018401,25899841421408.0000
587837440253986,0.2610522644,587837440253986.0000
1910953781599174,0.8486339550,-340846031955003.0000
1120209834713830,0.4974731004,1120209834713830.0000
1942994639769696,0.8628629544,-308805173784481.0000
455003210840788,0.2020620164,455003210840788.0000
2164767654040832,0.9613499570,-87032159513345.0000
1455562267921215,0.6463994975,-796237545632962.0000
265916450356624,0.1180906263,265916450356624.0000
307398290628685,0.1365122640,307398290628685.0000
952249826554874,0.4228838731,952249826554874.0000
2066157260443123,0.9175581453,-185642553111054.0000
1559582387733508,0.6925937103,-692217425820669.0000
733233963090221,0.3256212913,733233963090221.0000
37112382587245,0.0164812087,37112382587245.0000
1247420801520155,0.5539661181,-1004379012034022.0000
359714896552877,0.1597455042,359714896552877.0000
1165370449957798,0.5175284423,-1086429363596379.0000
509880573649581,0.2264324611,509880573649581.0000
1159707044784,0.0005150134,1159707044784.0000
1331206615148103,0.5911744939,-920593198406074.0000
836295275873228,0.3713897083,836295275873228.0000
1050376461273155,0.4664608528,1050376461273155.0000
648818503174519,0.2881332964,648818503174519.0000
1726054392532500,0.7665221314,-525745421021677.0000
415105418661298,0.1843438374,415105418661298.0000
943152452329831,0.4188438273,943152452329831.0000
2239535940109640,0.9945537461,-12263873444537.0000
1354716200581094,0.6016148471,-897083612973083.0000
901564764681974,0.4003751840,901564764681974.0000
1166404677231208,0.5179877315,-1085395136322969.0000
1484876686318719,0.6594177144,-766923127235458.0000
1340673355161369,0.5953785710,-911126458392808.0000
1620530394941431,0.7196600627,-631269418612746.0000
460839481786889,0.2046538413,460839481786889.0000
488960254674993,0.2171419732,488960254674993.0000
1738352265473026,0.7719834841,-513447548081151.0000
732244070033268,0.3251816905,732244070033268.0000
625162200189937,0.2776277875,625162200189937.0000
1212509319554082,0.5384623057,-1039290494000095.0000
1351542829333930,0.6002055872,-900256984220247.0000
347486834381388,0.1543151537,347486834381388.0000
1103905190923393,0.4902323840,1103905190923393.0000
767116687058903,0.3406682434,767116687058903.0000
393785146512298,0.1748757346,393785146512298.0000
81654952572311,0.0362620834,81654952572311.0000
1894331233664740,0.8412520608,-357468579889437.0000
609246938168283,0.2705599914,609246938168283.0000
861662569334827,0.3826550496,861662569334827.0000
2068504513591284,0.9186005351,-183295299962893.0000
1038305035455004,0.4611000628,1038305035455004.0000
1061516256846727,0.4714079158,1061516256846727.0000
281566774211658,0.1250407663,281566774211658.0000
1996253902716955,0.8865148184,-255545910837222.0000
1729556008412472,0.7680771612,-522243805141705.0000
2174803582133816,0.9658068044,-76996231420361.0000
1707819041174940,0.7584240086,-543980772379237.0000
395427378863005,0.1756050322,395427378863005.0000
1694918310513619,0.7526949333,-556881503040558.0000
1605865732152310,0.7131476442,-645934081401867.0000
1781294842093623,0.7910538190,-470504971460554.0000
2130778975969774,0.9462559519,-121020837584403.0000
1706678368863197,0.7579174483,-545121444690980.0000
1466477205227175,0.6512467034,-785322608327002.0000
908066819222427,0.4032626763,908066819222427.0000
916939559943289,0.4072029647,916939559943289.0000
2218207398277987,0.9850819708,-33592415276190.0000
1184465750463428,0.5260084592,-1067334063090749.0000
268038424183550,0.1190329720,268038424183550.0000
1189247329421298,0.5281319069,-1062552484132879.0000
1013233683308936,0.4499661458,1013233683308936.0000
1449928568636862,0.6438976324,-801871244917315.0000
498022639644825,0.2211664805,498022639644825.0000
296857789108725,0.1318313410,296857789108725.0000
1785203771234823,0.7927897322,-466596042319354.0000
1225689425309972,0.5443154484,-1026110388244205.0000
179302013976190,0.0796260897,179302013976190.0000
2171698166097687,0.9644277227,-80101647456490.0000
163686359498915,0.0726913461,163686359498915.0000
1204179204445801,0.5347629915,-1047620609108376.0000
130543036804851,0.0579727541,130543036804851.0000
729130993656675,0.3237992069,729130993656675.0000
1906060471868196,0.8464608889,-345739341685981.0000
1786411778604813,0.7933261953,-465388034949364.0000
746923065812256,0.3317004741,746923065812256.0000
1602219526051539,0.7115284034,-649580287502638.0000
2004303523317296,0.8900895680,-247496290236881.0000
743283831738669,0.3300843296,743283831738669.0000
497979100618388,0.2211471453,497979100618388.0000
1784336951295811,0.7924047869,-467462862258366.0000
1962981520154792,0.8717389123,-288818293399385.0000
778067029515501,0.3455311724,778067029515501.0000
587133845763168,0.2607398057,587133845763168.0000
25686016194269,0.0114068826,25686016194269.0000
448661970402861,0.1992459399,448661970402861.0000
2120997927768307,0.9419122939,-130801885785870.0000
261032274765076,0.1159216167,261032274765076.0000
2059389510333532,0.9145526605,-192410303220645.0000
942756005091384,0.4186677694,942756005091384.0000
1192833323137822,0.5297244080,-1058966490416355.0000
277755711960347,0.1233483147,277755711960347.0000
765673847096652,0.3400274938,765673847096652.0000
1870715604948373,0.8307646149,-381084208605804.0000
1048023784915814,0.4654160546,1048023784915814.0000
2011437959327565,0.8932578941,-240361854226612.0000
1764265728072619,0.7834913732,-487534085481558.0000
1838816023115572,0.8165983548,-412983790438605.0000
43710779980984,0.0194114857,43710779980984.0000
1209615534613967,0.5371772070,-1042184278940210.0000
201909048514259,0.0896656298,201909048514259.0000
532202815422377,0.2363455278,532202815422377.0000
1855722163875874,0.8241061895,-396077649678303.0000
2027605911891478,0.9004379074,-224193901662699.0000
1873139434677180,0.8318410115,-378660378876997.0000
1072168298071171,0.4761383723,1072168298071171.0000
218735872085524,0.0971382406,218735872085524.0000
477809649881682,0.2121901099,477809649881682.0000
641388230979340,0.2848335927,641388230979340.0000
26542485636080,0.0117872315,26542485636080.0000
850430189293239,0.3776668708,850430189293239.0000
1417006244430479,0.6292771835,-834793569123698.0000
2205832093617969,0.9795862316,-45967719936208.0000
190234233897988,0.0844809706,190234233897988.0000
1661711503979320,0.7379481488,-590088309574857.0000
1055649408754372,0.4688025118,1055649408754372.0000
102670826986746,0.0455950064,102670826986746.0000
1970610755679462,0.8751269735,-281189057874715.0000
1237593767160472,0.5496020382,-1014206046393705.0000
356933064027106,0.1585101224,356933064027106.0000
167512953365573,0.0743906951,167512953365573.0000
1284894594025456,0.5706078250,-966905219528721.0000
528854010314195,0.2348583596,528854010314195.0000
12513673572861,0.0055571874,12513673572861.0000
1666009460322016,0.7398568249,-585790353232161.0000
10408473443033,0.0046222907,10408473443033.0000
2128797831821375,0.9453761471,-123001981732802.0000
172089609669065,0.0764231388,172089609669065.0000
1804985461635205,0.8015745675,-446814351918972.0000
1542942056530974,0.6852039188,-708857757023203.0000
1886370056686239,0.8377165880,-365429756867938.0000
931340626199906,0.4135983228,931340626199906.0000
1315037536011025,0.5839939803,-936762277543152.0000
762942222050853,0.3388144086,762942222050853.0000
890514145799892,0.3954677234,890514145799892.0000
976195692148301,0.4335179736,976195692148301.0000
1495792499441286,0.6642653092,-756007314112891.0000
677941202429808,0.3010663729,677941202429808.0000
164085582045037,0.0728686365,164085582045037.0000
533457578009767,0.2369027543,533457578009767.0000
1219318050927927,0.5414859898,-1032481762626250.0000
1751914486848595,0.7780063202,-499885326705582.0000
1594282985974023,0.7080038716,-657516827580154.0000
584375132853918,0.2595146910,584375132853918.0000
1963138375601225,0.8718085701,-288661437952952.0000
1034641067894608,0.4594729343,1034641067894608.0000
913576096381050,0.4057092868,913576096381050.0000
1247375724478485,0.5539460999,-1004424089075692.0000
363006536766816,0.1612072861,363006536766816.0000
681012678014903,0.3024303821,681012678014903.0000
626241677074047,0.2781071716,626241677074047.0000
2055014299874429,0.9126096767,-196785513679748.0000
69368989241360,0.0308060196,69368989241360.0000
1388418152999035,0.6165815205,-863381660555142.0000
1808204383254320,0.8030040559,-443595430299857.0000
1992304869813771,0.8847610955,-259494943740406.0000
1079186338542057,0.4792550084,1079186338542057.0000
607199784032551,0.2696508723,607199784032551.0000
1501190379703925,0.6666624496,-750609433850252.0000
904726542447305,0.4017792954,904726542447305.0000
966819509673820,0.4293541121,966819509673820.0000
445694292633078,0.1979280263,445694292633078.0000
390189412286523,0.1732789078,390189412286523.0000
984954858378633,0.4374078248,984954858378633.0000
1098075017086988,0.4876432667,1098075017086988.0000
1844719453780640,0.8192200047,-407080359773537.0000
1114596831764553,0.4949804263,1114596831764553.0000
1777423497201780,0.7893345965,-474376316352397.0000
2072057015370691,0.9201781628,-179742798183486.0000
1623668271987119,0.7210535600,-628131541567058.0000
2171681314265183,0.9644202390,-80118499288994.0000
807124602789837,0.3584353271,807124602789837.0000
1960017397612918,0.8704225774,-291782415941259.0000
664679383314534,0.2951769422,664679383314534.0000
36218360231449,0.0160841830,36218360231449.0000
851558583343010,0.3781679784,851558583343010.0000
1653963725614183,0.7345074441,-597836087939994.0000
328950777964704,0.1460834911,328950777964704.0000
225460079357314,0.1001243885,225460079357314.0000
226659326973137,0.1006569614,226659326973137.0000
1414875471773666,0.6283309303,-836924341780511.0000
1031781419180571,0.4582029952,1031781419180571.0000
906877300281847,0.4027344237,906877300281847.0000
1499890216921318,0.6660850613,-751909596632859.0000
120035769442838,0.0533065900,120035769442838.0000
1191064865862696,0.5289390552,-1060734947691481.0000
1962175598993916,0.8713810114,-289624214560261.0000
812987310803438,0.3610388925,812987310803438.0000
2213441139184870,0.9829653266,-38358674369307.0000
1598987558539951,0.7100931215,-652812255014226.0000
1643787141681685,0.7299881330,-608012671872492.0000
803464833869096,0.3568100632,803464833869096.0000
913266779212595,0.4055719224,913266779212595.0000
2224368406335486,0.9878180080,-27431407218691.0000
1668931277479379,0.7411543724,-582868536074798.0000
1730522032417513,0.7685061620,-521277781136664.0000
978704728581778,0.4346322096,978704728581778.0000
1894516165943905,0.8413341872,-357283647610272.0000
2056204211284712,0.9131381035,-195595602269465.0000
557482965527860,0.2475721697,557482965527860.0000
873651063968045,0.3879790107,873651063968045.0000
1199517797297767,0.5326929108,-1052282016256410.0000
873277591168941,0.3878131555,873277591168941.0000
1798224953263767,0.7985722987,-453574860290410.0000
810243457655180,0.3598203769,810243457655180.0000
557237530214056,0.2474631745,557237530214056.0000
694406263249231,0.3083783288,694406263249231.0000
393281855265590,0.1746522284,393281855265590.0000
1804514649060733,0.8013654847,-447285164493444.0000
1499061638041138,0.6657170984,-752738175513039.0000
432573264823284,0.1921011194,432573264823284.0000
1896617160212817,0.8422672161,-355182653341360.0000
120431969296639,0.0534825381,120431969296639.0000
1400416939743240,0.6219100523,-851382873810937.0000
1969069759719503,0.8744426338,-282730053834674.0000
316729491312181,0.1406561495,316729491312181.0000
1474387711310914,0.6547596738,-777412102243263.0000
1173833791150361,0.5212869208,-1077966022403816.0000
1986469227065774,0.8821695495,-265330586488403.0000
1319837631370806,0.5861256509,-931962182183371.0000
1192015476200823,0.5293612110,-1059784337353354.0000
987543727547062,0.4385575137,987543727547062.0000
3030192959889,0.0013456760,3030192959889.0000
1492754496716313,0.6629161650,-759045316837864.0000
2019113841750435,0.8966666706,-232685971803742.0000
437053301251349,0.1940906552,437053301251349.0000
989579320626800,0.4394614986,989579320626800.0000
1564800624771525,0.6949110731,-686999188782652.0000
1246892971589513,0.5537317146,-1004906841964664.0000
1479407004751069,0.6569886878,-772392808803108.0000
898261464691329,0.3989082241,898261464691329.0000
1993069570483543,0.8851006908,-258730243070634.0000
819578958567020,0.3639661721,819578958567020.0000
934226477736861,0.4148798983,934226477736861.0000
601788144074506,0.2672476214,601788144074506.0000
2130034723845934,0.9459254375,-121765089708243.0000
1907913625151766,0.8472838543,-343886188402411.0000
44035477844110,0.0195556806,44035477844110.0000
2151392928439304,0.9554103857,-100406885114873.0000
577519374918305,0.2564701229,577519374918305.0000
2008307010430844,0.8918674735,-243492803123333.0000
1492064299094868,0.6626096557,-759735514459309.0000
1826527802456162,0.8111412886,-425272011098015.0000
1238894679590020,0.5501797594,-1012905133964157.0000
1435350623045280,0.6374237241,-816449190508897.0000
2227612119038091,0.9892585059,-24187694516086.0000
891395117702001,0.3958589535,891395117702001.0000
233254805076552,0.1035859421,233254805076552.0000
893029591833496,0.3965848058,893029591833496.0000
375024250309662,0.1665442230,375024250309662.0000
324991471158166,0.1443252056,324991471158166.0000
1396845369131139,0.6203239563,-854954444423038.0000
1563223203176216,0.6942105572,-688576610377961.0000
2197429487577638,0.9758547249,-54370325976539.0000
1750414578397028,0.7773402271,-501385235157149.0000
1864082229122785,0.8278188043,-387717584431392.0000
2247366310148642,0.9980311290,-4433503405535.0000
246888428320110,0.1096404871,246888428320110.0000
614036002509117,0.2726867632,614036002509117.0000
1509918448301192,0.6705384907,-741881365252985.0000
1349120709770257,0.5991299500,-902679103783920.0000
2123842605665155,0.9431755847,-127957207889022.0000
2138942425104433,0.9498812515,-112857388449744.0000
689597030439052,0.3062426004,689597030439052.0000
1483931837036016,0.6589981170,-767867976518161.0000
1904401505678768,0.8457241599,-347398307875409.0000
236382915591353,0.1049751022,236382915591353.0000
1938759284967584,0.8609820790,-313040528586593.0000
2198191749112613,0.9761932370,-53608064441564.0000
1147344624490708,0.5095233677,-1104455189063469.0000
249686649003089,0.1108831467,249686649003089.0000
1396077379558338,0.6199829004,-855722433995839.0000
133074332335599,0.0590968751,133074332335599.0000
371232487500500,0.1648603421,371232487500500.0000
1079160952295625,0.4792437346,1079160952295625.0000
1998571999058252,0.8875442599,-253227814495925.0000
927467819078151,0.4118784510,927467819078151.0000
2132273064753984,0.9469194606,-119526748800193.0000
867103691128009,0.3850713931,867103691128009.0000
554480780863010,0.2462389319,554480780863010.0000
360174670382510,0.1599496848,360174670382510.0000
203577596880587,0.0904066141,203577596880587.0000
2101163402906313,0.9331039954,-150636410647864.0000
1766810473156123,0.7846214670,-484989340398054.0000
1154743463634982,0.5128091124,-1097056349919195.0000
137675694048593,0.0611402902,137675694048593.0000
1940403871240353,0.8617124220,-311395942313824.0000
2163944589031579,0.9609844428,-87855224522598.0000
2140625976743260,0.9506288987,-111173836810917.0000
1853149575188471,0.8229637306,-398650238365706.0000
327337816654755,0.1453671924,327337816654755.0000
2217590298178883,0.9848079233,-34209515375294.0000
513368703928217,0.2279815021,513368703928217.0000
1801590996589655,0.8000671222,-450208816964522.0000
1448323728512613,0.6431849402,-803476085041564.0000
1073480644587402,0.4767211713,1073480644587402.0000
330508213586247,0.1467751314,330508213586247.0000
1645071475449876,0.7305584917,-606728338104301.0000
311563473538000,0.1383619768,311563473538000.0000
2213214117966168,0.9828645089,-38585695588009.0000
1291857292084078,0.5736998841,-959942521470099.0000
318550712970434,0.1414649344,318550712970434.0000
1812966409593843,0.8051188204,-438833403960334.0000
668021670076180,0.2966612156,668021670076180.0000
1316709733166745,0.5847365850,-935090080387432.0000
310050583962909,0.1376901189,310050583962909.0000
1695156049306092,0.7528005106,-556643764248085.0000
1944153910269753,0.8633777739,-307645903284424.0000
1011879441120212,0.4493647415,1011879441120212.0000
771940259970505,0.3428103401,771940259970505.0000
114377258061078,0.0507937062,114377258061078.0000
1767840024053508,0.7850786795,-483959789500669.0000
1557917685776335,0.6918544341,-693882127777842.0000
520997474790997,0.2313693569,520997474790997.0000
263242240977579,0.1169030388,263242240977579.0000
1420274103152525,0.6307284043,-831525710401652.0000
1398272201194123,0.6209575970,-853527612360054.0000
89984592554977,0.0399611866,89984592554977.0000
1580346901434397,0.7018150068,-671452912119780.0000
2061131483627279,0.9153262520,-190668329926898.0000
628994372234092,0.2793296138,628994372234092.0000
1729163318305352,0.7679027718,-522636495248825.0000
1371446125766813,0.6090444264,-880353687787364.0000
1155869057134,0.0005133090,1155869057134.0000
1603196477176763,0.7119622568,-648603336377414.0000
912656574348691,0.4053009370,912656574348691.0000
326396327481109,0.1449490872,326396327481109.0000
1764349876719209,0.7835287427,-487449936834968.0000
1669132685753207,0.7412438156,-582667127800970.0000
995578007957734,0.4421254509,995578007957734.0000
1505688048887515,0.6686598160,-746111764666662.0000
1930392944697815,0.8572666776,-321406868856362.0000
2004830269760282,0.8903234904,-246969543793895.0000
684553514804636,0.3040028295,684553514804636.0000
1956543009187569,0.8688796390,-295256804366608.0000
826902466765774,0.3672184631,826902466765774.0000
250792656295495,0.1113743126,250792656295495.0000
1663251516757061,0.7386320519,-588548296797116.0000
2030718545151728,0.9018201942,-221081268402449.0000
793114269456705,0.3522134893,793114269456705.0000
266870439584837,0.1185142827,266870439584837.0000
926691408475755,0.4115336554,926691408475755.0000
268112831391840,0.1190660155,268112831391840.0000
83204297973529,0.0369501309,83204297973529.0000
619633577193520,0.2751725857,619633577193520.0000
1275384030580736,0.5663842864,-976415782973441.0000
1331614950612263,0.5913558313,-920184862941914.0000
2248215126053180,0.9984080790,-3584687500997.0000
1008787854790306,0.4479918014,1008787854790306.0000
679726230229735,0.3018590845,679726230229735.0000
432451103383118,0.1920468688,432451103383118.0000
2103951477791004,0.9343421494,-147848335763173.0000
1419989723685000,0.6306021144,-831810089869177.0000
32966758941801,0.0146401819,32966758941801.0000
674290073095932,0.2994449458,674290073095932.0000
1174393640928271,0.5215355441,-1077406172625906.0000
17856394751333,0.0079298322,17856394751333.0000
1930813722894859,0.8574535406,-320986090659318.0000
550155068605870,0.2443179297,550155068605870.0000
1007480911075269,0.4474114018,1007480911075269.0000
1907704235234614,0.8471908665,-344095578319563.0000
1431618514467057,0.6357663349,-820181299087120.0000
1162476515149944,0.5162432771,-1089323298404233.0000
597698672124155,0.2654315310,597698672124155.0000
1699893627587169,0.7549044179,-551906185967008.0000
49041791873242,0.0217789306,49041791873242.0000
1737035208690087,0.7713985934,-514764604864090.0000
275204978364459,0.1222155614,275204978364459.0000
1304800090118399,0.5794476411,-946999723435778.0000
2037709874333974,0.9049249680,-214089939220203.0000
1099586330003070,0.4883144245,1099586330003070.0000
1939021859535692,0.8610986855,-312777954018485.0000
803597129089809,0.3568688141,803597129089809.0000
120847421133537,0.0536670358,120847421133537.0000
361132356631281,0.1603749829,361132356631281.0000
1149610821799732,0.5105297615,-1102188991754445.0000
1201091171102545,0.5333916292,-1050708642451632.0000
762088793151048,0.3384354100,762088793151048.0000
987768894366858,0.4386575078,987768894366858.0000
65459354316960,0.0290697929,65459354316960.0000
260633960418135,0.1157447295,260633960418135.0000
992240080817161,0.4406431135,992240080817161.0000
662386243760350,0.2941585836,662386243760350.0000
493883968780891,0.2193285415,493883968780891.0000
51226792371935,0.0227492657,51226792371935.0000
36507970065696,0.0162127956,36507970065696.0000
1321116705467138,0.5866936739,-930683108087039.0000
396750351399192,0.1761925501,396750351399192.0000
845395572866767,0.3754310520,845395572866767.0000
2060846209601795,0.9151995649,-190953603952382.0000
1339563816636243,0.5948858369,-912235996917934.0000
397143657361846,0.1763672130,397143657361846.0000
2224572959356986,0.9879088478,-27226854197191.0000
884841360455577,0.3929485006,884841360455577.0000
809066694904745,0.3592977893,809066694904745.0000
219018917364227,0.0972639380,219018917364227.0000
1232714443476560,0.5474351832,-1019085370077617.0000
2051842030512007,0.9112009061,-199957783042170.0000
56719468099607,0.0251885038,56719468099607.0000
1510165190371571,0.6706480662,-741634623182606.0000
1037414593308948,0.4607046271,1037414593308948.0000
94288360862047,0.0418724437,94288360862047.0000
2062353149585102,0.9158687807,-189446663969075.0000
399147626712252,0.1772571542,399147626712252.0000
2197446869015935,0.9758624438,-54352944538242.0000
2045173432064014,0.9082394535,-206626381490163.0000
591799598609206,0.2628118162,591799598609206.0000
702336250745132,0.3118999507,702336250745132.0000
18970182513705,0.0084244534,18970182513705.0000
1792865357071002,0.7961921598,-458934456483175.0000
1495550091236371,0.6641576583,-756249722317806.0000
1715809435689110,0.7619724566,-535990377865067.0000
665011976843056,0.2953246434,665011976843056.0000
243158776481059,0.1079841889,243158776481059.0000
1986663575963749,0.8822558577,-265136237590428.0000
640616112566946,0.2844907033,640616112566946.0000
351137176931177,0.1559362315,351137176931177.0000
1808050160845967,0.8029355673,-443749652708210.0000
655370212311637,0.2910428398,655370212311637.0000
343355410089269,0.1524804328,343355410089269.0000
469885774424542,0.2086712023,469885774424542.0000
750501653042258,0.3332896861,750501653042258.0000
2206629551857337,0.9799403742,-45170261696840.0000
2109540556309797,0.9368241989,-142259257244380.0000
2216788232231689,0.9844517345,-35011581322488.0000
1429641745873643,0.6348884733,-822158067680534.0000
489943556260376,0.2175786468,489943556260376.0000
1033337043908264,0.4588938314,1033337043908264.0000
1898595631064512,0.8431458337,-353204182489665.0000
1229769209559225,0.5461272366,-1022030603994952.0000
340974137938466,0.1514229355,340974137938466.0000
1380407540408431,0.6130240939,-871392273145746.0000
2158741853429216,0.9586739640,-93057960124961.0000
718431519783775,0.3190476860,718431519783775.0000
557233342243860,0.2474613147,557233342243860.0000
804108180087892,0.3570957663,804108180087892.0000
1480350741662923,0.6574077912,-771449071891254.0000
236955677922127,0.1052294598,236955677922127.0000
1045208264245129,0.4641657122,1045208264245129.0000
615772926612924,0.2734581124,615772926612924.0000
1389636567096881,0.6171226051,-862163246457296.0000
1389374474505703,0.6170062126,-862425339048474.0000
2011319345830086,0.8932052191,-240480467724091.0000
869177408671965,0.3859923087,869177408671965.0000
54214082653083,0.0240758891,54214082653083.0000
2011358793956443,0.8932227376,-240441019597734.0000
1668495230940193,0.7409607288,-583304582613984.0000
650404045391631,0.2888374186,650404045391631.0000
417770041569453,0.1855271677,417770041569453.0000
1018535142412362,0.4523204666,1018535142412362.0000
2196277795767305,0.9753432710,-55522017786872.0000
2074131509383894,0.9210994232,-177668304170283.0000
984425615740119,0.4371727939,984425615740119.0000
740341508572781,0.3287776756,740341508572781.0000
134392430737023,0.0596822284,134392430737023.0000
2026160002949265,0.8997957948,-225639810604912.0000
378901813336139,0.1682662069,378901813336139.0000
1272901110400463,0.5652816484,-978898703153714.0000
108059498341017,0.0479880572,108059498341017.0000
555804744096575,0.2468268897,555804744096575.0000
775732124510077,0.3444942662,775732124510077.0000
167859430399227,0.0745445618,167859430399227.0000
824969575290561,0.3663600869,824969575290561.0000
1558617025717032,0.6921650034,-693182787837145.0000
393646815979066,0.1748143035,393646815979066.0000
2084832938720383,0.9258518125,-166966874833794.0000
1211539631104816,0.5380316775,-1040260182449361.0000
1236965724522142,0.5493231312,-1014834089032035.0000
1338504919967368,0.5944155923,-913294893586809.0000
2094902995607671,0.9303238161,-156896817946506.0000
2139577777168322,0.9501634045,-112222036385855.0000
1058515024766442,0.4700751010,1058515024766442.0000
837357771817270,0.3718615513,837357771817270.0000
2092801368197278,0.9293905060,-158998445356899.0000
333701554982715,0.1481932599,333701554982715.0000
805971564337725,0.3579232752,805971564337725.0000
966612831200656,0.4292623285,966612831200656.0000
161508570304766,0.0717242134,161508570304766.0000
1341886298454432,0.5959172260,-909913515099745.0000
856982507249401,0.3805766845,856982507249401.0000
938265360369768,0.4166735225,938265360369768.0000
757186803491953,0.3362584893,757186803491953.0000
842073493119480,0.3739557522,842073493119480.0000
1192761516255270,0.5296925193,-1059038297298907.0000
1159697109550127,0.5150089731,-1092102704004050.0000
859407277921722,0.3816534990,859407277921722.0000
1379250022271650,0.6125100526,-872549791282527.0000
556450723877465,0.2471137623,556450723877465.0000
300040558567057,0.1332447746,300040558567057.0000
1316627201443479,0.5846999336,-935172612110698.0000
1494658011388744,0.6637614953,-757141802165433.0000
