index,value
0,0.0000000000
1,3.0000000000
2,2.0000000000
3,1.0000000000
4,1.0000000000
5,-4.0000000000
6,-1.0000000000
7,2.0000000000
8,-1.0000000000
9,-1.0000000000
10,-1.0000000000
11,-2.0000000000
12,-1.0000000000
13,1.0000000000
14,4.0000000000
15,11.0000000000
16,2.0000000000
17,2.0000000000
18,1.0000000000
19,2.0000000000
20,0.0000000000
21,3.0000000000
22,-5.0000000000
23,1.0000000000
24,10.0000000000
25,1.0000000000
26,-2.0000000000
27,1.0000000000
28,2.0000000000
29,-4.0000000000
30,-4.0000000000
31,-2.0000000000
32,1.0000000000
33,2.0000000000
34,4.0000000000
35,1.0000000000
36,3.0000000000
37,-1.0000000000
38,2.0000000000
39,-2.0000000000
40,1.0000000000
41,-2.0000000000
42,-9.0000000000
43,4.0000000000
44,1.0000000000
45,-1.0000000000
46,-1.0000000000
47,2.0000000000
48,3.0000000000
49,5.0000000000
50,3.0000000000
51,-4.0000000000
52,-2.0000000000
53,-2.0000000000
54,-2.0000000000
55,1.0000000000
56,1.0000000000
57,-1.0000000000
58,-2.0000000000
59,0.0000000000
60,0.0000000000
61,-1.0000000000
62,0.0000000000
63,0.0000000000
64,-2.0000000000
65,0.0000000000
66,-2.0000000000
67,-2.0000000000
68,-1.0000000000
69,-1.0000000000
70,-4.0000000000
71,-2.0000000000
72,2.0000000000
73,-1.0000000000
74,7.0000000000
75,-4.0000000000
76,1.0000000000
77,-2.0000000000
78,1.0000000000
79,-2.0000000000
80,3.0000000000
81,-2.0000000000
82,-1.0000000000
83,-6.0000000000
84,-1.0000000000
85,3.0000000000
86,-2.0000000000
87,5.0000000000
88,2.0000000000
89,2.0000000000
90,1.0000000000
91,-3.0000000000
92,3.0000000000
93,-1.0000000000
94,5.0000000000
95,-2.0000000000
96,-3.0000000000
97,1.0000000000
98,1.0000000000
99,-2.0000000000
100,-3.0000000000
101,-3.0000000000
102,-2.0000000000
103,2.0000000000
104,0.0000000000
105,0.0000000000
106,5.0000000000
107,-3.0000000000
108,0.0000000000
109,0.0000000000
110,3.0000000000
111,-4.0000000000
112,-2.0000000000
113,2.0000000000
114,1.0000000000
115,-1.0000000000
116,1.0000000000
117,0.0000000000
118,0.0000000000
119,3.0000000000
120,2.0000000000
121,1.0000000000
122,0.0000000000
123,5.0000000000
124,-4.0000000000
125,2.0000000000
126,-2.0000000000
127,8.0000000000
128,-6.0000000000
129,-3.0000000000
130,0.0000000000
131,-1.0000000000
132,0.0000000000
133,-1.0000000000
134,0.0000000000
135,-3.0000000000
136,4.0000000000
137,1.0000000000
138,-4.0000000000
139,-2.0000000000
140,-1.0000000000
141,6.0000000000
142,4.0000000000
143,0.0000000000
144,-2.0000000000
145,-6.0000000000
146,-3.0000000000
147,-2.0000000000
148,-2.0000000000
149,4.0000000000
150,-4.0000000000
151,-4.0000000000
152,0.0000000000
153,1.0000000000
154,6.0000000000
155,3.0000000000
156,-4.0000000000
157,5.0000000000
158,-2.0000000000
159,-2.0000000000
160,-6.0000000000
161,-5.0000000000
162,-6.0000000000
163,6.0000000000
164,-5.0000000000
165,-1.0000000000
166,-7.0000000000
167,-2.0000000000
168,-1.0000000000
169,0.0000000000
170,-4.0000000000
171,0.0000000000
172,0.0000000000
173,-1.0000000000
174,-5.0000000000
175,-3.0000000000
176,1.0000000000
177,7.0000000000
178,5.0000000000
179,0.0000000000
180,0.0000000000
181,1.0000000000
182,0.0000000000
183,4.0000000000
184,-4.0000000000
185,-4.0000000000
186,-3.0000000000
187,2.0000000000
188,0.0000000000
189,3.0000000000
190,4.0000000000
191,-3.0000000000
192,-2.0000000000
193,0.0000000000
194,-4.0000000000
195,3.0000000000
196,4.0000000000
197,2.0000000000
198,4.0000000000
199,0.0000000000
200,3.0000000000
201,-1.0000000000
202,-2.0000000000
203,3.0000000000
204,1.0000000000
205,3.0000000000
206,-1.0000000000
207,4.0000000000
208,-1.0000000000
209,-1.0000000000
210,-4.0000000000
211,-2.0000000000
212,-2.0000000000
213,1.0000000000
214,1.0000000000
215,-5.0000000000
216,0.0000000000
217,-1.0000000000
218,4.0000000000
219,0.0000000000
220,-1.0000000000
221,-7.0000000000
222,4.0000000000
223,-4.0000000000
224,-3.0000000000
225,-2.0000000000
226,-4.0000000000
227,3.0000000000
228,-2.0000000000
229,-6.0000000000
230,4.0000000000
231,4.0000000000
232,-1.0000000000
233,0.0000000000
234,1.0000000000
235,9.0000000000
236,0.0000000000
237,0.0000000000
238,1.0000000000
239,-5.0000000000
240,-2.0000000000
241,7.0000000000
242,1.0000000000
243,-1.0000000000
244,-3.0000000000
245,2.0000000000
246,-5.0000000000
247,-8.0000000000
248,1.0000000000
249,-6.0000000000
250,-2.0000000000
251,0.0000000000
252,-2.0000000000
253,2.0000000000
254,-2.0000000000
255,2.0000000000
256,2.0000000000
257,-1.0000000000
258,-2.0000000000
259,2.0000000000
260,1.0000000000
261,2.0000000000
262,2.0000000000
263,8.0000000000
264,2.0000000000
265,0.0000000000
266,5.0000000000
267,-6.0000000000
268,4.0000000000
269,-6.0000000000
270,2.0000000000
271,-2.0000000000
272,0.0000000000
273,-2.0000000000
274,-2.0000000000
275,-4.0000000000
276,-1.0000000000
277,-3.0000000000
278,1.0000000000
279,0.0000000000
280,-3.0000000000
281,-1.0000000000
282,5.0000000000
283,5.0000000000
284,-3.0000000000
285,2.0000000000
286,5.0000000000
287,0.0000000000
288,3.0000000000
289,-5.0000000000
290,4.0000000000
291,2.0000000000
292,2.0000000000
293,-6.0000000000
294,0.0000000000
295,-2.0000000000
296,0.0000000000
297,-4.0000000000
298,1.0000000000
299,-2.0000000000
300,-1.0000000000
301,-12.0000000000
302,4.0000000000
303,-3.0000000000
304,1.0000000000
305,-1.0000000000
306,-2.0000000000
307,-3.0000000000
308,0.0000000000
309,4.0000000000
310,-2.0000000000
311,5.0000000000
312,0.0000000000
313,1.0000000000
314,0.0000000000
315,2.0000000000
316,6.0000000000
317,0.0000000000
318,-3.0000000000
319,2.0000000000
320,-6.0000000000
321,2.0000000000
322,-7.0000000000
323,4.0000000000
324,-3.0000000000
325,1.0000000000
326,-2.0000000000
327,2.0000000000
328,1.0000000000
329,-2.0000000000
330,-6.0000000000
331,1.0000000000
332,4.0000000000
333,5.0000000000
334,3.0000000000
335,-4.0000000000
336,1.0000000000
337,1.0000000000
338,-2.0000000000
339,-2.0000000000
340,1.0000000000
341,-1.0000000000
342,7.0000000000
343,-1.0000000000
344,1.0000000000
345,4.0000000000
346,-3.0000000000
347,4.0000000000
348,3.0000000000
349,-1.0000000000
350,-1.0000000000
351,0.0000000000
352,0.0000000000
353,0.0000000000
354,-3.0000000000
355,-6.0000000000
356,-1.0000000000
357,-1.0000000000
358,-2.0000000000
359,-1.0000000000
360,2.0000000000
361,1.0000000000
362,2.0000000000
363,3.0000000000
364,-5.0000000000
365,-4.0000000000
366,1.0000000000
367,1.0000000000
368,-5.0000000000
369,-4.0000000000
370,0.0000000000
371,3.0000000000
372,2.0000000000
373,-3.0000000000
374,1.0000000000
375,-3.0000000000
376,0.0000000000
377,-5.0000000000
378,2.0000000000
379,2.0000000000
380,5.0000000000
381,-5.0000000000
382,-2.0000000000
383,0.0000000000
384,-2.0000000000
385,-5.0000000000
386,1.0000000000
387,-4.0000000000
388,2.0000000000
389,6.0000000000
390,-2.0000000000
391,-1.0000000000
392,2.0000000000
393,-3.0000000000
394,-2.0000000000
395,-3.0000000000
396,2.0000000000
397,4.0000000000
398,-1.0000000000
399,3.0000000000
400,1.0000000000
401,-3.0000000000
402,-7.0000000000
403,3.0000000000
404,3.0000000000
405,6.0000000000
406,4.0000000000
407,-1.0000000000
408,0.0000000000
409,0.0000000000
410,7.0000000000
411,-2.0000000000
412,4.0000000000
413,-7.0000000000
414,-2.0000000000
415,2.0000000000
416,3.0000000000
417,-2.0000000000
418,2.0000000000
419,-1.0000000000
420,0.0000000000
421,-5.0000000000
422,3.0000000000
423,-5.0000000000
424,0.0000000000
425,0.0000000000
426,-2.0000000000
427,4.0000000000
428,-1.0000000000
429,1.0000000000
430,3.0000000000
431,-1.0000000000
432,2.0000000000
433,5.0000000000
434,2.0000000000
435,-7.0000000000
436,1.0000000000
437,0.0000000000
438,-1.0000000000
439,-4.0000000000
440,-7.0000000000
441,0.0000000000
442,-2.0000000000
443,1.0000000000
444,1.0000000000
445,-3.0000000000
446,-3.0000000000
447,-8.0000000000
448,0.0000000000
449,-3.0000000000
450,6.0000000000
451,0.0000000000
452,1.0000000000
453,2.0000000000
454,-8.0000000000
455,-4.0000000000
456,1.0000000000
457,2.0000000000
458,2.0000000000
459,-1.0000000000
460,-4.0000000000
461,2.0000000000
462,-4.0000000000
463,0.0000000000
464,3.0000000000
465,8.0000000000
466,-1.0000000000
467,2.0000000000
468,5.0000000000
469,0.0000000000
470,2.0000000000
471,0.0000000000
472,-2.0000000000
473,-4.0000000000
474,-3.0000000000
475,-3.0000000000
476,2.0000000000
477,3.0000000000
478,0.0000000000
479,-1.0000000000
480,1.0000000000
481,-1.0000000000
482,-2.0000000000
483,2.0000000000
484,1.0000000000
485,-1.0000000000
486,-1.0000000000
487,-3.0000000000
488,-3.0000000000
489,3.0000000000
490,-1.0000000000
491,0.0000000000
492,-3.0000000000
493,-3.0000000000
494,2.0000000000
495,3.0000000000
496,-6.0000000000
497,1.0000000000
498,-2.0000000000
499,-1.0000000000
500,-4.0000000000
501,0.0000000000
502,-2.0000000000
503,1.0000000000
504,1.0000000000
505,0.0000000000
506,0.0000000000
507,-2.0000000000
508,-4.0000000000
509,-2.0000000000
510,-4.0000000000
511,2.0000000000
512,3.0000000000
513,3.0000000000
514,-4.0000000000
515,-3.0000000000
516,-2.0000000000
517,6.0000000000
518,-6.0000000000
519,0.0000000000
520,5.0000000000
521,-1.0000000000
522,-1.0000000000
523,1.0000000000
524,2.0000000000
525,-1.0000000000
526,6.0000000000
527,5.0000000000
528,-7.0000000000
529,-2.0000000000
530,0.0000000000
531,-3.0000000000
532,6.0000000000
533,9.0000000000
534,-3.0000000000
535,1.0000000000
536,0.0000000000
537,2.0000000000
538,0.0000000000
539,3.0000000000
540,2.0000000000
541,6.0000000000
542,1.0000000000
543,3.0000000000
544,-2.0000000000
545,2.0000000000
546,-2.0000000000
547,5.0000000000
548,-3.0000000000
549,2.0000000000
550,-2.0000000000
551,-1.0000000000
552,0.0000000000
553,1.0000000000
554,0.0000000000
555,-2.0000000000
556,1.0000000000
557,1.0000000000
558,1.0000000000
559,-3.0000000000
560,4.0000000000
561,2.0000000000
562,-1.0000000000
563,-8.0000000000
564,-4.0000000000
565,6.0000000000
566,5.0000000000
567,1.0000000000
568,-1.0000000000
569,-2.0000000000
570,1.0000000000
571,2.0000000000
572,-3.0000000000
573,-2.0000000000
574,1.0000000000
575,-4.0000000000
576,-3.0000000000
577,0.0000000000
578,-3.0000000000
579,1.0000000000
580,-1.0000000000
581,1.0000000000
582,3.0000000000
583,-6.0000000000
584,0.0000000000
585,0.0000000000
586,1.0000000000
587,5.0000000000
588,4.0000000000
589,0.0000000000
590,-5.0000000000
591,4.0000000000
592,3.0000000000
593,2.0000000000
594,0.0000000000
595,2.0000000000
596,-5.0000000000
597,-1.0000000000
598,-4.0000000000
599,-6.0000000000
600,-1.0000000000
601,4.0000000000
602,3.0000000000
603,3.0000000000
604,1.0000000000
605,-3.0000000000
606,4.0000000000
607,-1.0000000000
608,2.0000000000
609,-4.0000000000
610,1.0000000000
611,6.0000000000
612,1.0000000000
613,-2.0000000000
614,2.0000000000
615,-3.0000000000
616,3.0000000000
617,6.0000000000
618,-5.0000000000
619,0.0000000000
620,8.0000000000
621,-2.0000000000
622,-4.0000000000
623,4.0000000000
624,-1.0000000000
625,1.0000000000
626,-2.0000000000
627,5.0000000000
628,1.0000000000
629,0.0000000000
630,3.0000000000
631,-5.0000000000
632,5.0000000000
633,-1.0000000000
634,2.0000000000
635,-2.0000000000
636,1.0000000000
637,-3.0000000000
638,0.0000000000
639,-3.0000000000
640,4.0000000000
641,0.0000000000
642,1.0000000000
643,-4.0000000000
644,-1.0000000000
645,-2.0000000000
646,2.0000000000
647,1.0000000000
648,1.0000000000
649,0.0000000000
650,-2.0000000000
651,-5.0000000000
652,3.0000000000
653,2.0000000000
654,0.0000000000
655,2.0000000000
656,2.0000000000
657,0.0000000000
658,-2.0000000000
659,0.0000000000
660,4.0000000000
661,1.0000000000
662,2.0000000000
663,-3.0000000000
664,-1.0000000000
665,-3.0000000000
666,1.0000000000
667,-1.0000000000
668,-1.0000000000
669,2.0000000000
670,4.0000000000
671,-2.0000000000
672,2.0000000000
673,-3.0000000000
674,-1.0000000000
675,-2.0000000000
676,3.0000000000
677,-1.0000000000
678,1.0000000000
679,0.0000000000
680,2.0000000000
681,0.0000000000
682,5.0000000000
683,1.0000000000
684,1.0000000000
685,2.0000000000
686,5.0000000000
687,2.0000000000
688,0.0000000000
689,-3.0000000000
690,1.0000000000
691,3.0000000000
692,-1.0000000000
693,-1.0000000000
694,-1.0000000000
695,1.0000000000
696,-2.0000000000
697,3.0000000000
698,3.0000000000
699,-2.0000000000
700,-1.0000000000
701,2.0000000000
702,-2.0000000000
703,6.0000000000
704,-3.0000000000
705,-5.0000000000
706,5.0000000000
707,-3.0000000000
708,0.0000000000
709,-1.0000000000
710,-1.0000000000
711,2.0000000000
712,-4.0000000000
713,-1.0000000000
714,-3.0000000000
715,-4.0000000000
716,-6.0000000000
717,-1.0000000000
718,0.0000000000
719,-6.0000000000
720,2.0000000000
721,6.0000000000
722,1.0000000000
723,-2.0000000000
724,0.0000000000
725,-1.0000000000
726,-5.0000000000
727,0.0000000000
728,5.0000000000
729,2.0000000000
730,-4.0000000000
731,-2.0000000000
732,-1.0000000000
733,-1.0000000000
734,3.0000000000
735,-2.0000000000
736,-3.0000000000
737,0.0000000000
738,-1.0000000000
739,3.0000000000
740,-1.0000000000
741,-1.0000000000
742,3.0000000000
743,1.0000000000
744,2.0000000000
745,-1.0000000000
746,-3.0000000000
747,0.0000000000
748,2.0000000000
749,0.0000000000
750,1.0000000000
751,-4.0000000000
752,-2.0000000000
753,-2.0000000000
754,-3.0000000000
755,-1.0000000000
756,-1.0000000000
757,-4.0000000000
758,-4.0000000000
759,3.0000000000
760,3.0000000000
761,-4.0000000000
762,4.0000000000
763,2.0000000000
764,3.0000000000
765,-3.0000000000
766,-1.0000000000
767,-2.0000000000
768,0.0000000000
769,-3.0000000000
770,-4.0000000000
771,6.0000000000
772,-1.0000000000
773,5.0000000000
774,-1.0000000000
775,4.0000000000
776,-2.0000000000
777,1.0000000000
778,-1.0000000000
779,2.0000000000
780,4.0000000000
781,1.0000000000
782,1.0000000000
783,7.0000000000
784,3.0000000000
785,-1.0000000000
786,-8.0000000000
787,-1.0000000000
788,1.0000000000
789,-1.0000000000
790,3.0000000000
791,-4.0000000000
792,-3.0000000000
793,3.0000000000
794,3.0000000000
795,4.0000000000
796,1.0000000000
797,0.0000000000
798,-1.0000000000
799,-2.0000000000
800,4.0000000000
801,-2.0000000000
802,-4.0000000000
803,-3.0000000000
804,1.0000000000
805,-2.0000000000
806,1.0000000000
807,-2.0000000000
808,4.0000000000
809,-2.0000000000
810,-1.0000000000
811,3.0000000000
812,4.0000000000
813,-1.0000000000
814,-3.0000000000
815,-3.0000000000
816,-5.0000000000
817,-5.0000000000
818,-8.0000000000
819,2.0000000000
820,-3.0000000000
821,5.0000000000
822,1.0000000000
823,-2.0000000000
824,0.0000000000
825,-5.0000000000
826,4.0000000000
827,-1.0000000000
828,6.0000000000
829,-8.0000000000
830,2.0000000000
831,0.0000000000
832,4.0000000000
833,-2.0000000000
834,-1.0000000000
835,-2.0000000000
836,-3.0000000000
837,-4.0000000000
838,-6.0000000000
839,-2.0000000000
840,-1.0000000000
841,6.0000000000
842,-1.0000000000
843,-3.0000000000
844,-2.0000000000
845,-2.0000000000
846,-5.0000000000
847,-1.0000000000
848,5.0000000000
849,1.0000000000
850,0.0000000000
851,1.0000000000
852,4.0000000000
853,-1.0000000000
854,-1.0000000000
855,-4.0000000000
856,1.0000000000
857,4.0000000000
858,0.0000000000
859,0.0000000000
860,0.0000000000
861,-1.0000000000
862,5.0000000000
863,-5.0000000000
864,1.0000000000
865,-8.0000000000
866,1.0000000000
867,1.0000000000
868,0.0000000000
869,4.0000000000
870,0.0000000000
871,-3.0000000000
872,4.0000000000
873,-1.0000000000
874,-1.0000000000
875,-2.0000000000
876,3.0000000000
877,-4.0000000000
878,3.0000000000
879,1.0000000000
880,1.0000000000
881,4.0000000000
882,0.0000000000
883,-1.0000000000
884,-2.0000000000
885,10.0000000000
886,7.0000000000
887,1.0000000000
888,1.0000000000
889,0.0000000000
890,-1.0000000000
891,5.0000000000
892,2.0000000000
893,1.0000000000
894,6.0000000000
895,5.0000000000
896,1.0000000000
897,1.0000000000
898,6.0000000000
899,-1.0000000000
900,-6.0000000000
901,2.0000000000
902,-1.0000000000
903,0.0000000000
904,-1.0000000000
905,-2.0000000000
906,-4.0000000000
907,-2.0000000000
908,-1.0000000000
909,6.0000000000
910,2.0000000000
911,3.0000000000
912,1.0000000000
913,-4.0000000000
914,-2.0000000000
915,1.0000000000
916,-1.0000000000
917,-3.0000000000
918,-4.0000000000
919,-1.0000000000
920,2.0000000000
921,-2.0000000000
922,-3.0000000000
923,6.0000000000
924,3.0000000000
925,0.0000000000
926,-3.0000000000
927,-6.0000000000
928,-10.0000000000
929,0.0000000000
930,-2.0000000000
931,-2.0000000000
932,2.0000000000
933,-2.0000000000
934,-1.0000000000
935,-6.0000000000
936,1.0000000000
937,-4.0000000000
938,4.0000000000
939,-1.0000000000
940,3.0000000000
941,-1.0000000000
942,-3.0000000000
943,-4.0000000000
944,-2.0000000000
945,3.0000000000
946,-7.0000000000
947,-1.0000000000
948,1.0000000000
949,-4.0000000000
950,3.0000000000
951,1.0000000000
952,-1.0000000000
953,-4.0000000000
954,-1.0000000000
955,4.0000000000
956,-4.0000000000
957,2.0000000000
958,-2.0000000000
959,0.0000000000
960,1.0000000000
961,-6.0000000000
962,-1.0000000000
963,1.0000000000
964,-5.0000000000
965,2.0000000000
966,-2.0000000000
967,-1.0000000000
968,-5.0000000000
969,-2.0000000000
970,5.0000000000
971,-2.0000000000
972,0.0000000000
973,-6.0000000000
974,1.0000000000
975,2.0000000000
976,3.0000000000
977,-3.0000000000
978,8.0000000000
979,5.0000000000
980,1.0000000000
981,2.0000000000
982,-1.0000000000
983,5.0000000000
984,-2.0000000000
985,5.0000000000
986,0.0000000000
987,7.0000000000
988,0.0000000000
989,-4.0000000000
990,-2.0000000000
991,-3.0000000000
992,-1.0000000000
993,3.0000000000
994,3.0000000000
995,-2.0000000000
996,4.0000000000
997,2.0000000000
998,2.0000000000
999,1.0000000000
1000,2.0000000000
1001,4.0000000000
1002,7.0000000000
1003,-2.0000000000
1004,-3.0000000000
1005,1.0000000000
1006,-1.0000000000
1007,-4.0000000000
1008,1.0000000000
1009,2.0000000000
1010,-2.0000000000
1011,-7.0000000000
1012,2.0000000000
1013,0.0000000000
1014,-5.0000000000
1015,1.0000000000
1016,2.0000000000
1017,-1.0000000000
1018,-2.0000000000
1019,-1.0000000000
1020,0.0000000000
1021,-1.0000000000
1022,-3.0000000000
1023,2.0000000000
1024,5.0000000000
1025,5.0000000000
1026,3.0000000000
1027,-1.0000000000
1028,-5.0000000000
1029,-6.0000000000
1030,2.0000000000
1031,2.0000000000
1032,3.0000000000
1033,-3.0000000000
1034,3.0000000000
1035,3.0000000000
1036,-2.0000000000
1037,3.0000000000
1038,-2.0000000000
1039,-6.0000000000
1040,4.0000000000
1041,-2.0000000000
1042,-1.0000000000
1043,-1.0000000000
1044,-5.0000000000
1045,4.0000000000
1046,3.0000000000
1047,-5.0000000000
1048,-1.0000000000
1049,-2.0000000000
1050,-3.0000000000
1051,4.0000000000
1052,-7.0000000000
1053,-1.0000000000
1054,-1.0000000000
1055,-3.0000000000
1056,0.0000000000
1057,0.0000000000
1058,1.0000000000
1059,-3.0000000000
1060,5.0000000000
1061,0.0000000000
1062,0.0000000000
1063,0.0000000000
1064,1.0000000000
1065,0.0000000000
1066,0.0000000000
1067,5.0000000000
1068,2.0000000000
1069,2.0000000000
1070,5.0000000000
1071,-2.0000000000
1072,-3.0000000000
1073,-2.0000000000
1074,-5.0000000000
1075,-7.0000000000
1076,0.0000000000
1077,0.0000000000
1078,-1.0000000000
1079,3.0000000000
1080,0.0000000000
1081,-6.0000000000
1082,-4.0000000000
1083,5.0000000000
1084,2.0000000000
1085,5.0000000000
1086,-2.0000000000
1087,-4.0000000000
1088,-4.0000000000
1089,2.0000000000
1090,1.0000000000
1091,-3.0000000000
1092,2.0000000000
1093,1.0000000000
1094,0.0000000000
1095,1.0000000000
1096,6.0000000000
1097,1.0000000000
1098,0.0000000000
1099,-1.0000000000
1100,2.0000000000
1101,-1.0000000000
1102,-1.0000000000
1103,2.0000000000
1104,2.0000000000
1105,-2.0000000000
1106,-3.0000000000
1107,2.0000000000
1108,2.0000000000
1109,0.0000000000
1110,1.0000000000
1111,-3.0000000000
1112,3.0000000000
1113,0.0000000000
1114,0.0000000000
1115,-7.0000000000
1116,-5.0000000000
1117,-3.0000000000
1118,-2.0000000000
1119,3.0000000000
1120,-1.0000000000
1121,-4.0000000000
1122,-4.0000000000
1123,8.0000000000
1124,0.0000000000
1125,5.0000000000
1126,0.0000000000
1127,0.0000000000
1128,4.0000000000
1129,-3.0000000000
1130,-1.0000000000
1131,2.0000000000
1132,1.0000000000
1133,4.0000000000
1134,2.0000000000
1135,0.0000000000
1136,0.0000000000
1137,1.0000000000
1138,4.0000000000
1139,-9.0000000000
1140,-5.0000000000
1141,-4.0000000000
1142,2.0000000000
1143,3.0000000000
1144,-5.0000000000
1145,0.0000000000
1146,2.0000000000
1147,-7.0000000000
1148,0.0000000000
1149,6.0000000000
1150,2.0000000000
1151,2.0000000000
1152,2.0000000000
1153,0.0000000000
1154,-2.0000000000
1155,0.0000000000
1156,-4.0000000000
1157,-2.0000000000
1158,-6.0000000000
1159,-1.0000000000
1160,-1.0000000000
1161,0.0000000000
1162,4.0000000000
1163,2.0000000000
1164,3.0000000000
1165,3.0000000000
1166,-2.0000000000
1167,4.0000000000
1168,0.0000000000
1169,0.0000000000
1170,-3.0000000000
1171,2.0000000000
1172,0.0000000000
1173,3.0000000000
1174,3.0000000000
1175,-1.0000000000
1176,0.0000000000
1177,1.0000000000
1178,-4.0000000000
1179,3.0000000000
1180,-1.0000000000
1181,3.0000000000
1182,1.0000000000
1183,3.0000000000
1184,7.0000000000
1185,2.0000000000
1186,-2.0000000000
1187,0.0000000000
1188,-1.0000000000
1189,-7.0000000000
1190,1.0000000000
1191,0.0000000000
1192,0.0000000000
1193,-4.0000000000
1194,-4.0000000000
1195,0.0000000000
1196,-1.0000000000
1197,1.0000000000
1198,-4.0000000000
1199,-4.0000000000
1200,-6.0000000000
1201,2.0000000000
1202,-3.0000000000
1203,-5.0000000000
1204,2.0000000000
1205,1.0000000000
1206,1.0000000000
1207,5.0000000000
1208,1.0000000000
1209,-5.0000000000
1210,3.0000000000
1211,-2.0000000000
1212,2.0000000000
1213,3.0000000000
1214,1.0000000000
1215,-2.0000000000
1216,0.0000000000
1217,-3.0000000000
1218,1.0000000000
1219,-1.0000000000
1220,4.0000000000
1221,-4.0000000000
1222,-2.0000000000
1223,-1.0000000000
1224,5.0000000000
1225,2.0000000000
1226,-2.0000000000
1227,1.0000000000
1228,-1.0000000000
1229,6.0000000000
1230,-5.0000000000
1231,-3.0000000000
1232,-1.0000000000
1233,3.0000000000
1234,2.0000000000
1235,-3.0000000000
1236,2.0000000000
1237,0.0000000000
1238,-5.0000000000
1239,-6.0000000000
1240,-3.0000000000
1241,1.0000000000
1242,-3.0000000000
1243,-2.0000000000
1244,5.0000000000
1245,-3.0000000000
1246,1.0000000000
1247,2.0000000000
1248,0.0000000000
1249,-5.0000000000
1250,-1.0000000000
1251,2.0000000000
1252,3.0000000000
1253,2.0000000000
1254,-2.0000000000
1255,-1.0000000000
1256,0.0000000000
1257,2.0000000000
1258,4.0000000000
1259,3.0000000000
1260,-6.0000000000
1261,1.0000000000
1262,6.0000000000
1263,1.0000000000
1264,-5.0000000000
1265,1.0000000000
1266,-2.0000000000
1267,0.0000000000
1268,3.0000000000
1269,-1.0000000000
1270,-2.0000000000
1271,1.0000000000
1272,-1.0000000000
1273,-2.0000000000
1274,4.0000000000
1275,-2.0000000000
1276,-8.0000000000
1277,0.0000000000
1278,-3.0000000000
1279,0.0000000000
1280,2.0000000000
1281,0.0000000000
1282,1.0000000000
1283,2.0000000000
1284,-2.0000000000
1285,-3.0000000000
1286,-3.0000000000
1287,3.0000000000
1288,0.0000000000
1289,2.0000000000
1290,-6.0000000000
1291,-1.0000000000
1292,-1.0000000000
1293,1.0000000000
1294,0.0000000000
1295,4.0000000000
1296,-2.0000000000
1297,1.0000000000
1298,1.0000000000
1299,6.0000000000
1300,-1.0000000000
1301,-7.0000000000
1302,-3.0000000000
1303,1.0000000000
1304,3.0000000000
1305,3.0000000000
1306,-2.0000000000
1307,5.0000000000
1308,-2.0000000000
1309,1.0000000000
1310,-2.0000000000
1311,1.0000000000
1312,-5.0000000000
1313,-3.0000000000
1314,-5.0000000000
1315,2.0000000000
1316,-5.0000000000
1317,-3.0000000000
1318,-3.0000000000
1319,-1.0000000000
1320,6.0000000000
1321,2.0000000000
1322,2.0000000000
1323,2.0000000000
1324,1.0000000000
1325,-8.0000000000
1326,4.0000000000
1327,-2.0000000000
1328,-7.0000000000
1329,-3.0000000000
1330,1.0000000000
1331,2.0000000000
1332,0.0000000000
1333,-1.0000000000
1334,-1.0000000000
1335,7.0000000000
1336,3.0000000000
1337,2.0000000000
1338,1.0000000000
1339,1.0000000000
1340,0.0000000000
1341,-3.0000000000
1342,0.0000000000
1343,-7.0000000000
1344,2.0000000000
1345,-3.0000000000
1346,0.0000000000
1347,-5.0000000000
1348,2.0000000000
1349,-4.0000000000
1350,2.0000000000
1351,-4.0000000000
1352,-1.0000000000
1353,0.0000000000
1354,1.0000000000
1355,-2.0000000000
1356,6.0000000000
1357,0.0000000000
1358,5.0000000000
1359,-1.0000000000
1360,-2.0000000000
1361,-1.0000000000
1362,6.0000000000
1363,7.0000000000
1364,2.0000000000
1365,-8.0000000000
1366,-3.0000000000
1367,1.0000000000
1368,4.0000000000
1369,0.0000000000
1370,0.0000000000
1371,-2.0000000000
1372,2.0000000000
1373,0.0000000000
1374,0.0000000000
1375,-2.0000000000
1376,4.0000000000
1377,1.0000000000
1378,-4.0000000000
1379,-4.0000000000
1380,-1.0000000000
1381,-2.0000000000
1382,0.0000000000
1383,0.0000000000
1384,-1.0000000000
1385,-1.0000000000
1386,-5.0000000000
1387,3.0000000000
1388,2.0000000000
1389,-3.0000000000
1390,5.0000000000
1391,4.0000000000
1392,4.0000000000
1393,3.0000000000
1394,-5.0000000000
1395,1.0000000000
1396,5.0000000000
1397,-1.0000000000
1398,1.0000000000
1399,1.0000000000
1400,1.0000000000
1401,0.0000000000
1402,5.0000000000
1403,0.0000000000
1404,5.0000000000
1405,2.0000000000
1406,0.0000000000
1407,1.0000000000
1408,-1.0000000000
1409,-3.0000000000
1410,0.0000000000
1411,-3.0000000000
1412,-2.0000000000
1413,-1.0000000000
1414,2.0000000000
1415,1.0000000000
1416,-3.0000000000
1417,-1.0000000000
1418,-6.0000000000
1419,4.0000000000
1420,2.0000000000
1421,1.0000000000
1422,7.0000000000
1423,-1.0000000000
1424,-3.0000000000
1425,0.0000000000
1426,-4.0000000000
1427,3.0000000000
1428,0.0000000000
1429,2.0000000000
1430,6.0000000000
1431,4.0000000000
1432,-2.0000000000
1433,-1.0000000000
1434,-5.0000000000
1435,-4.0000000000
1436,-5.0000000000
1437,-2.0000000000
1438,6.0000000000
1439,2.0000000000
1440,0.0000000000
1441,3.0000000000
1442,-2.0000000000
1443,2.0000000000
1444,1.0000000000
1445,1.0000000000
1446,9.0000000000
1447,-1.0000000000
1448,-2.0000000000
1449,1.0000000000
1450,-1.0000000000
1451,2.0000000000
1452,-4.0000000000
1453,-2.0000000000
1454,1.0000000000
1455,-2.0000000000
1456,-2.0000000000
1457,4.0000000000
1458,5.0000000000
1459,4.0000000000
1460,-2.0000000000
1461,0.0000000000
1462,-2.0000000000
1463,9.0000000000
1464,4.0000000000
1465,-1.0000000000
1466,-5.0000000000
1467,4.0000000000
1468,8.0000000000
1469,1.0000000000
1470,-5.0000000000
1471,0.0000000000
1472,5.0000000000
1473,-2.0000000000
1474,4.0000000000
1475,-4.0000000000
1476,0.0000000000
1477,0.0000000000
1478,2.0000000000
1479,3.0000000000
1480,-4.0000000000
1481,3.0000000000
1482,-1.0000000000
1483,2.0000000000
1484,0.0000000000
1485,4.0000000000
1486,-2.0000000000
1487,0.0000000000
1488,-7.0000000000
1489,-3.0000000000
1490,9.0000000000
1491,0.0000000000
1492,-2.0000000000
1493,0.0000000000
1494,2.0000000000
1495,-2.0000000000
1496,1.0000000000
1497,6.0000000000
1498,5.0000000000
1499,-7.0000000000
1500,0.0000000000
1501,2.0000000000
1502,2.0000000000
1503,-2.0000000000
1504,-6.0000000000
1505,8.0000000000
1506,-3.0000000000
1507,0.0000000000
1508,-2.0000000000
1509,2.0000000000
1510,-1.0000000000
1511,-2.0000000000
1512,-2.0000000000
1513,1.0000000000
1514,-2.0000000000
1515,5.0000000000
1516,0.0000000000
1517,-3.0000000000
1518,-1.0000000000
1519,-3.0000000000
1520,1.0000000000
1521,0.0000000000
1522,2.0000000000
1523,1.0000000000
1524,3.0000000000
1525,1.0000000000
1526,1.0000000000
1527,-1.0000000000
1528,1.0000000000
1529,1.0000000000
1530,1.0000000000
1531,2.0000000000
1532,-3.0000000000
1533,-3.0000000000
1534,-2.0000000000
1535,-5.0000000000
1536,2.0000000000
1537,1.0000000000
1538,3.0000000000
1539,0.0000000000
1540,-4.0000000000
1541,3.0000000000
1542,8.0000000000
1543,1.0000000000
1544,-1.0000000000
1545,3.0000000000
1546,-4.0000000000
1547,1.0000000000
1548,5.0000000000
1549,1.0000000000
1550,1.0000000000
1551,-1.0000000000
1552,-6.0000000000
1553,2.0000000000
1554,-2.0000000000
1555,-1.0000000000
1556,-1.0000000000
1557,3.0000000000
1558,-1.0000000000
1559,2.0000000000
1560,-3.0000000000
1561,1.0000000000
1562,-1.0000000000
1563,4.0000000000
1564,-1.0000000000
1565,-5.0000000000
1566,-1.0000000000
1567,2.0000000000
1568,-4.0000000000
1569,2.0000000000
1570,4.0000000000
1571,-2.0000000000
1572,3.0000000000
1573,1.0000000000
1574,-5.0000000000
1575,3.0000000000
1576,-1.0000000000
1577,-1.0000000000
1578,4.0000000000
1579,-1.0000000000
1580,4.0000000000
1581,1.0000000000
1582,-3.0000000000
1583,5.0000000000
1584,-4.0000000000
1585,-5.0000000000
1586,-5.0000000000
1587,2.0000000000
1588,-4.0000000000
1589,-1.0000000000
1590,0.0000000000
1591,-3.0000000000
1592,6.0000000000
1593,1.0000000000
1594,-4.0000000000
1595,-2.0000000000
1596,-3.0000000000
1597,-1.0000000000
1598,-1.0000000000
1599,1.0000000000
1600,1.0000000000
1601,5.0000000000
1602,0.0000000000
1603,2.0000000000
1604,0.0000000000
1605,0.0000000000
1606,-1.0000000000
1607,2.0000000000
1608,-2.0000000000
1609,-1.0000000000
1610,-5.0000000000
1611,-2.0000000000
1612,1.0000000000
1613,2.0000000000
1614,-5.0000000000
1615,6.0000000000
1616,-2.0000000000
1617,-3.0000000000
1618,0.0000000000
1619,0.0000000000
1620,3.0000000000
1621,3.0000000000
1622,2.0000000000
1623,0.0000000000
1624,3.0000000000
1625,1.0000000000
1626,-1.0000000000
1627,-2.0000000000
1628,-2.0000000000
1629,3.0000000000
1630,2.0000000000
1631,-1.0000000000
1632,6.0000000000
1633,-2.0000000000
1634,-3.0000000000
1635,1.0000000000
1636,3.0000000000
1637,-4.0000000000
1638,-3.0000000000
1639,-1.0000000000
1640,-1.0000000000
1641,0.0000000000
1642,-1.0000000000
1643,-6.0000000000
1644,-3.0000000000
1645,-2.0000000000
1646,-6.0000000000
1647,3.0000000000
1648,-6.0000000000
1649,4.0000000000
1650,-1.0000000000
1651,-3.0000000000
1652,-2.0000000000
1653,-3.0000000000
1654,0.0000000000
1655,1.0000000000
1656,3.0000000000
1657,-3.0000000000
1658,-1.0000000000
1659,-4.0000000000
1660,4.0000000000
1661,2.0000000000
1662,3.0000000000
1663,1.0000000000
1664,-5.0000000000
1665,4.0000000000
1666,0.0000000000
1667,1.0000000000
1668,-3.0000000000
1669,0.0000000000
1670,-9.0000000000
1671,2.0000000000
1672,-3.0000000000
1673,-4.0000000000
1674,0.0000000000
1675,-3.0000000000
1676,1.0000000000
1677,-3.0000000000
1678,2.0000000000
1679,-3.0000000000
1680,3.0000000000
1681,7.0000000000
1682,2.0000000000
1683,2.0000000000
1684,-2.0000000000
1685,-1.0000000000
1686,2.0000000000
1687,2.0000000000
1688,3.0000000000
1689,-3.0000000000
1690,-1.0000000000
1691,-1.0000000000
1692,5.0000000000
1693,-2.0000000000
1694,-3.0000000000
1695,-4.0000000000
1696,4.0000000000
1697,3.0000000000
1698,-1.0000000000
1699,-1.0000000000
1700,1.0000000000
1701,1.0000000000
1702,3.0000000000
1703,-4.0000000000
1704,1.0000000000
1705,-3.0000000000
1706,-3.0000000000
1707,-2.0000000000
1708,1.0000000000
1709,-2.0000000000
1710,-3.0000000000
1711,4.0000000000
1712,-2.0000000000
1713,3.0000000000
1714,2.0000000000
1715,-2.0000000000
1716,6.0000000000
1717,-3.0000000000
1718,-1.0000000000
1719,3.0000000000
1720,3.0000000000
1721,5.0000000000
1722,-2.0000000000
1723,3.0000000000
1724,-1.0000000000
1725,1.0000000000
1726,6.0000000000
1727,4.0000000000
1728,0.0000000000
1729,2.0000000000
1730,0.0000000000
1731,1.0000000000
1732,5.0000000000
1733,-1.0000000000
1734,0.0000000000
1735,1.0000000000
1736,-4.0000000000
1737,2.0000000000
1738,1.0000000000
1739,5.0000000000
1740,5.0000000000
1741,-2.0000000000
1742,0.0000000000
1743,-4.0000000000
1744,8.0000000000
1745,-1.0000000000
1746,-1.0000000000
1747,0.0000000000
1748,-1.0000000000
1749,3.0000000000
1750,1.0000000000
1751,-2.0000000000
1752,-4.0000000000
1753,2.0000000000
1754,2.0000000000
1755,1.0000000000
1756,-2.0000000000
1757,-7.0000000000
1758,0.0000000000
1759,-3.0000000000
1760,0.0000000000
1761,4.0000000000
1762,0.0000000000
1763,-7.0000000000
1764,-2.0000000000
1765,-1.0000000000
1766,1.0000000000
1767,-2.0000000000
1768,0.0000000000
1769,0.0000000000
1770,3.0000000000
1771,5.0000000000
1772,0.0000000000
1773,1.0000000000
1774,2.0000000000
1775,-1.0000000000
1776,2.0000000000
1777,-1.0000000000
1778,2.0000000000
1779,-1.0000000000
1780,0.0000000000
1781,-6.0000000000
1782,-6.0000000000
1783,5.0000000000
1784,-2.0000000000
1785,-3.0000000000
1786,-3.0000000000
1787,2.0000000000
1788,3.0000000000
1789,-1.0000000000
1790,1.0000000000
1791,1.0000000000
1792,-1.0000000000
1793,1.0000000000
1794,-4.0000000000
1795,1.0000000000
1796,1.0000000000
1797,4.0000000000
1798,3.0000000000
1799,3.0000000000
1800,1.0000000000
1801,0.0000000000
1802,-7.0000000000
1803,-4.0000000000
1804,0.0000000000
1805,2.0000000000
1806,-1.0000000000
1807,6.0000000000
1808,0.0000000000
1809,-2.0000000000
1810,4.0000000000
1811,2.0000000000
1812,6.0000000000
1813,5.0000000000
1814,-1.0000000000
1815,-4.0000000000
1816,-6.0000000000
1817,1.0000000000
1818,-4.0000000000
1819,0.0000000000
1820,1.0000000000
1821,-2.0000000000
1822,0.0000000000
1823,-1.0000000000
1824,-1.0000000000
1825,-3.0000000000
1826,-4.0000000000
1827,-1.0000000000
1828,-3.0000000000
1829,6.0000000000
1830,-4.0000000000
1831,2.0000000000
1832,-2.0000000000
1833,-1.0000000000
1834,-3.0000000000
1835,2.0000000000
1836,0.0000000000
1837,-1.0000000000
1838,7.0000000000
1839,-7.0000000000
1840,4.0000000000
1841,4.0000000000
1842,1.0000000000
1843,1.0000000000
1844,3.0000000000
1845,-2.0000000000
1846,-5.0000000000
1847,-1.0000000000
1848,6.0000000000
1849,4.0000000000
1850,-3.0000000000
1851,1.0000000000
1852,-5.0000000000
1853,-1.0000000000
1854,4.0000000000
1855,2.0000000000
1856,-3.0000000000
1857,2.0000000000
1858,0.0000000000
1859,5.0000000000
1860,3.0000000000
1861,4.0000000000
1862,-2.0000000000
1863,-2.0000000000
1864,0.0000000000
1865,-4.0000000000
1866,0.0000000000
1867,-1.0000000000
1868,-4.0000000000
1869,-3.0000000000
1870,-2.0000000000
1871,-1.0000000000
1872,2.0000000000
1873,-1.0000000000
1874,4.0000000000
1875,0.0000000000
1876,1.0000000000
1877,3.0000000000
1878,-4.0000000000
1879,3.0000000000
1880,2.0000000000
1881,1.0000000000
1882,-1.0000000000
1883,1.0000000000
1884,1.0000000000
1885,1.0000000000
1886,1.0000000000
1887,1.0000000000
1888,-1.0000000000
1889,1.0000000000
1890,2.0000000000
1891,-3.0000000000
1892,2.0000000000
1893,4.0000000000
1894,2.0000000000
1895,-4.0000000000
1896,2.0000000000
1897,1.0000000000
1898,4.0000000000
1899,-6.0000000000
1900,-1.0000000000
1901,-1.0000000000
1902,-1.0000000000
1903,1.0000000000
1904,-3.0000000000
1905,-4.0000000000
1906,-2.0000000000
1907,-3.0000000000
1908,-2.0000000000
1909,3.0000000000
1910,1.0000000000
1911,-1.0000000000
1912,1.0000000000
1913,3.0000000000
1914,-2.0000000000
1915,1.0000000000
1916,3.0000000000
1917,-1.0000000000
1918,-4.0000000000
1919,0.0000000000
1920,-1.0000000000
1921,-3.0000000000
1922,2.0000000000
1923,-5.0000000000
1924,-1.0000000000
1925,-2.0000000000
1926,-6.0000000000
1927,-5.0000000000
1928,-3.0000000000
1929,3.0000000000
1930,4.0000000000
1931,4.0000000000
1932,-4.0000000000
1933,0.0000000000
1934,8.0000000000
1935,1.0000000000
1936,5.0000000000
1937,1.0000000000
1938,-3.0000000000
1939,-2.0000000000
1940,-2.0000000000
1941,0.0000000000
1942,1.0000000000
1943,-4.0000000000
1944,1.0000000000
1945,3.0000000000
1946,-3.0000000000
1947,1.0000000000
1948,2.0000000000
1949,-1.0000000000
1950,-3.0000000000
1951,3.0000000000
1952,-1.0000000000
1953,-2.0000000000
1954,-2.0000000000
1955,-2.0000000000
1956,-1.0000000000
1957,2.0000000000
1958,-3.0000000000
1959,0.0000000000
1960,1.0000000000
1961,5.0000000000
1962,6.0000000000
1963,1.0000000000
1964,3.0000000000
1965,2.0000000000
1966,-6.0000000000
1967,1.0000000000
1968,1.0000000000
1969,10.0000000000
1970,-2.0000000000
1971,1.0000000000
1972,3.0000000000
1973,-1.0000000000
1974,1.0000000000
1975,-2.0000000000
1976,0.0000000000
1977,0.0000000000
1978,-2.0000000000
1979,3.0000000000
1980,-2.0000000000
1981,-2.0000000000
1982,1.0000000000
1983,2.0000000000
1984,5.0000000000
1985,-1.0000000000
1986,2.0000000000
1987,0.0000000000
1988,-1.0000000000
1989,4.0000000000
1990,2.0000000000
1991,1.0000000000
1992,7.0000000000
1993,0.0000000000
1994,-4.0000000000
1995,1.0000000000
1996,6.0000000000
1997,-5.0000000000
1998,4.0000000000
1999,0.0000000000
2000,0.0000000000
2001,-1.0000000000
2002,1.0000000000
2003,-4.0000000000
2004,4.0000000000
2005,1.0000000000
2006,-1.0000000000
2007,-1.0000000000
2008,3.0000000000
2009,0.0000000000
2010,0.0000000000
2011,2.0000000000
2012,0.0000000000
2013,-1.0000000000
2014,-4.0000000000
2015,2.0000000000
2016,-3.0000000000
2017,-1.0000000000
2018,2.0000000000
2019,-1.0000000000
2020,-5.0000000000
2021,-4.0000000000
2022,-4.0000000000
2023,-2.0000000000
2024,-2.0000000000
2025,-7.0000000000
2026,-1.0000000000
2027,2.0000000000
2028,5.0000000000
2029,-4.0000000000
2030,1.0000000000
2031,0.0000000000
2032,5.0000000000
2033,-4.0000000000
2034,-2.0000000000
2035,3.0000000000
2036,-1.0000000000
2037,4.0000000000
2038,-4.0000000000
2039,1.0000000000
2040,2.0000000000
2041,7.0000000000
2042,4.0000000000
2043,4.0000000000
2044,-2.0000000000
2045,0.0000000000
2046,0.0000000000
2047,0.0000000000
2048,-7.0000000000
2049,-1.0000000000
2050,2.0000000000
2051,-3.0000000000
2052,-4.0000000000
2053,-1.0000000000
2054,6.0000000000
2055,-3.0000000000
2056,4.0000000000
2057,4.0000000000
2058,0.0000000000
2059,-4.0000000000
2060,-5.0000000000
2061,-4.0000000000
2062,3.0000000000
2063,0.0000000000
2064,4.0000000000
2065,6.0000000000
2066,-3.0000000000
2067,-2.0000000000
2068,4.0000000000
2069,3.0000000000
2070,-2.0000000000
2071,-8.0000000000
2072,-1.0000000000
2073,3.0000000000
2074,0.0000000000
2075,6.0000000000
2076,-8.0000000000
2077,-1.0000000000
2078,-1.0000000000
2079,4.0000000000
2080,6.0000000000
2081,3.0000000000
2082,3.0000000000
2083,3.0000000000
2084,-4.0000000000
2085,2.0000000000
2086,-7.0000000000
2087,-4.0000000000
2088,-3.0000000000
2089,0.0000000000
2090,4.0000000000
2091,2.0000000000
2092,5.0000000000
2093,0.0000000000
2094,1.0000000000
2095,3.0000000000
2096,3.0000000000
2097,-4.0000000000
2098,-3.0000000000
2099,-2.0000000000
2100,-2.0000000000
2101,5.0000000000
2102,3.0000000000
2103,-2.0000000000
2104,-2.0000000000
2105,1.0000000000
2106,2.0000000000
2107,1.0000000000
2108,-1.0000000000
2109,1.0000000000
2110,-3.0000000000
2111,-1.0000000000
2112,-5.0000000000
2113,-6.0000000000
2114,0.0000000000
2115,5.0000000000
2116,3.0000000000
2117,2.0000000000
2118,3.0000000000
2119,1.0000000000
2120,-5.0000000000
2121,1.0000000000
2122,-3.0000000000
2123,1.0000000000
2124,-2.0000000000
2125,-1.0000000000
2126,0.0000000000
2127,3.0000000000
2128,1.0000000000
2129,-2.0000000000
2130,-3.0000000000
2131,4.0000000000
2132,-2.0000000000
2133,5.0000000000
2134,-1.0000000000
2135,5.0000000000
2136,-5.0000000000
2137,-3.0000000000
2138,2.0000000000
2139,1.0000000000
2140,0.0000000000
2141,3.0000000000
2142,1.0000000000
2143,-5.0000000000
2144,2.0000000000
2145,4.0000000000
2146,3.0000000000
2147,-2.0000000000
2148,2.0000000000
2149,-1.0000000000
2150,5.0000000000
2151,1.0000000000
2152,2.0000000000
2153,2.0000000000
2154,2.0000000000
2155,0.0000000000
2156,3.0000000000
2157,7.0000000000
2158,4.0000000000
2159,3.0000000000
2160,-4.0000000000
2161,1.0000000000
2162,-3.0000000000
2163,3.0000000000
2164,-2.0000000000
2165,1.0000000000
2166,2.0000000000
2167,2.0000000000
2168,-2.0000000000
2169,1.0000000000
2170,4.0000000000
2171,2.0000000000
2172,-3.0000000000
2173,0.0000000000
2174,2.0000000000
2175,0.0000000000
2176,2.0000000000
2177,7.0000000000
2178,3.0000000000
2179,8.0000000000
2180,-1.0000000000
2181,1.0000000000
2182,-6.0000000000
2183,-2.0000000000
2184,5.0000000000
2185,2.0000000000
2186,2.0000000000
2187,4.0000000000
2188,5.0000000000
2189,-1.0000000000
2190,0.0000000000
2191,3.0000000000
2192,2.0000000000
2193,3.0000000000
2194,5.0000000000
2195,2.0000000000
2196,6.0000000000
2197,4.0000000000
2198,0.0000000000
2199,4.0000000000
2200,-3.0000000000
2201,3.0000000000
2202,-3.0000000000
2203,-1.0000000000
2204,-4.0000000000
2205,-3.0000000000
2206,-3.0000000000
2207,1.0000000000
2208,2.0000000000
2209,1.0000000000
2210,1.0000000000
2211,0.0000000000
2212,-3.0000000000
2213,0.0000000000
2214,5.0000000000
2215,-1.0000000000
2216,-2.0000000000
2217,8.0000000000
2218,2.0000000000
2219,0.0000000000
2220,4.0000000000
2221,-4.0000000000
2222,2.0000000000
2223,-2.0000000000
2224,0.0000000000
2225,-4.0000000000
2226,0.0000000000
2227,-2.0000000000
2228,6.0000000000
2229,1.0000000000
2230,-3.0000000000
2231,4.0000000000
2232,2.0000000000
2233,4.0000000000
2234,-3.0000000000
2235,-2.0000000000
2236,-1.0000000000
2237,5.0000000000
2238,-4.0000000000
2239,-2.0000000000
2240,2.0000000000
2241,-4.0000000000
2242,-2.0000000000
2243,-2.0000000000
2244,-2.0000000000
2245,-3.0000000000
2246,-4.0000000000
2247,2.0000000000
2248,2.0000000000
2249,3.0000000000
2250,1.0000000000
2251,-2.0000000000
2252,3.0000000000
2253,4.0000000000
2254,-1.0000000000
2255,0.0000000000
2256,-3.0000000000
2257,-4.0000000000
2258,-1.0000000000
2259,5.0000000000
2260,-3.0000000000
2261,-2.0000000000
2262,-1.0000000000
2263,-1.0000000000
2264,0.0000000000
2265,-2.0000000000
2266,-4.0000000000
2267,5.0000000000
2268,-6.0000000000
2269,1.0000000000
2270,-1.0000000000
2271,1.0000000000
2272,1.0000000000
2273,-1.0000000000
2274,-1.0000000000
2275,-2.0000000000
2276,-5.0000000000
2277,0.0000000000
2278,2.0000000000
2279,-3.0000000000
2280,5.0000000000
2281,5.0000000000
2282,-2.0000000000
2283,-2.0000000000
2284,4.0000000000
2285,-3.0000000000
2286,3.0000000000
2287,8.0000000000
2288,2.0000000000
2289,-5.0000000000
2290,-4.0000000000
2291,-4.0000000000
2292,6.0000000000
2293,0.0000000000
2294,-8.0000000000
2295,6.0000000000
2296,-1.0000000000
2297,1.0000000000
2298,-2.0000000000
2299,-3.0000000000
2300,-1.0000000000
2301,3.0000000000
2302,1.0000000000
2303,-1.0000000000
2304,-1.0000000000
2305,9.0000000000
2306,-1.0000000000
2307,1.0000000000
2308,-1.0000000000
2309,-5.0000000000
2310,4.0000000000
2311,3.0000000000
2312,-4.0000000000
2313,2.0000000000
2314,-1.0000000000
2315,-3.0000000000
2316,2.0000000000
2317,-4.0000000000
2318,-1.0000000000
2319,-1.0000000000
2320,-5.0000000000
2321,0.0000000000
2322,-4.0000000000
2323,-4.0000000000
2324,-2.0000000000
2325,-5.0000000000
2326,2.0000000000
2327,3.0000000000
2328,2.0000000000
2329,0.0000000000
2330,-6.0000000000
2331,-5.0000000000
2332,-2.0000000000
2333,4.0000000000
2334,-4.0000000000
2335,-5.0000000000
2336,-5.0000000000
2337,-1.0000000000
2338,5.0000000000
2339,-1.0000000000
2340,7.0000000000
2341,1.0000000000
2342,2.0000000000
2343,0.0000000000
2344,-3.0000000000
2345,-2.0000000000
2346,4.0000000000
2347,-2.0000000000
2348,2.0000000000
2349,3.0000000000
2350,-5.0000000000
2351,-2.0000000000
2352,1.0000000000
2353,-8.0000000000
2354,-3.0000000000
2355,1.0000000000
2356,-5.0000000000
2357,-1.0000000000
2358,-1.0000000000
2359,-5.0000000000
2360,-1.0000000000
2361,5.0000000000
2362,2.0000000000
2363,0.0000000000
2364,0.0000000000
2365,-3.0000000000
2366,-1.0000000000
2367,0.0000000000
2368,-2.0000000000
2369,-3.0000000000
2370,-1.0000000000
2371,4.0000000000
2372,-2.0000000000
2373,-3.0000000000
2374,6.0000000000
2375,5.0000000000
2376,1.0000000000
2377,0.0000000000
2378,3.0000000000
2379,2.0000000000
2380,-2.0000000000
2381,-2.0000000000
2382,5.0000000000
2383,1.0000000000
2384,-2.0000000000
2385,-3.0000000000
2386,1.0000000000
2387,-3.0000000000
2388,3.0000000000
2389,-6.0000000000
2390,0.0000000000
2391,3.0000000000
2392,-3.0000000000
2393,1.0000000000
2394,-3.0000000000
2395,4.0000000000
2396,3.0000000000
2397,-5.0000000000
2398,7.0000000000
2399,0.0000000000
2400,3.0000000000
2401,-3.0000000000
2402,5.0000000000
2403,1.0000000000
2404,4.0000000000
2405,5.0000000000
2406,-1.0000000000
2407,3.0000000000
2408,-4.0000000000
2409,-2.0000000000
2410,4.0000000000
2411,-3.0000000000
2412,1.0000000000
2413,-3.0000000000
2414,-3.0000000000
2415,1.0000000000
2416,-2.0000000000
2417,-6.0000000000
2418,1.0000000000
2419,5.0000000000
2420,1.0000000000
2421,6.0000000000
2422,-4.0000000000
2423,-3.0000000000
2424,3.0000000000
2425,-3.0000000000
2426,2.0000000000
2427,-3.0000000000
2428,2.0000000000
2429,4.0000000000
2430,0.0000000000
2431,-2.0000000000
2432,-1.0000000000
2433,-2.0000000000
2434,-4.0000000000
2435,1.0000000000
2436,-4.0000000000
2437,-4.0000000000
2438,-2.0000000000
2439,3.0000000000
2440,2.0000000000
2441,1.0000000000
2442,-2.0000000000
2443,-3.0000000000
2444,1.0000000000
2445,5.0000000000
2446,0.0000000000
2447,-3.0000000000
2448,2.0000000000
2449,1.0000000000
2450,0.0000000000
2451,0.0000000000
2452,-3.0000000000
2453,1.0000000000
2454,-3.0000000000
2455,-1.0000000000
2456,5.0000000000
2457,5.0000000000
2458,1.0000000000
2459,1.0000000000
2460,2.0000000000
2461,-3.0000000000
2462,6.0000000000
2463,-1.0000000000
2464,-4.0000000000
2465,1.0000000000
2466,1.0000000000
2467,-3.0000000000
2468,1.0000000000
2469,0.0000000000
2470,-2.0000000000
2471,-2.0000000000
2472,4.0000000000
2473,3.0000000000
2474,-3.0000000000
2475,0.0000000000
2476,0.0000000000
2477,0.0000000000
2478,3.0000000000
2479,0.0000000000
2480,-3.0000000000
2481,0.0000000000
2482,1.0000000000
2483,-3.0000000000
2484,-3.0000000000
2485,2.0000000000
2486,3.0000000000
2487,4.0000000000
2488,2.0000000000
2489,-9.0000000000
2490,2.0000000000
2491,-3.0000000000
2492,-1.0000000000
2493,1.0000000000
2494,0.0000000000
2495,3.0000000000
2496,4.0000000000
2497,0.0000000000
2498,2.0000000000
2499,0.0000000000
2500,0.0000000000
2501,0.0000000000
2502,-8.0000000000
2503,-1.0000000000
2504,-6.0000000000
2505,-1.0000000000
2506,0.0000000000
2507,2.0000000000
2508,2.0000000000
2509,0.0000000000
2510,-2.0000000000
2511,-5.0000000000
2512,-3.0000000000
2513,-1.0000000000
2514,3.0000000000
2515,-3.0000000000
2516,0.0000000000
2517,-2.0000000000
2518,0.0000000000
2519,-1.0000000000
2520,0.0000000000
2521,-2.0000000000
2522,-5.0000000000
2523,7.0000000000
2524,0.0000000000
2525,2.0000000000
2526,4.0000000000
2527,-3.0000000000
2528,5.0000000000
2529,-2.0000000000
2530,-4.0000000000
2531,-7.0000000000
2532,4.0000000000
2533,-3.0000000000
2534,2.0000000000
2535,-9.0000000000
2536,5.0000000000
2537,-2.0000000000
2538,2.0000000000
2539,3.0000000000
2540,-2.0000000000
2541,3.0000000000
2542,1.0000000000
2543,-3.0000000000
2544,-1.0000000000
2545,2.0000000000
2546,-4.0000000000
2547,0.0000000000
2548,4.0000000000
2549,0.0000000000
2550,0.0000000000
2551,-6.0000000000
2552,4.0000000000
2553,-1.0000000000
2554,-1.0000000000
2555,4.0000000000
2556,-3.0000000000
2557,1.0000000000
2558,1.0000000000
2559,5.0000000000
2560,-1.0000000000
2561,-2.0000000000
2562,-1.0000000000
2563,3.0000000000
2564,-4.0000000000
2565,5.0000000000
2566,-1.0000000000
2567,6.0000000000
2568,-4.0000000000
2569,-1.0000000000
2570,-4.0000000000
2571,-2.0000000000
2572,4.0000000000
2573,1.0000000000
2574,-5.0000000000
2575,-9.0000000000
2576,-2.0000000000
2577,-1.0000000000
2578,0.0000000000
2579,0.0000000000
2580,0.0000000000
2581,-1.0000000000
2582,-2.0000000000
2583,2.0000000000
2584,-6.0000000000
2585,-8.0000000000
2586,0.0000000000
2587,-3.0000000000
2588,2.0000000000
2589,-1.0000000000
2590,1.0000000000
2591,6.0000000000
2592,6.0000000000
2593,2.0000000000
2594,4.0000000000
2595,10.0000000000
2596,7.0000000000
2597,-1.0000000000
2598,-4.0000000000
2599,-5.0000000000
2600,-3.0000000000
2601,1.0000000000
2602,2.0000000000
2603,-2.0000000000
2604,-2.0000000000
2605,-1.0000000000
2606,8.0000000000
2607,-4.0000000000
2608,2.0000000000
2609,-3.0000000000
2610,-1.0000000000
2611,6.0000000000
2612,-2.0000000000
2613,10.0000000000
2614,-4.0000000000
2615,1.0000000000
2616,5.0000000000
2617,-2.0000000000
2618,0.0000000000
2619,-1.0000000000
2620,4.0000000000
2621,-1.0000000000
2622,4.0000000000
2623,3.0000000000
2624,6.0000000000
2625,2.0000000000
2626,2.0000000000
2627,1.0000000000
2628,-1.0000000000
2629,2.0000000000
2630,2.0000000000
2631,5.0000000000
2632,-1.0000000000
2633,1.0000000000
2634,-1.0000000000
2635,-1.0000000000
2636,-1.0000000000
2637,-5.0000000000
2638,-1.0000000000
2639,-2.0000000000
2640,-1.0000000000
2641,-2.0000000000
2642,-2.0000000000
2643,0.0000000000
2644,-5.0000000000
2645,4.0000000000
2646,1.0000000000
2647,-2.0000000000
2648,4.0000000000
2649,4.0000000000
2650,3.0000000000
2651,-2.0000000000
2652,9.0000000000
2653,-4.0000000000
2654,-1.0000000000
2655,-5.0000000000
2656,-7.0000000000
2657,-6.0000000000
2658,3.0000000000
2659,3.0000000000
2660,-4.0000000000
2661,3.0000000000
2662,3.0000000000
2663,-1.0000000000
2664,-1.0000000000
2665,2.0000000000
2666,-3.0000000000
2667,0.0000000000
2668,-2.0000000000
2669,-6.0000000000
2670,1.0000000000
2671,-5.0000000000
2672,2.0000000000
2673,-1.0000000000
2674,0.0000000000
2675,3.0000000000
2676,-3.0000000000
2677,5.0000000000
2678,0.0000000000
2679,-2.0000000000
2680,4.0000000000
2681,1.0000000000
2682,-1.0000000000
2683,3.0000000000
2684,1.0000000000
2685,-3.0000000000
2686,0.0000000000
2687,0.0000000000
2688,2.0000000000
2689,2.0000000000
2690,2.0000000000
2691,-1.0000000000
2692,-3.0000000000
2693,-1.0000000000
2694,2.0000000000
2695,-1.0000000000
2696,2.0000000000
2697,3.0000000000
2698,4.0000000000
2699,-2.0000000000
2700,5.0000000000
2701,-1.0000000000
2702,-1.0000000000
2703,2.0000000000
2704,6.0000000000
2705,7.0000000000
2706,0.0000000000
2707,0.0000000000
2708,-1.0000000000
2709,4.0000000000
2710,2.0000000000
2711,-2.0000000000
2712,-2.0000000000
2713,0.0000000000
2714,-3.0000000000
2715,-1.0000000000
2716,0.0000000000
2717,5.0000000000
2718,3.0000000000
2719,-4.0000000000
2720,0.0000000000
2721,4.0000000000
2722,8.0000000000
2723,0.0000000000
2724,0.0000000000
2725,2.0000000000
2726,6.0000000000
2727,2.0000000000
2728,-1.0000000000
2729,1.0000000000
2730,4.0000000000
2731,1.0000000000
2732,-4.0000000000
2733,1.0000000000
2734,-5.0000000000
2735,-1.0000000000
2736,2.0000000000
2737,-3.0000000000
2738,3.0000000000
2739,-2.0000000000
2740,-4.0000000000
2741,2.0000000000
2742,-4.0000000000
2743,-5.0000000000
2744,5.0000000000
2745,-8.0000000000
2746,5.0000000000
2747,0.0000000000
2748,-2.0000000000
2749,0.0000000000
2750,2.0000000000
2751,4.0000000000
2752,-2.0000000000
2753,3.0000000000
2754,1.0000000000
2755,-2.0000000000
2756,-2.0000000000
2757,3.0000000000
2758,5.0000000000
2759,-2.0000000000
2760,2.0000000000
2761,2.0000000000
2762,0.0000000000
2763,0.0000000000
2764,7.0000000000
2765,-3.0000000000
2766,-6.0000000000
2767,-1.0000000000
2768,-4.0000000000
2769,1.0000000000
2770,4.0000000000
2771,-2.0000000000
2772,3.0000000000
2773,3.0000000000
2774,-3.0000000000
2775,1.0000000000
2776,2.0000000000
2777,4.0000000000
2778,5.0000000000
2779,-3.0000000000
2780,2.0000000000
2781,1.0000000000
2782,6.0000000000
2783,1.0000000000
2784,-4.0000000000
2785,9.0000000000
2786,6.0000000000
2787,-8.0000000000
2788,-4.0000000000
2789,-3.0000000000
2790,-3.0000000000
2791,1.0000000000
2792,-2.0000000000
2793,1.0000000000
2794,0.0000000000
2795,-2.0000000000
2796,-3.0000000000
2797,-1.0000000000
2798,-3.0000000000
2799,-1.0000000000
2800,-2.0000000000
2801,6.0000000000
2802,-3.0000000000
2803,1.0000000000
2804,0.0000000000
2805,-2.0000000000
2806,2.0000000000
2807,-1.0000000000
2808,3.0000000000
2809,-3.0000000000
2810,5.0000000000
2811,-3.0000000000
2812,-2.0000000000
2813,-2.0000000000
2814,4.0000000000
2815,4.0000000000
2816,4.0000000000
2817,2.0000000000
2818,3.0000000000
2819,-5.0000000000
2820,0.0000000000
2821,-4.0000000000
2822,-2.0000000000
2823,3.0000000000
2824,-3.0000000000
2825,-2.0000000000
2826,5.0000000000
2827,2.0000000000
2828,-2.0000000000
2829,-4.0000000000
2830,0.0000000000
2831,5.0000000000
2832,3.0000000000
2833,-3.0000000000
2834,0.0000000000
2835,-2.0000000000
2836,6.0000000000
2837,-1.0000000000
2838,1.0000000000
2839,2.0000000000
2840,5.0000000000
2841,-3.0000000000
2842,4.0000000000
2843,-1.0000000000
2844,-2.0000000000
2845,0.0000000000
2846,0.0000000000
2847,1.0000000000
2848,1.0000000000
2849,-1.0000000000
2850,5.0000000000
2851,-4.0000000000
2852,3.0000000000
2853,5.0000000000
2854,1.0000000000
2855,-1.0000000000
2856,0.0000000000
2857,0.0000000000
2858,-2.0000000000
2859,3.0000000000
2860,-3.0000000000
2861,6.0000000000
2862,0.0000000000
2863,3.0000000000
2864,2.0000000000
2865,-1.0000000000
2866,9.0000000000
2867,0.0000000000
2868,-1.0000000000
2869,-4.0000000000
2870,-7.0000000000
2871,2.0000000000
2872,1.0000000000
2873,1.0000000000
2874,4.0000000000
2875,-3.0000000000
2876,0.0000000000
2877,-5.0000000000
2878,-5.0000000000
2879,0.0000000000
2880,-1.0000000000
2881,-2.0000000000
2882,1.0000000000
2883,-5.0000000000
2884,0.0000000000
2885,-2.0000000000
2886,4.0000000000
2887,-2.0000000000
2888,-4.0000000000
2889,-3.0000000000
2890,-2.0000000000
2891,4.0000000000
2892,1.0000000000
2893,3.0000000000
2894,-1.0000000000
2895,2.0000000000
2896,0.0000000000
2897,2.0000000000
2898,1.0000000000
2899,6.0000000000
2900,4.0000000000
2901,-1.0000000000
2902,3.0000000000
2903,1.0000000000
2904,-3.0000000000
2905,3.0000000000
2906,3.0000000000
2907,3.0000000000
2908,1.0000000000
2909,-1.0000000000
2910,0.0000000000
2911,1.0000000000
2912,-3.0000000000
2913,-1.0000000000
2914,6.0000000000
2915,-6.0000000000
2916,-2.0000000000
2917,3.0000000000
2918,5.0000000000
2919,5.0000000000
2920,0.0000000000
2921,-3.0000000000
2922,0.0000000000
2923,-4.0000000000
2924,2.0000000000
2925,-1.0000000000
2926,2.0000000000
2927,0.0000000000
2928,-1.0000000000
2929,2.0000000000
2930,0.0000000000
2931,0.0000000000
2932,3.0000000000
2933,-3.0000000000
2934,0.0000000000
2935,-6.0000000000
2936,-8.0000000000
2937,4.0000000000
2938,-4.0000000000
2939,-1.0000000000
2940,3.0000000000
2941,1.0000000000
2942,-2.0000000000
2943,3.0000000000
2944,0.0000000000
2945,12.0000000000
2946,0.0000000000
2947,-1.0000000000
2948,0.0000000000
2949,5.0000000000
2950,-6.0000000000
2951,-4.0000000000
2952,3.0000000000
2953,-2.0000000000
2954,3.0000000000
2955,0.0000000000
2956,-1.0000000000
2957,5.0000000000
2958,0.0000000000
2959,2.0000000000
2960,3.0000000000
2961,0.0000000000
2962,-1.0000000000
2963,3.0000000000
2964,-1.0000000000
2965,6.0000000000
2966,7.0000000000
2967,2.0000000000
2968,1.0000000000
2969,4.0000000000
2970,1.0000000000
2971,2.0000000000
2972,-3.0000000000
2973,5.0000000000
2974,-3.0000000000
2975,1.0000000000
2976,1.0000000000
2977,3.0000000000
2978,4.0000000000
2979,-3.0000000000
2980,-5.0000000000
2981,-1.0000000000
2982,-1.0000000000
2983,0.0000000000
2984,0.0000000000
2985,0.0000000000
2986,0.0000000000
2987,1.0000000000
2988,1.0000000000
2989,-8.0000000000
2990,2.0000000000
2991,1.0000000000
2992,3.0000000000
2993,1.0000000000
2994,2.0000000000
2995,3.0000000000
2996,0.0000000000
2997,-4.0000000000
2998,0.0000000000
2999,-2.0000000000
3000,-2.0000000000
3001,-1.0000000000
3002,-2.0000000000
3003,7.0000000000
3004,1.0000000000
3005,-3.0000000000
3006,7.0000000000
3007,0.0000000000
3008,0.0000000000
3009,-6.0000000000
3010,-4.0000000000
3011,-1.0000000000
3012,-1.0000000000
3013,-6.0000000000
3014,-5.0000000000
3015,-2.0000000000
3016,1.0000000000
3017,-4.0000000000
3018,2.0000000000
3019,0.0000000000
3020,-1.0000000000
3021,-2.0000000000
3022,-2.0000000000
3023,-1.0000000000
3024,7.0000000000
3025,-2.0000000000
3026,3.0000000000
3027,0.0000000000
3028,2.0000000000
3029,-1.0000000000
3030,0.0000000000
3031,0.0000000000
3032,4.0000000000
3033,3.0000000000
3034,-2.0000000000
3035,-2.0000000000
3036,-5.0000000000
3037,4.0000000000
3038,2.0000000000
3039,0.0000000000
3040,-4.0000000000
3041,2.0000000000
3042,0.0000000000
3043,-5.0000000000
3044,1.0000000000
3045,-3.0000000000
3046,-5.0000000000
3047,-2.0000000000
3048,4.0000000000
3049,-2.0000000000
3050,0.0000000000
3051,-1.0000000000
3052,3.0000000000
3053,-3.0000000000
3054,1.0000000000
3055,-3.0000000000
3056,-1.0000000000
3057,2.0000000000
3058,1.0000000000
3059,-4.0000000000
3060,-5.0000000000
3061,-3.0000000000
3062,-2.0000000000
3063,-6.0000000000
3064,2.0000000000
3065,0.0000000000
3066,2.0000000000
3067,-1.0000000000
3068,5.0000000000
3069,0.0000000000
3070,1.0000000000
3071,-1.0000000000
3072,0.0000000000
3073,1.0000000000
3074,-1.0000000000
3075,4.0000000000
3076,0.0000000000
3077,2.0000000000
3078,3.0000000000
3079,1.0000000000
3080,0.0000000000
3081,1.0000000000
3082,-1.0000000000
3083,-3.0000000000
3084,9.0000000000
3085,-1.0000000000
3086,-2.0000000000
3087,2.0000000000
3088,-3.0000000000
3089,-2.0000000000
3090,5.0000000000
3091,4.0000000000
3092,2.0000000000
3093,-4.0000000000
3094,1.0000000000
3095,0.0000000000
3096,7.0000000000
3097,1.0000000000
3098,0.0000000000
3099,-2.0000000000
3100,1.0000000000
3101,-9.0000000000
3102,-2.0000000000
3103,-1.0000000000
3104,-10.0000000000
3105,-4.0000000000
3106,-1.0000000000
3107,-1.0000000000
3108,-1.0000000000
3109,-1.0000000000
3110,-2.0000000000
3111,6.0000000000
3112,-2.0000000000
3113,-1.0000000000
3114,2.0000000000
3115,-2.0000000000
3116,1.0000000000
3117,0.0000000000
3118,-1.0000000000
3119,4.0000000000
3120,-2.0000000000
3121,3.0000000000
3122,2.0000000000
3123,-6.0000000000
3124,-3.0000000000
3125,4.0000000000
3126,-1.0000000000
3127,1.0000000000
3128,5.0000000000
3129,-3.0000000000
3130,0.0000000000
3131,-1.0000000000
3132,-2.0000000000
3133,0.0000000000
3134,-1.0000000000
3135,-3.0000000000
3136,4.0000000000
3137,0.0000000000
3138,-1.0000000000
3139,2.0000000000
3140,2.0000000000
3141,-1.0000000000
3142,-1.0000000000
3143,-1.0000000000
3144,1.0000000000
3145,-1.0000000000
3146,-2.0000000000
3147,-1.0000000000
3148,-2.0000000000
3149,4.0000000000
3150,2.0000000000
3151,-3.0000000000
3152,1.0000000000
3153,1.0000000000
3154,0.0000000000
3155,0.0000000000
3156,-9.0000000000
3157,-1.0000000000
3158,2.0000000000
3159,2.0000000000
3160,1.0000000000
3161,5.0000000000
3162,0.0000000000
3163,-1.0000000000
3164,-2.0000000000
3165,3.0000000000
3166,-2.0000000000
3167,9.0000000000
3168,1.0000000000
3169,6.0000000000
3170,-5.0000000000
3171,1.0000000000
3172,-1.0000000000
3173,1.0000000000
3174,-5.0000000000
3175,-3.0000000000
3176,0.0000000000
3177,4.0000000000
3178,3.0000000000
3179,2.0000000000
3180,-5.0000000000
3181,0.0000000000
3182,4.0000000000
3183,-2.0000000000
3184,-1.0000000000
3185,1.0000000000
3186,-3.0000000000
3187,-1.0000000000
3188,-1.0000000000
3189,4.0000000000
3190,-1.0000000000
3191,-5.0000000000
3192,-3.0000000000
3193,-3.0000000000
3194,-6.0000000000
3195,0.0000000000
3196,4.0000000000
3197,3.0000000000
3198,-2.0000000000
3199,2.0000000000
3200,2.0000000000
3201,3.0000000000
3202,5.0000000000
3203,1.0000000000
3204,1.0000000000
3205,2.0000000000
3206,-1.0000000000
3207,2.0000000000
3208,-2.0000000000
3209,3.0000000000
3210,-4.0000000000
3211,-1.0000000000
3212,-3.0000000000
3213,2.0000000000
3214,-7.0000000000
3215,-4.0000000000
3216,2.0000000000
3217,-1.0000000000
3218,0.0000000000
3219,2.0000000000
3220,-4.0000000000
3221,1.0000000000
3222,2.0000000000
3223,-1.0000000000
3224,-1.0000000000
3225,1.0000000000
3226,-5.0000000000
3227,-1.0000000000
3228,0.0000000000
3229,8.0000000000
3230,-1.0000000000
3231,1.0000000000
3232,-3.0000000000
3233,1.0000000000
3234,1.0000000000
3235,2.0000000000
3236,-2.0000000000
3237,-1.0000000000
3238,-3.0000000000
3239,4.0000000000
3240,-3.0000000000
3241,3.0000000000
3242,-2.0000000000
3243,-3.0000000000
3244,-4.0000000000
3245,-2.0000000000
3246,-1.0000000000
3247,2.0000000000
3248,-1.0000000000
3249,1.0000000000
3250,1.0000000000
3251,-1.0000000000
3252,-4.0000000000
3253,1.0000000000
3254,-1.0000000000
3255,1.0000000000
3256,-5.0000000000
3257,0.0000000000
3258,-2.0000000000
3259,-3.0000000000
3260,3.0000000000
3261,2.0000000000
3262,3.0000000000
3263,-1.0000000000
3264,1.0000000000
3265,4.0000000000
3266,-7.0000000000
3267,-1.0000000000
3268,1.0000000000
3269,8.0000000000
3270,-3.0000000000
3271,3.0000000000
3272,0.0000000000
3273,7.0000000000
3274,-4.0000000000
3275,1.0000000000
3276,3.0000000000
3277,-4.0000000000
3278,-2.0000000000
3279,-4.0000000000
3280,-3.0000000000
3281,5.0000000000
3282,7.0000000000
3283,-2.0000000000
3284,3.0000000000
3285,5.0000000000
3286,-1.0000000000
3287,-4.0000000000
3288,-2.0000000000
3289,-1.0000000000
3290,4.0000000000
3291,-6.0000000000
3292,-5.0000000000
3293,4.0000000000
3294,0.0000000000
3295,-1.0000000000
3296,0.0000000000
3297,1.0000000000
3298,4.0000000000
3299,5.0000000000
3300,-3.0000000000
3301,-3.0000000000
3302,-2.0000000000
3303,-3.0000000000
3304,-3.0000000000
3305,-1.0000000000
3306,3.0000000000
3307,3.0000000000
3308,-1.0000000000
3309,-4.0000000000
3310,-1.0000000000
3311,5.0000000000
3312,-2.0000000000
3313,-2.0000000000
3314,2.0000000000
3315,-2.0000000000
3316,4.0000000000
3317,4.0000000000
3318,5.0000000000
3319,-7.0000000000
3320,2.0000000000
3321,1.0000000000
3322,-3.0000000000
3323,-3.0000000000
3324,0.0000000000
3325,-1.0000000000
3326,4.0000000000
3327,-1.0000000000
3328,-3.0000000000
3329,1.0000000000
3330,-3.0000000000
3331,-1.0000000000
3332,2.0000000000
3333,-6.0000000000
3334,3.0000000000
3335,3.0000000000
3336,-2.0000000000
3337,4.0000000000
3338,-1.0000000000
3339,1.0000000000
3340,-6.0000000000
3341,-1.0000000000
3342,1.0000000000
3343,2.0000000000
3344,2.0000000000
3345,2.0000000000
3346,0.0000000000
3347,-2.0000000000
3348,-3.0000000000
3349,0.0000000000
3350,4.0000000000
3351,-4.0000000000
3352,6.0000000000
3353,-2.0000000000
3354,-1.0000000000
3355,1.0000000000
3356,-2.0000000000
3357,-4.0000000000
3358,-6.0000000000
3359,5.0000000000
3360,-5.0000000000
3361,-1.0000000000
3362,-5.0000000000
3363,0.0000000000
3364,0.0000000000
3365,3.0000000000
3366,0.0000000000
3367,6.0000000000
3368,2.0000000000
3369,-2.0000000000
3370,-8.0000000000
3371,1.0000000000
3372,4.0000000000
3373,2.0000000000
3374,-1.0000000000
3375,-2.0000000000
3376,2.0000000000
3377,3.0000000000
3378,-1.0000000000
3379,-4.0000000000
3380,-2.0000000000
3381,1.0000000000
3382,-2.0000000000
3383,2.0000000000
3384,0.0000000000
3385,5.0000000000
3386,-7.0000000000
3387,2.0000000000
3388,-5.0000000000
3389,1.0000000000
3390,-1.0000000000
3391,-1.0000000000
3392,-5.0000000000
3393,1.0000000000
3394,-2.0000000000
3395,2.0000000000
3396,2.0000000000
3397,-3.0000000000
3398,-2.0000000000
3399,-4.0000000000
3400,2.0000000000
3401,-2.0000000000
3402,0.0000000000
3403,-4.0000000000
3404,-1.0000000000
3405,0.0000000000
3406,0.0000000000
3407,1.0000000000
3408,2.0000000000
3409,-4.0000000000
3410,6.0000000000
3411,1.0000000000
3412,-4.0000000000
3413,-3.0000000000
3414,2.0000000000
3415,-4.0000000000
3416,2.0000000000
3417,3.0000000000
3418,0.0000000000
3419,0.0000000000
3420,7.0000000000
3421,5.0000000000
3422,5.0000000000
3423,-2.0000000000
3424,-1.0000000000
3425,1.0000000000
3426,-4.0000000000
3427,6.0000000000
3428,2.0000000000
3429,-5.0000000000
3430,4.0000000000
3431,3.0000000000
3432,-3.0000000000
3433,-3.0000000000
3434,3.0000000000
3435,1.0000000000
3436,1.0000000000
3437,-7.0000000000
3438,1.0000000000
3439,3.0000000000
3440,0.0000000000
3441,-4.0000000000
3442,0.0000000000
3443,-1.0000000000
3444,-1.0000000000
3445,-5.0000000000
3446,1.0000000000
3447,0.0000000000
3448,0.0000000000
3449,-3.0000000000
3450,-5.0000000000
3451,0.0000000000
3452,4.0000000000
3453,3.0000000000
3454,3.0000000000
3455,2.0000000000
3456,0.0000000000
3457,-3.0000000000
3458,1.0000000000
3459,-2.0000000000
3460,0.0000000000
3461,7.0000000000
3462,-2.0000000000
3463,1.0000000000
3464,-2.0000000000
3465,3.0000000000
3466,1.0000000000
3467,0.0000000000
3468,1.0000000000
3469,-2.0000000000
3470,-3.0000000000
3471,-3.0000000000
3472,0.0000000000
3473,7.0000000000
3474,5.0000000000
3475,-2.0000000000
3476,3.0000000000
3477,-1.0000000000
3478,-1.0000000000
3479,-1.0000000000
3480,2.0000000000
3481,-5.0000000000
3482,-2.0000000000
3483,0.0000000000
3484,1.0000000000
3485,1.0000000000
3486,-4.0000000000
3487,-6.0000000000
3488,0.0000000000
3489,2.0000000000
3490,2.0000000000
3491,2.0000000000
3492,0.0000000000
3493,1.0000000000
3494,3.0000000000
3495,1.0000000000
3496,-4.0000000000
3497,2.0000000000
3498,1.0000000000
3499,2.0000000000
3500,-5.0000000000
3501,5.0000000000
3502,-1.0000000000
3503,4.0000000000
3504,4.0000000000
3505,0.0000000000
3506,-1.0000000000
3507,5.0000000000
3508,-1.0000000000
3509,2.0000000000
3510,1.0000000000
3511,2.0000000000
3512,1.0000000000
3513,-1.0000000000
3514,3.0000000000
3515,0.0000000000
3516,0.0000000000
3517,-2.0000000000
3518,2.0000000000
3519,-3.0000000000
3520,-1.0000000000
3521,-2.0000000000
3522,-3.0000000000
3523,-1.0000000000
3524,2.0000000000
3525,0.0000000000
3526,-8.0000000000
3527,2.0000000000
3528,6.0000000000
3529,-1.0000000000
3530,4.0000000000
3531,1.0000000000
3532,-3.0000000000
3533,-1.0000000000
3534,0.0000000000
3535,-3.0000000000
3536,3.0000000000
3537,3.0000000000
3538,0.0000000000
3539,2.0000000000
3540,5.0000000000
3541,5.0000000000
3542,0.0000000000
3543,-4.0000000000
3544,-6.0000000000
3545,3.0000000000
3546,-4.0000000000
3547,3.0000000000
3548,-4.0000000000
3549,1.0000000000
3550,4.0000000000
3551,-3.0000000000
3552,4.0000000000
3553,-4.0000000000
3554,1.0000000000
3555,-1.0000000000
3556,0.0000000000
3557,-1.0000000000
3558,-2.0000000000
3559,2.0000000000
3560,-2.0000000000
3561,-2.0000000000
3562,-2.0000000000
3563,-4.0000000000
3564,0.0000000000
3565,0.0000000000
3566,2.0000000000
3567,-6.0000000000
3568,1.0000000000
3569,-2.0000000000
3570,2.0000000000
3571,-5.0000000000
3572,-3.0000000000
3573,0.0000000000
3574,6.0000000000
3575,-6.0000000000
3576,-3.0000000000
3577,-5.0000000000
3578,-1.0000000000
3579,-2.0000000000
3580,1.0000000000
3581,3.0000000000
3582,-5.0000000000
3583,-4.0000000000
3584,3.0000000000
3585,0.0000000000
3586,3.0000000000
3587,3.0000000000
3588,-3.0000000000
3589,1.0000000000
3590,-2.0000000000
3591,-5.0000000000
3592,3.0000000000
3593,-1.0000000000
3594,-4.0000000000
3595,-1.0000000000
3596,-3.0000000000
3597,2.0000000000
3598,2.0000000000
3599,-4.0000000000
3600,2.0000000000
3601,-1.0000000000
3602,0.0000000000
3603,2.0000000000
3604,10.0000000000
3605,-5.0000000000
3606,-1.0000000000
3607,-3.0000000000
3608,-1.0000000000
3609,1.0000000000
3610,0.0000000000
3611,-2.0000000000
3612,2.0000000000
3613,3.0000000000
3614,-4.0000000000
3615,-5.0000000000
3616,-4.0000000000
3617,-1.0000000000
3618,2.0000000000
3619,5.0000000000
3620,-1.0000000000
3621,1.0000000000
3622,-1.0000000000
3623,-9.0000000000
3624,-1.0000000000
3625,1.0000000000
3626,9.0000000000
3627,2.0000000000
3628,0.0000000000
3629,0.0000000000
3630,-1.0000000000
3631,-5.0000000000
3632,-4.0000000000
3633,-1.0000000000
3634,1.0000000000
3635,1.0000000000
3636,-2.0000000000
3637,0.0000000000
3638,-3.0000000000
3639,-2.0000000000
3640,2.0000000000
3641,3.0000000000
3642,-1.0000000000
3643,2.0000000000
3644,0.0000000000
3645,-2.0000000000
3646,-1.0000000000
3647,3.0000000000
3648,1.0000000000
3649,-3.0000000000
3650,-4.0000000000
3651,-1.0000000000
3652,-7.0000000000
3653,-2.0000000000
3654,-2.0000000000
3655,-1.0000000000
3656,2.0000000000
3657,2.0000000000
3658,-5.0000000000
3659,-2.0000000000
3660,6.0000000000
3661,-3.0000000000
3662,-3.0000000000
3663,1.0000000000
3664,0.0000000000
3665,6.0000000000
3666,3.0000000000
3667,0.0000000000
3668,-3.0000000000
3669,-5.0000000000
3670,-3.0000000000
3671,-3.0000000000
3672,-2.0000000000
3673,-2.0000000000
3674,3.0000000000
3675,-2.0000000000
3676,2.0000000000
3677,-3.0000000000
3678,0.0000000000
3679,1.0000000000
3680,4.0000000000
3681,4.0000000000
3682,0.0000000000
3683,-4.0000000000
3684,5.0000000000
3685,4.0000000000
3686,0.0000000000
3687,6.0000000000
3688,8.0000000000
3689,11.0000000000
3690,5.0000000000
3691,4.0000000000
3692,-2.0000000000
3693,1.0000000000
3694,-7.0000000000
3695,5.0000000000
3696,-6.0000000000
3697,0.0000000000
3698,-2.0000000000
3699,1.0000000000
3700,-4.0000000000
3701,4.0000000000
3702,-4.0000000000
3703,2.0000000000
3704,-2.0000000000
3705,2.0000000000
3706,-1.0000000000
3707,2.0000000000
3708,-2.0000000000
3709,-7.0000000000
3710,6.0000000000
3711,-2.0000000000
3712,4.0000000000
3713,-5.0000000000
3714,0.0000000000
3715,2.0000000000
3716,-2.0000000000
3717,-3.0000000000
3718,1.0000000000
3719,0.0000000000
3720,-2.0000000000
3721,-1.0000000000
3722,1.0000000000
3723,0.0000000000
3724,-2.0000000000
3725,4.0000000000
3726,-1.0000000000
3727,0.0000000000
3728,-2.0000000000
3729,-5.0000000000
3730,4.0000000000
3731,4.0000000000
3732,-3.0000000000
3733,-2.0000000000
3734,-2.0000000000
3735,0.0000000000
3736,9.0000000000
3737,-3.0000000000
3738,1.0000000000
3739,4.0000000000
3740,6.0000000000
3741,1.0000000000
3742,0.0000000000
3743,-4.0000000000
3744,0.0000000000
3745,1.0000000000
3746,0.0000000000
3747,-1.0000000000
3748,-6.0000000000
3749,-2.0000000000
3750,-6.0000000000
3751,0.0000000000
3752,-2.0000000000
3753,-2.0000000000
3754,5.0000000000
3755,2.0000000000
3756,3.0000000000
3757,2.0000000000
3758,1.0000000000
3759,2.0000000000
3760,1.0000000000
3761,0.0000000000
3762,5.0000000000
3763,1.0000000000
3764,1.0000000000
3765,0.0000000000
3766,0.0000000000
3767,6.0000000000
3768,0.0000000000
3769,0.0000000000
3770,2.0000000000
3771,0.0000000000
3772,0.0000000000
3773,-2.0000000000
3774,2.0000000000
3775,3.0000000000
3776,1.0000000000
3777,0.0000000000
3778,2.0000000000
3779,-2.0000000000
3780,-7.0000000000
3781,2.0000000000
3782,4.0000000000
3783,3.0000000000
3784,-4.0000000000
3785,0.0000000000
3786,2.0000000000
3787,-4.0000000000
3788,6.0000000000
3789,1.0000000000
3790,2.0000000000
3791,0.0000000000
3792,-6.0000000000
3793,2.0000000000
3794,1.0000000000
3795,-1.0000000000
3796,2.0000000000
3797,4.0000000000
3798,-3.0000000000
3799,2.0000000000
3800,0.0000000000
3801,9.0000000000
3802,-5.0000000000
3803,-1.0000000000
3804,1.0000000000
3805,-7.0000000000
3806,3.0000000000
3807,4.0000000000
3808,7.0000000000
3809,1.0000000000
3810,-5.0000000000
3811,1.0000000000
3812,0.0000000000
3813,5.0000000000
3814,-1.0000000000
3815,0.0000000000
3816,-1.0000000000
3817,1.0000000000
3818,-2.0000000000
3819,6.0000000000
3820,1.0000000000
3821,5.0000000000
3822,2.0000000000
3823,-5.0000000000
3824,0.0000000000
3825,-5.0000000000
3826,0.0000000000
3827,-3.0000000000
3828,-2.0000000000
3829,-1.0000000000
3830,-3.0000000000
3831,-1.0000000000
3832,1.0000000000
3833,-3.0000000000
3834,0.0000000000
3835,-3.0000000000
3836,-4.0000000000
3837,1.0000000000
3838,1.0000000000
3839,3.0000000000
3840,0.0000000000
3841,0.0000000000
3842,-1.0000000000
3843,0.0000000000
3844,1.0000000000
3845,4.0000000000
3846,4.0000000000
3847,3.0000000000
3848,0.0000000000
3849,-6.0000000000
3850,2.0000000000
3851,-1.0000000000
3852,3.0000000000
3853,-2.0000000000
3854,2.0000000000
3855,-3.0000000000
3856,1.0000000000
3857,-2.0000000000
3858,0.0000000000
3859,3.0000000000
3860,-5.0000000000
3861,-2.0000000000
3862,-3.0000000000
3863,0.0000000000
3864,-2.0000000000
3865,-3.0000000000
3866,1.0000000000
3867,1.0000000000
3868,-2.0000000000
3869,1.0000000000
3870,3.0000000000
3871,-1.0000000000
3872,-6.0000000000
3873,-2.0000000000
3874,3.0000000000
3875,5.0000000000
3876,-8.0000000000
3877,-3.0000000000
3878,2.0000000000
3879,-6.0000000000
3880,5.0000000000
3881,1.0000000000
3882,-5.0000000000
3883,-4.0000000000
3884,-1.0000000000
3885,7.0000000000
3886,1.0000000000
3887,1.0000000000
3888,-2.0000000000
3889,-3.0000000000
3890,-2.0000000000
3891,1.0000000000
3892,2.0000000000
3893,-1.0000000000
3894,1.0000000000
3895,-1.0000000000
3896,7.0000000000
3897,-1.0000000000
3898,1.0000000000
3899,-3.0000000000
3900,1.0000000000
3901,-2.0000000000
3902,-5.0000000000
3903,-2.0000000000
3904,-2.0000000000
3905,2.0000000000
3906,1.0000000000
3907,1.0000000000
3908,-1.0000000000
3909,3.0000000000
3910,-11.0000000000
3911,1.0000000000
3912,1.0000000000
3913,-2.0000000000
3914,5.0000000000
3915,8.0000000000
3916,-2.0000000000
3917,5.0000000000
3918,0.0000000000
3919,6.0000000000
3920,-6.0000000000
3921,1.0000000000
3922,-1.0000000000
3923,1.0000000000
3924,1.0000000000
3925,4.0000000000
3926,-2.0000000000
3927,2.0000000000
3928,-4.0000000000
3929,0.0000000000
3930,1.0000000000
3931,2.0000000000
3932,0.0000000000
3933,4.0000000000
3934,2.0000000000
3935,4.0000000000
3936,-1.0000000000
3937,0.0000000000
3938,1.0000000000
3939,2.0000000000
3940,1.0000000000
3941,-5.0000000000
3942,-1.0000000000
3943,4.0000000000
3944,5.0000000000
3945,-2.0000000000
3946,-7.0000000000
3947,-2.0000000000
3948,3.0000000000
3949,3.0000000000
3950,5.0000000000
3951,2.0000000000
3952,1.0000000000
3953,-1.0000000000
3954,-5.0000000000
3955,6.0000000000
3956,-1.0000000000
3957,0.0000000000
3958,3.0000000000
3959,1.0000000000
3960,2.0000000000
3961,-4.0000000000
3962,0.0000000000
3963,0.0000000000
3964,-6.0000000000
3965,-4.0000000000
3966,1.0000000000
3967,-4.0000000000
3968,1.0000000000
3969,-2.0000000000
3970,1.0000000000
3971,2.0000000000
3972,0.0000000000
3973,1.0000000000
3974,5.0000000000
3975,-3.0000000000
3976,5.0000000000
3977,6.0000000000
3978,2.0000000000
3979,8.0000000000
3980,1.0000000000
3981,2.0000000000
3982,-2.0000000000
3983,-2.0000000000
3984,-1.0000000000
3985,0.0000000000
3986,-1.0000000000
3987,0.0000000000
3988,-4.0000000000
3989,0.0000000000
3990,0.0000000000
3991,1.0000000000
3992,-2.0000000000
3993,1.0000000000
3994,1.0000000000
3995,5.0000000000
3996,4.0000000000
3997,0.0000000000
3998,-2.0000000000
3999,-9.0000000000
4000,1.0000000000
4001,8.0000000000
4002,-2.0000000000
4003,-1.0000000000
4004,4.0000000000
4005,-4.0000000000
4006,-1.0000000000
4007,5.0000000000
4008,0.0000000000
4009,3.0000000000
4010,-1.0000000000
4011,3.0000000000
4012,1.0000000000
4013,1.0000000000
4014,-1.0000000000
4015,-3.0000000000
4016,-4.0000000000
4017,-5.0000000000
4018,0.0000000000
4019,-1.0000000000
4020,1.0000000000
4021,4.0000000000
4022,4.0000000000
4023,-4.0000000000
4024,-5.0000000000
4025,0.0000000000
4026,1.0000000000
4027,-5.0000000000
4028,-3.0000000000
4029,3.0000000000
4030,0.0000000000
4031,0.0000000000
4032,3.0000000000
4033,4.0000000000
4034,0.0000000000
4035,-1.0000000000
4036,-1.0000000000
4037,3.0000000000
4038,-1.0000000000
4039,5.0000000000
4040,1.0000000000
4041,2.0000000000
4042,-1.0000000000
4043,-3.0000000000
4044,0.0000000000
4045,-4.0000000000
4046,-6.0000000000
4047,-6.0000000000
4048,4.0000000000
4049,3.0000000000
4050,2.0000000000
4051,-2.0000000000
4052,8.0000000000
4053,3.0000000000
4054,0.0000000000
4055,1.0000000000
4056,-3.0000000000
4057,3.0000000000
4058,-3.0000000000
4059,2.0000000000
4060,8.0000000000
4061,0.0000000000
4062,9.0000000000
4063,-2.0000000000
4064,4.0000000000
4065,1.0000000000
4066,-3.0000000000
4067,1.0000000000
4068,-2.0000000000
4069,-3.0000000000
4070,-4.0000000000
4071,-7.0000000000
4072,9.0000000000
4073,-2.0000000000
4074,-1.0000000000
4075,-3.0000000000
4076,-1.0000000000
4077,2.0000000000
4078,-5.0000000000
4079,0.0000000000
4080,-2.0000000000
4081,0.0000000000
4082,-3.0000000000
4083,-4.0000000000
4084,-4.0000000000
4085,-4.0000000000
4086,0.0000000000
4087,4.0000000000
4088,-4.0000000000
4089,-4.0000000000
4090,4.0000000000
4091,3.0000000000
4092,1.0000000000
4093,2.0000000000
4094,3.0000000000
4095,-6.0000000000
4096,1.0000000000
4097,4.0000000000
4098,-6.0000000000
4099,2.0000000000
4100,-3.0000000000
4101,2.0000000000
4102,2.0000000000
4103,2.0000000000
4104,-3.0000000000
4105,1.0000000000
4106,4.0000000000
4107,0.0000000000
4108,7.0000000000
4109,-5.0000000000
4110,-1.0000000000
4111,0.0000000000
4112,-5.0000000000
4113,-3.0000000000
4114,5.0000000000
4115,-4.0000000000
4116,2.0000000000
4117,0.0000000000
4118,-2.0000000000
4119,0.0000000000
4120,5.0000000000
4121,-1.0000000000
4122,-3.0000000000
4123,-1.0000000000
4124,0.0000000000
4125,3.0000000000
4126,4.0000000000
4127,5.0000000000
4128,-2.0000000000
4129,0.0000000000
4130,2.0000000000
4131,1.0000000000
4132,6.0000000000
4133,1.0000000000
4134,4.0000000000
4135,1.0000000000
4136,0.0000000000
4137,0.0000000000
4138,7.0000000000
4139,-3.0000000000
4140,5.0000000000
4141,-1.0000000000
4142,0.0000000000
4143,2.0000000000
4144,-1.0000000000
4145,-1.0000000000
4146,-6.0000000000
4147,-2.0000000000
4148,-6.0000000000
4149,-6.0000000000
4150,6.0000000000
4151,-3.0000000000
4152,-2.0000000000
4153,3.0000000000
4154,-3.0000000000
4155,0.0000000000
4156,1.0000000000
4157,2.0000000000
4158,5.0000000000
4159,2.0000000000
4160,-5.0000000000
4161,-4.0000000000
4162,-5.0000000000
4163,2.0000000000
4164,-3.0000000000
4165,-1.0000000000
4166,2.0000000000
4167,-4.0000000000
4168,3.0000000000
4169,-1.0000000000
4170,-3.0000000000
4171,-5.0000000000
4172,-2.0000000000
4173,6.0000000000
4174,-3.0000000000
4175,-6.0000000000
4176,7.0000000000
4177,1.0000000000
4178,3.0000000000
4179,1.0000000000
4180,7.0000000000
4181,-2.0000000000
4182,-2.0000000000
4183,1.0000000000
4184,-3.0000000000
4185,4.0000000000
4186,5.0000000000
4187,0.0000000000
4188,0.0000000000
4189,-2.0000000000
4190,-3.0000000000
4191,-3.0000000000
4192,5.0000000000
4193,2.0000000000
4194,-7.0000000000
4195,0.0000000000
4196,-1.0000000000
4197,-1.0000000000
4198,0.0000000000
4199,-4.0000000000
4200,-2.0000000000
4201,6.0000000000
4202,3.0000000000
4203,5.0000000000
4204,0.0000000000
4205,0.0000000000
4206,-3.0000000000
4207,-3.0000000000
4208,0.0000000000
4209,0.0000000000
4210,-3.0000000000
4211,-3.0000000000
4212,-1.0000000000
4213,-1.0000000000
4214,-4.0000000000
4215,-1.0000000000
4216,-1.0000000000
4217,0.0000000000
4218,-1.0000000000
4219,0.0000000000
4220,4.0000000000
4221,-3.0000000000
4222,0.0000000000
4223,3.0000000000
4224,-3.0000000000
4225,-6.0000000000
4226,3.0000000000
4227,-1.0000000000
4228,-6.0000000000
4229,2.0000000000
4230,2.0000000000
4231,0.0000000000
4232,1.0000000000
4233,0.0000000000
4234,-2.0000000000
4235,-9.0000000000
4236,-5.0000000000
4237,-2.0000000000
4238,2.0000000000
4239,-2.0000000000
4240,4.0000000000
4241,-4.0000000000
4242,6.0000000000
4243,0.0000000000
4244,0.0000000000
4245,1.0000000000
4246,0.0000000000
4247,-6.0000000000
4248,-1.0000000000
4249,3.0000000000
4250,-3.0000000000
4251,0.0000000000
4252,-3.0000000000
4253,-1.0000000000
4254,1.0000000000
4255,-3.0000000000
4256,-1.0000000000
4257,-5.0000000000
4258,4.0000000000
4259,1.0000000000
4260,-2.0000000000
4261,0.0000000000
4262,1.0000000000
4263,3.0000000000
4264,1.0000000000
4265,-1.0000000000
4266,0.0000000000
4267,1.0000000000
4268,3.0000000000
4269,0.0000000000
4270,-3.0000000000
4271,4.0000000000
4272,-3.0000000000
4273,-4.0000000000
4274,0.0000000000
4275,0.0000000000
4276,-1.0000000000
4277,1.0000000000
4278,0.0000000000
4279,-2.0000000000
4280,-3.0000000000
4281,3.0000000000
4282,1.0000000000
4283,-3.0000000000
4284,-1.0000000000
4285,8.0000000000
4286,5.0000000000
4287,0.0000000000
4288,-4.0000000000
4289,4.0000000000
4290,-2.0000000000
4291,-1.0000000000
4292,0.0000000000
4293,7.0000000000
4294,-4.0000000000
4295,-1.0000000000
4296,6.0000000000
4297,-3.0000000000
4298,0.0000000000
4299,-6.0000000000
4300,-4.0000000000
4301,-1.0000000000
4302,0.0000000000
4303,3.0000000000
4304,4.0000000000
4305,-1.0000000000
4306,2.0000000000
4307,4.0000000000
4308,4.0000000000
4309,6.0000000000
4310,1.0000000000
4311,1.0000000000
4312,-3.0000000000
4313,-1.0000000000
4314,3.0000000000
4315,1.0000000000
4316,1.0000000000
4317,2.0000000000
4318,4.0000000000
4319,-2.0000000000
4320,-1.0000000000
4321,3.0000000000
4322,1.0000000000
4323,2.0000000000
4324,0.0000000000
4325,-2.0000000000
4326,-1.0000000000
4327,0.0000000000
4328,2.0000000000
4329,-4.0000000000
4330,1.0000000000
4331,7.0000000000
4332,1.0000000000
4333,-4.0000000000
4334,2.0000000000
4335,1.0000000000
4336,-1.0000000000
4337,-3.0000000000
4338,6.0000000000
4339,-7.0000000000
4340,-4.0000000000
4341,4.0000000000
4342,1.0000000000
4343,1.0000000000
4344,-2.0000000000
4345,-2.0000000000
4346,5.0000000000
4347,5.0000000000
4348,3.0000000000
4349,1.0000000000
4350,0.0000000000
4351,5.0000000000
4352,-5.0000000000
4353,-2.0000000000
4354,-3.0000000000
4355,1.0000000000
4356,0.0000000000
4357,0.0000000000
4358,-3.0000000000
4359,2.0000000000
4360,-3.0000000000
4361,4.0000000000
4362,1.0000000000
4363,6.0000000000
4364,0.0000000000
4365,1.0000000000
4366,1.0000000000
4367,3.0000000000
4368,-4.0000000000
4369,3.0000000000
4370,-5.0000000000
4371,3.0000000000
4372,3.0000000000
4373,0.0000000000
4374,-2.0000000000
4375,1.0000000000
4376,2.0000000000
4377,2.0000000000
4378,-6.0000000000
4379,-6.0000000000
4380,-2.0000000000
4381,-3.0000000000
4382,0.0000000000
4383,-1.0000000000
4384,-9.0000000000
4385,1.0000000000
4386,-4.0000000000
4387,0.0000000000
4388,0.0000000000
4389,2.0000000000
4390,-2.0000000000
4391,1.0000000000
4392,0.0000000000
4393,-2.0000000000
4394,2.0000000000
4395,2.0000000000
4396,3.0000000000
4397,1.0000000000
4398,-3.0000000000
4399,1.0000000000
4400,6.0000000000
4401,-1.0000000000
4402,1.0000000000
4403,-3.0000000000
4404,1.0000000000
4405,1.0000000000
4406,4.0000000000
4407,2.0000000000
4408,-9.0000000000
4409,-5.0000000000
4410,-1.0000000000
4411,-4.0000000000
4412,6.0000000000
4413,1.0000000000
4414,-4.0000000000
4415,2.0000000000
4416,-4.0000000000
4417,-3.0000000000
4418,0.0000000000
4419,2.0000000000
4420,-4.0000000000
4421,-1.0000000000
4422,4.0000000000
4423,3.0000000000
4424,4.0000000000
4425,-1.0000000000
4426,3.0000000000
4427,-6.0000000000
4428,-1.0000000000
4429,6.0000000000
4430,5.0000000000
4431,1.0000000000
4432,-1.0000000000
4433,0.0000000000
4434,-1.0000000000
4435,4.0000000000
4436,0.0000000000
4437,-4.0000000000
4438,1.0000000000
4439,3.0000000000
4440,1.0000000000
4441,1.0000000000
4442,2.0000000000
4443,0.0000000000
4444,3.0000000000
4445,-2.0000000000
4446,1.0000000000
4447,-3.0000000000
4448,-2.0000000000
4449,-1.0000000000
4450,0.0000000000
4451,3.0000000000
4452,3.0000000000
4453,1.0000000000
4454,1.0000000000
4455,1.0000000000
4456,2.0000000000
4457,2.0000000000
4458,-3.0000000000
4459,0.0000000000
4460,-5.0000000000
4461,1.0000000000
4462,-4.0000000000
4463,0.0000000000
4464,-1.0000000000
4465,3.0000000000
4466,0.0000000000
4467,0.0000000000
4468,1.0000000000
4469,-1.0000000000
4470,0.0000000000
4471,0.0000000000
4472,2.0000000000
4473,1.0000000000
4474,-1.0000000000
4475,3.0000000000
4476,1.0000000000
4477,0.0000000000
4478,-2.0000000000
4479,0.0000000000
4480,-1.0000000000
4481,0.0000000000
4482,-7.0000000000
4483,-3.0000000000
4484,-1.0000000000
4485,-6.0000000000
4486,-1.0000000000
4487,1.0000000000
4488,0.0000000000
4489,1.0000000000
4490,-7.0000000000
4491,-2.0000000000
4492,1.0000000000
4493,3.0000000000
4494,0.0000000000
4495,-1.0000000000
4496,2.0000000000
4497,5.0000000000
4498,4.0000000000
4499,-2.0000000000
4500,2.0000000000
4501,5.0000000000
4502,0.0000000000
4503,-1.0000000000
4504,2.0000000000
4505,0.0000000000
4506,2.0000000000
4507,-4.0000000000
4508,0.0000000000
4509,2.0000000000
4510,1.0000000000
4511,-4.0000000000
4512,1.0000000000
4513,3.0000000000
4514,0.0000000000
4515,-2.0000000000
4516,-4.0000000000
4517,-1.0000000000
4518,6.0000000000
4519,5.0000000000
4520,1.0000000000
4521,2.0000000000
4522,1.0000000000
4523,-5.0000000000
4524,2.0000000000
4525,1.0000000000
4526,-2.0000000000
4527,1.0000000000
4528,-4.0000000000
4529,6.0000000000
4530,1.0000000000
4531,-2.0000000000
4532,-5.0000000000
4533,-1.0000000000
4534,5.0000000000
4535,-8.0000000000
4536,4.0000000000
4537,0.0000000000
4538,-1.0000000000
4539,-1.0000000000
4540,2.0000000000
4541,-1.0000000000
4542,-1.0000000000
4543,0.0000000000
4544,4.0000000000
4545,-4.0000000000
4546,-3.0000000000
4547,-1.0000000000
4548,3.0000000000
4549,0.0000000000
4550,2.0000000000
4551,1.0000000000
4552,1.0000000000
4553,-3.0000000000
4554,3.0000000000
4555,5.0000000000
4556,1.0000000000
4557,-1.0000000000
4558,-2.0000000000
4559,-2.0000000000
4560,-7.0000000000
4561,-3.0000000000
4562,1.0000000000
4563,-6.0000000000
4564,3.0000000000
4565,-4.0000000000
4566,-1.0000000000
4567,3.0000000000
4568,0.0000000000
4569,-1.0000000000
4570,-3.0000000000
4571,0.0000000000
4572,3.0000000000
4573,-7.0000000000
4574,0.0000000000
4575,3.0000000000
4576,5.0000000000
4577,-5.0000000000
4578,-2.0000000000
4579,1.0000000000
4580,0.0000000000
4581,-6.0000000000
4582,-6.0000000000
4583,0.0000000000
4584,4.0000000000
4585,-2.0000000000
4586,-3.0000000000
4587,1.0000000000
4588,-3.0000000000
4589,-3.0000000000
4590,2.0000000000
4591,2.0000000000
4592,3.0000000000
4593,-4.0000000000
4594,-4.0000000000
4595,-3.0000000000
4596,1.0000000000
4597,-3.0000000000
4598,1.0000000000
4599,0.0000000000
4600,0.0000000000
4601,-1.0000000000
4602,-7.0000000000
4603,2.0000000000
4604,2.0000000000
4605,-2.0000000000
4606,2.0000000000
4607,0.0000000000
4608,7.0000000000
4609,0.0000000000
4610,-3.0000000000
4611,-5.0000000000
4612,-1.0000000000
4613,2.0000000000
4614,2.0000000000
4615,-2.0000000000
4616,-4.0000000000
4617,0.0000000000
4618,-2.0000000000
4619,-3.0000000000
4620,-1.0000000000
4621,3.0000000000
4622,4.0000000000
4623,1.0000000000
4624,-2.0000000000
4625,0.0000000000
4626,-1.0000000000
4627,-1.0000000000
4628,-1.0000000000
4629,-1.0000000000
4630,-1.0000000000
4631,-4.0000000000
4632,-5.0000000000
4633,3.0000000000
4634,-1.0000000000
4635,-1.0000000000
4636,0.0000000000
4637,1.0000000000
4638,-1.0000000000
4639,1.0000000000
4640,4.0000000000
4641,2.0000000000
4642,0.0000000000
4643,-2.0000000000
4644,-3.0000000000
4645,1.0000000000
4646,1.0000000000
4647,4.0000000000
4648,-1.0000000000
4649,0.0000000000
4650,-3.0000000000
4651,1.0000000000
4652,-2.0000000000
4653,0.0000000000
4654,-4.0000000000
4655,-2.0000000000
4656,3.0000000000
4657,-2.0000000000
4658,6.0000000000
4659,2.0000000000
4660,1.0000000000
4661,5.0000000000
4662,-4.0000000000
4663,-5.0000000000
4664,-3.0000000000
4665,5.0000000000
4666,-3.0000000000
4667,2.0000000000
4668,-1.0000000000
4669,-9.0000000000
4670,-1.0000000000
4671,-5.0000000000
4672,-2.0000000000
4673,4.0000000000
4674,1.0000000000
4675,3.0000000000
4676,-4.0000000000
4677,1.0000000000
4678,-1.0000000000
4679,2.0000000000
4680,-5.0000000000
4681,-4.0000000000
4682,0.0000000000
4683,3.0000000000
4684,-4.0000000000
4685,-6.0000000000
4686,0.0000000000
4687,-3.0000000000
4688,1.0000000000
4689,1.0000000000
4690,-1.0000000000
4691,0.0000000000
4692,-2.0000000000
4693,0.0000000000
4694,0.0000000000
4695,1.0000000000
4696,-2.0000000000
4697,-6.0000000000
4698,3.0000000000
4699,4.0000000000
4700,3.0000000000
4701,2.0000000000
4702,1.0000000000
4703,5.0000000000
4704,4.0000000000
4705,-3.0000000000
4706,-7.0000000000
4707,-5.0000000000
4708,0.0000000000
4709,-3.0000000000
4710,2.0000000000
4711,0.0000000000
4712,2.0000000000
4713,-5.0000000000
4714,-2.0000000000
4715,7.0000000000
4716,-7.0000000000
4717,4.0000000000
4718,-1.0000000000
4719,0.0000000000
4720,-1.0000000000
4721,4.0000000000
4722,-3.0000000000
4723,-4.0000000000
4724,4.0000000000
4725,0.0000000000
4726,6.0000000000
4727,2.0000000000
4728,0.0000000000
4729,-4.0000000000
4730,1.0000000000
4731,-2.0000000000
4732,1.0000000000
4733,-1.0000000000
4734,4.0000000000
4735,4.0000000000
4736,3.0000000000
4737,-8.0000000000
4738,-1.0000000000
4739,-1.0000000000
4740,-1.0000000000
4741,1.0000000000
4742,-2.0000000000
4743,4.0000000000
4744,-4.0000000000
4745,2.0000000000
4746,5.0000000000
4747,0.0000000000
4748,-1.0000000000
4749,1.0000000000
4750,0.0000000000
4751,2.0000000000
4752,5.0000000000
4753,1.0000000000
4754,4.0000000000
4755,3.0000000000
4756,0.0000000000
4757,3.0000000000
4758,4.0000000000
4759,0.0000000000
4760,-8.0000000000
4761,1.0000000000
4762,0.0000000000
4763,0.0000000000
4764,-6.0000000000
4765,0.0000000000
4766,1.0000000000
4767,-3.0000000000
4768,4.0000000000
4769,-2.0000000000
4770,2.0000000000
4771,-8.0000000000
4772,-3.0000000000
4773,0.0000000000
4774,-3.0000000000
4775,-6.0000000000
4776,2.0000000000
4777,-1.0000000000
4778,2.0000000000
4779,-2.0000000000
4780,-1.0000000000
4781,1.0000000000
4782,1.0000000000
4783,2.0000000000
4784,2.0000000000
4785,3.0000000000
4786,3.0000000000
4787,-6.0000000000
4788,0.0000000000
4789,-4.0000000000
4790,-4.0000000000
4791,2.0000000000
4792,2.0000000000
4793,0.0000000000
4794,0.0000000000
4795,5.0000000000
4796,-7.0000000000
4797,3.0000000000
4798,-2.0000000000
4799,-3.0000000000
4800,5.0000000000
4801,-2.0000000000
4802,-3.0000000000
4803,0.0000000000
4804,1.0000000000
4805,-2.0000000000
4806,1.0000000000
4807,0.0000000000
4808,1.0000000000
4809,-5.0000000000
4810,-3.0000000000
4811,4.0000000000
4812,-3.0000000000
4813,-2.0000000000
4814,-3.0000000000
4815,5.0000000000
4816,-4.0000000000
4817,-9.0000000000
4818,-4.0000000000
4819,0.0000000000
4820,2.0000000000
4821,-3.0000000000
4822,-1.0000000000
4823,-5.0000000000
4824,6.0000000000
4825,-2.0000000000
4826,-2.0000000000
4827,-4.0000000000
4828,0.0000000000
4829,-2.0000000000
4830,2.0000000000
4831,3.0000000000
4832,-3.0000000000
4833,4.0000000000
4834,-1.0000000000
4835,0.0000000000
4836,-3.0000000000
4837,-1.0000000000
4838,4.0000000000
4839,4.0000000000
4840,-3.0000000000
4841,0.0000000000
4842,-6.0000000000
4843,-2.0000000000
4844,-1.0000000000
4845,-4.0000000000
4846,-3.0000000000
4847,4.0000000000
4848,1.0000000000
4849,-1.0000000000
4850,-1.0000000000
4851,3.0000000000
4852,5.0000000000
4853,-1.0000000000
4854,7.0000000000
4855,0.0000000000
4856,0.0000000000
4857,2.0000000000
4858,-3.0000000000
4859,0.0000000000
4860,1.0000000000
4861,-2.0000000000
4862,-7.0000000000
4863,8.0000000000
4864,-1.0000000000
4865,-2.0000000000
4866,3.0000000000
4867,1.0000000000
4868,3.0000000000
4869,0.0000000000
4870,4.0000000000
4871,1.0000000000
4872,5.0000000000
4873,-4.0000000000
4874,0.0000000000
4875,-4.0000000000
4876,0.0000000000
4877,0.0000000000
4878,-1.0000000000
4879,2.0000000000
4880,0.0000000000
4881,-3.0000000000
4882,-1.0000000000
4883,-1.0000000000
4884,0.0000000000
4885,0.0000000000
4886,-1.0000000000
4887,2.0000000000
4888,-3.0000000000
4889,-2.0000000000
4890,1.0000000000
4891,0.0000000000
4892,3.0000000000
4893,4.0000000000
4894,7.0000000000
4895,0.0000000000
4896,3.0000000000
4897,-5.0000000000
4898,1.0000000000
4899,2.0000000000
4900,-1.0000000000
4901,4.0000000000
4902,-6.0000000000
4903,1.0000000000
4904,-3.0000000000
4905,-2.0000000000
4906,1.0000000000
4907,1.0000000000
4908,-2.0000000000
4909,0.0000000000
4910,1.0000000000
4911,0.0000000000
4912,-4.0000000000
4913,0.0000000000
4914,-2.0000000000
4915,1.0000000000
4916,6.0000000000
4917,7.0000000000
4918,-7.0000000000
4919,0.0000000000
4920,3.0000000000
4921,-2.0000000000
4922,1.0000000000
4923,-4.0000000000
4924,-2.0000000000
4925,0.0000000000
4926,-1.0000000000
4927,-1.0000000000
4928,-3.0000000000
4929,2.0000000000
4930,2.0000000000
4931,-2.0000000000
4932,2.0000000000
4933,1.0000000000
4934,2.0000000000
4935,0.0000000000
4936,-2.0000000000
4937,1.0000000000
4938,2.0000000000
4939,-1.0000000000
4940,-2.0000000000
4941,-2.0000000000
4942,0.0000000000
4943,6.0000000000
4944,1.0000000000
4945,-2.0000000000
4946,4.0000000000
4947,-4.0000000000
4948,-2.0000000000
4949,2.0000000000
4950,2.0000000000
4951,-2.0000000000
4952,4.0000000000
4953,0.0000000000
4954,1.0000000000
4955,-3.0000000000
4956,1.0000000000
4957,4.0000000000
4958,2.0000000000
4959,4.0000000000
4960,-2.0000000000
4961,1.0000000000
4962,1.0000000000
4963,-1.0000000000
4964,4.0000000000
4965,-2.0000000000
4966,0.0000000000
4967,2.0000000000
4968,5.0000000000
4969,-4.0000000000
4970,-4.0000000000
4971,-6.0000000000
4972,-2.0000000000
4973,-2.0000000000
4974,0.0000000000
4975,-2.0000000000
4976,1.0000000000
4977,-6.0000000000
4978,-1.0000000000
4979,-3.0000000000
4980,2.0000000000
4981,1.0000000000
4982,-4.0000000000
4983,0.0000000000
4984,3.0000000000
4985,-5.0000000000
4986,1.0000000000
4987,-2.0000000000
4988,3.0000000000
4989,7.0000000000
4990,2.0000000000
4991,-1.0000000000
4992,-6.0000000000
4993,-1.0000000000
4994,4.0000000000
4995,-2.0000000000
4996,4.0000000000
4997,3.0000000000
4998,7.0000000000
4999,4.0000000000
5000,1.0000000000
5001,-9.0000000000
5002,-1.0000000000
5003,9.0000000000
5004,2.0000000000
5005,-1.0000000000
5006,0.0000000000
5007,0.0000000000
5008,-1.0000000000
5009,0.0000000000
5010,3.0000000000
5011,2.0000000000
5012,2.0000000000
5013,-3.0000000000
5014,3.0000000000
5015,-2.0000000000
5016,0.0000000000
5017,-4.0000000000
5018,-3.0000000000
5019,-4.0000000000
5020,8.0000000000
5021,-5.0000000000
5022,-3.0000000000
5023,1.0000000000
5024,-4.0000000000
5025,-2.0000000000
5026,0.0000000000
5027,-4.0000000000
5028,0.0000000000
5029,-8.0000000000
5030,0.0000000000
5031,-1.0000000000
5032,1.0000000000
5033,1.0000000000
5034,-4.0000000000
5035,-1.0000000000
5036,-1.0000000000
5037,-1.0000000000
5038,-4.0000000000
5039,-1.0000000000
5040,-1.0000000000
5041,-4.0000000000
5042,1.0000000000
5043,-2.0000000000
5044,1.0000000000
5045,1.0000000000
5046,-4.0000000000
5047,1.0000000000
5048,1.0000000000
5049,-2.0000000000
5050,1.0000000000
5051,1.0000000000
5052,2.0000000000
5053,-3.0000000000
5054,-1.0000000000
5055,2.0000000000
5056,-2.0000000000
5057,-9.0000000000
5058,1.0000000000
5059,0.0000000000
5060,-1.0000000000
5061,-2.0000000000
5062,-3.0000000000
5063,-2.0000000000
5064,1.0000000000
5065,2.0000000000
5066,4.0000000000
5067,-2.0000000000
5068,5.0000000000
5069,1.0000000000
5070,1.0000000000
5071,-2.0000000000
5072,-1.0000000000
5073,-1.0000000000
5074,-3.0000000000
5075,1.0000000000
5076,-2.0000000000
5077,4.0000000000
5078,2.0000000000
5079,0.0000000000
5080,0.0000000000
5081,5.0000000000
5082,1.0000000000
5083,-2.0000000000
5084,0.0000000000
5085,-6.0000000000
5086,-6.0000000000
5087,0.0000000000
5088,0.0000000000
5089,0.0000000000
5090,-2.0000000000
5091,-6.0000000000
5092,1.0000000000
5093,2.0000000000
5094,-4.0000000000
5095,0.0000000000
5096,6.0000000000
5097,0.0000000000
5098,0.0000000000
5099,-2.0000000000
5100,-3.0000000000
5101,1.0000000000
5102,-3.0000000000
5103,4.0000000000
5104,6.0000000000
5105,-1.0000000000
5106,-2.0000000000
5107,4.0000000000
5108,5.0000000000
5109,2.0000000000
5110,-4.0000000000
5111,2.0000000000
5112,0.0000000000
5113,1.0000000000
5114,0.0000000000
5115,4.0000000000
5116,-3.0000000000
5117,1.0000000000
5118,0.0000000000
5119,6.0000000000
5120,-2.0000000000
5121,0.0000000000
5122,0.0000000000
5123,1.0000000000
5124,4.0000000000
5125,-3.0000000000
5126,8.0000000000
5127,-1.0000000000
5128,-1.0000000000
5129,5.0000000000
5130,-2.0000000000
5131,-3.0000000000
5132,-4.0000000000
5133,4.0000000000
5134,1.0000000000
5135,1.0000000000
5136,3.0000000000
5137,-1.0000000000
5138,5.0000000000
5139,1.0000000000
5140,-3.0000000000
5141,2.0000000000
5142,2.0000000000
5143,0.0000000000
5144,2.0000000000
5145,0.0000000000
5146,2.0000000000
5147,-2.0000000000
5148,-8.0000000000
5149,-4.0000000000
5150,1.0000000000
5151,1.0000000000
5152,0.0000000000
5153,-3.0000000000
5154,3.0000000000
5155,7.0000000000
5156,1.0000000000
5157,-3.0000000000
5158,4.0000000000
5159,-6.0000000000
5160,-3.0000000000
5161,2.0000000000
5162,4.0000000000
5163,-1.0000000000
5164,-2.0000000000
5165,0.0000000000
5166,4.0000000000
5167,-3.0000000000
5168,4.0000000000
5169,-6.0000000000
5170,-2.0000000000
5171,-1.0000000000
5172,-1.0000000000
5173,-5.0000000000
5174,3.0000000000
5175,3.0000000000
5176,-2.0000000000
5177,-3.0000000000
5178,0.0000000000
5179,-3.0000000000
5180,-1.0000000000
5181,3.0000000000
5182,0.0000000000
5183,2.0000000000
5184,-4.0000000000
5185,3.0000000000
5186,-2.0000000000
5187,1.0000000000
5188,3.0000000000
5189,-2.0000000000
5190,-2.0000000000
5191,0.0000000000
5192,3.0000000000
5193,0.0000000000
5194,1.0000000000
5195,6.0000000000
5196,2.0000000000
5197,-1.0000000000
5198,-4.0000000000
5199,0.0000000000
5200,4.0000000000
5201,-1.0000000000
5202,-4.0000000000
5203,-3.0000000000
5204,6.0000000000
5205,-1.0000000000
5206,-7.0000000000
5207,-6.0000000000
5208,0.0000000000
5209,-7.0000000000
5210,3.0000000000
5211,4.0000000000
5212,-4.0000000000
5213,4.0000000000
5214,2.0000000000
5215,0.0000000000
5216,-2.0000000000
5217,3.0000000000
5218,2.0000000000
5219,-3.0000000000
5220,-2.0000000000
5221,-1.0000000000
5222,3.0000000000
5223,-1.0000000000
5224,-5.0000000000
5225,-7.0000000000
5226,1.0000000000
5227,-4.0000000000
5228,-4.0000000000
5229,-4.0000000000
5230,2.0000000000
5231,0.0000000000
5232,-3.0000000000
5233,6.0000000000
5234,9.0000000000
5235,4.0000000000
5236,-5.0000000000
5237,-4.0000000000
5238,3.0000000000
5239,-5.0000000000
5240,3.0000000000
5241,-4.0000000000
5242,1.0000000000
5243,5.0000000000
5244,0.0000000000
5245,4.0000000000
5246,0.0000000000
5247,3.0000000000
5248,1.0000000000
5249,2.0000000000
5250,1.0000000000
5251,-1.0000000000
5252,1.0000000000
5253,-5.0000000000
5254,0.0000000000
5255,-2.0000000000
5256,1.0000000000
5257,0.0000000000
5258,-2.0000000000
5259,0.0000000000
5260,-1.0000000000
5261,0.0000000000
5262,-3.0000000000
5263,-3.0000000000
5264,6.0000000000
5265,-4.0000000000
5266,1.0000000000
5267,-4.0000000000
5268,0.0000000000
5269,-1.0000000000
5270,0.0000000000
5271,5.0000000000
5272,-2.0000000000
5273,0.0000000000
5274,3.0000000000
5275,5.0000000000
5276,-4.0000000000
5277,-1.0000000000
5278,0.0000000000
5279,1.0000000000
5280,2.0000000000
5281,0.0000000000
5282,0.0000000000
5283,1.0000000000
5284,-2.0000000000
5285,6.0000000000
5286,0.0000000000
5287,0.0000000000
5288,3.0000000000
5289,-1.0000000000
5290,5.0000000000
5291,4.0000000000
5292,-1.0000000000
5293,6.0000000000
5294,5.0000000000
5295,-2.0000000000
5296,-3.0000000000
5297,3.0000000000
5298,5.0000000000
5299,-3.0000000000
5300,-3.0000000000
5301,2.0000000000
5302,3.0000000000
5303,1.0000000000
5304,7.0000000000
5305,-1.0000000000
5306,3.0000000000
5307,9.0000000000
5308,-7.0000000000
5309,4.0000000000
5310,1.0000000000
5311,-3.0000000000
5312,-5.0000000000
5313,-1.0000000000
5314,3.0000000000
5315,0.0000000000
5316,-6.0000000000
5317,2.0000000000
5318,-1.0000000000
5319,1.0000000000
5320,0.0000000000
5321,0.0000000000
5322,1.0000000000
5323,2.0000000000
5324,4.0000000000
5325,-1.0000000000
5326,-4.0000000000
5327,-6.0000000000
5328,-4.0000000000
5329,3.0000000000
5330,-2.0000000000
5331,-3.0000000000
5332,-1.0000000000
5333,-1.0000000000
5334,3.0000000000
5335,3.0000000000
5336,-1.0000000000
5337,-6.0000000000
5338,0.0000000000
5339,-3.0000000000
5340,6.0000000000
5341,-1.0000000000
5342,-3.0000000000
5343,2.0000000000
5344,6.0000000000
5345,0.0000000000
5346,0.0000000000
5347,-3.0000000000
5348,2.0000000000
5349,2.0000000000
5350,-4.0000000000
5351,4.0000000000
5352,-4.0000000000
5353,-1.0000000000
5354,7.0000000000
5355,-8.0000000000
5356,0.0000000000
5357,0.0000000000
5358,1.0000000000
5359,0.0000000000
5360,2.0000000000
5361,0.0000000000
5362,2.0000000000
5363,0.0000000000
5364,0.0000000000
5365,-2.0000000000
5366,9.0000000000
5367,5.0000000000
5368,0.0000000000
5369,1.0000000000
5370,4.0000000000
5371,-3.0000000000
5372,-6.0000000000
5373,-4.0000000000
5374,3.0000000000
5375,5.0000000000
5376,-2.0000000000
5377,1.0000000000
5378,3.0000000000
5379,1.0000000000
5380,0.0000000000
5381,-4.0000000000
5382,-6.0000000000
5383,3.0000000000
5384,-3.0000000000
5385,2.0000000000
5386,4.0000000000
5387,1.0000000000
5388,-1.0000000000
5389,-9.0000000000
5390,-2.0000000000
5391,-3.0000000000
5392,2.0000000000
5393,-3.0000000000
5394,0.0000000000
5395,0.0000000000
5396,-1.0000000000
5397,-1.0000000000
5398,-3.0000000000
5399,-6.0000000000
5400,-1.0000000000
5401,6.0000000000
5402,2.0000000000
5403,-5.0000000000
5404,1.0000000000
5405,-1.0000000000
5406,-5.0000000000
5407,4.0000000000
5408,-1.0000000000
5409,-1.0000000000
5410,0.0000000000
5411,-2.0000000000
5412,4.0000000000
5413,5.0000000000
5414,4.0000000000
5415,-1.0000000000
5416,-2.0000000000
5417,1.0000000000
5418,2.0000000000
5419,-4.0000000000
5420,4.0000000000
5421,4.0000000000
5422,-3.0000000000
5423,2.0000000000
5424,1.0000000000
5425,5.0000000000
5426,5.0000000000
5427,2.0000000000
5428,6.0000000000
5429,-2.0000000000
5430,-2.0000000000
5431,-4.0000000000
5432,2.0000000000
5433,2.0000000000
5434,0.0000000000
5435,1.0000000000
5436,-1.0000000000
5437,-6.0000000000
5438,1.0000000000
5439,-3.0000000000
5440,-2.0000000000
5441,-3.0000000000
5442,3.0000000000
5443,4.0000000000
5444,-1.0000000000
5445,3.0000000000
5446,2.0000000000
5447,1.0000000000
5448,-3.0000000000
5449,6.0000000000
5450,3.0000000000
5451,-6.0000000000
5452,-1.0000000000
5453,4.0000000000
5454,2.0000000000
5455,4.0000000000
5456,2.0000000000
5457,0.0000000000
5458,3.0000000000
5459,0.0000000000
5460,0.0000000000
5461,3.0000000000
5462,3.0000000000
5463,1.0000000000
5464,-3.0000000000
5465,-3.0000000000
5466,1.0000000000
5467,5.0000000000
5468,1.0000000000
5469,-1.0000000000
5470,-4.0000000000
5471,3.0000000000
5472,-3.0000000000
5473,0.0000000000
5474,4.0000000000
5475,1.0000000000
5476,4.0000000000
5477,-5.0000000000
5478,5.0000000000
5479,1.0000000000
5480,0.0000000000
5481,1.0000000000
5482,1.0000000000
5483,4.0000000000
5484,0.0000000000
5485,4.0000000000
5486,2.0000000000
5487,0.0000000000
5488,2.0000000000
5489,7.0000000000
5490,2.0000000000
5491,1.0000000000
5492,-4.0000000000
5493,4.0000000000
5494,-1.0000000000
5495,-2.0000000000
5496,0.0000000000
5497,4.0000000000
5498,2.0000000000
5499,-4.0000000000
5500,4.0000000000
5501,8.0000000000
5502,3.0000000000
5503,3.0000000000
5504,4.0000000000
5505,-3.0000000000
5506,-3.0000000000
5507,0.0000000000
5508,4.0000000000
5509,2.0000000000
5510,1.0000000000
5511,-1.0000000000
5512,-3.0000000000
5513,-1.0000000000
5514,-1.0000000000
5515,0.0000000000
5516,3.0000000000
5517,1.0000000000
5518,1.0000000000
5519,-4.0000000000
5520,-3.0000000000
5521,2.0000000000
5522,-1.0000000000
5523,-2.0000000000
5524,0.0000000000
5525,2.0000000000
5526,-1.0000000000
5527,7.0000000000
5528,0.0000000000
5529,-5.0000000000
5530,-2.0000000000
5531,-1.0000000000
5532,0.0000000000
5533,-2.0000000000
5534,1.0000000000
5535,5.0000000000
5536,-1.0000000000
5537,0.0000000000
5538,-3.0000000000
5539,-1.0000000000
5540,0.0000000000
5541,-2.0000000000
5542,-6.0000000000
5543,3.0000000000
5544,0.0000000000
5545,-2.0000000000
5546,3.0000000000
5547,2.0000000000
5548,2.0000000000
5549,-3.0000000000
5550,-4.0000000000
5551,1.0000000000
5552,0.0000000000
5553,-3.0000000000
5554,3.0000000000
5555,0.0000000000
5556,-3.0000000000
5557,2.0000000000
5558,2.0000000000
5559,3.0000000000
5560,-3.0000000000
5561,-1.0000000000
5562,-1.0000000000
5563,1.0000000000
5564,-1.0000000000
5565,-1.0000000000
5566,-6.0000000000
5567,-4.0000000000
5568,2.0000000000
5569,-5.0000000000
5570,-1.0000000000
5571,5.0000000000
5572,5.0000000000
5573,-4.0000000000
5574,1.0000000000
5575,2.0000000000
5576,1.0000000000
5577,-1.0000000000
5578,-6.0000000000
5579,-2.0000000000
5580,-1.0000000000
5581,2.0000000000
5582,-6.0000000000
5583,-2.0000000000
5584,4.0000000000
5585,-1.0000000000
5586,10.0000000000
5587,2.0000000000
5588,0.0000000000
5589,-1.0000000000
5590,3.0000000000
5591,4.0000000000
5592,2.0000000000
5593,-4.0000000000
5594,1.0000000000
5595,2.0000000000
5596,1.0000000000
5597,3.0000000000
5598,3.0000000000
5599,0.0000000000
5600,-2.0000000000
5601,2.0000000000
5602,-3.0000000000
5603,8.0000000000
5604,1.0000000000
5605,-3.0000000000
5606,-3.0000000000
5607,-2.0000000000
5608,0.0000000000
5609,1.0000000000
5610,5.0000000000
5611,1.0000000000
5612,3.0000000000
5613,1.0000000000
5614,-3.0000000000
5615,-2.0000000000
5616,-3.0000000000
5617,-2.0000000000
5618,0.0000000000
5619,-1.0000000000
5620,-3.0000000000
5621,0.0000000000
5622,3.0000000000
5623,0.0000000000
5624,4.0000000000
5625,-6.0000000000
5626,0.0000000000
5627,2.0000000000
5628,0.0000000000
5629,0.0000000000
5630,-1.0000000000
5631,-7.0000000000
5632,5.0000000000
5633,3.0000000000
5634,-2.0000000000
5635,3.0000000000
5636,3.0000000000
5637,2.0000000000
5638,0.0000000000
5639,8.0000000000
5640,1.0000000000
5641,1.0000000000
5642,3.0000000000
5643,-2.0000000000
5644,-1.0000000000
5645,-2.0000000000
5646,-4.0000000000
5647,1.0000000000
5648,-2.0000000000
5649,4.0000000000
5650,2.0000000000
5651,0.0000000000
5652,-1.0000000000
5653,0.0000000000
5654,-2.0000000000
5655,-2.0000000000
5656,-3.0000000000
5657,1.0000000000
5658,2.0000000000
5659,1.0000000000
5660,-6.0000000000
5661,1.0000000000
5662,-3.0000000000
5663,0.0000000000
5664,-4.0000000000
5665,1.0000000000
5666,2.0000000000
5667,5.0000000000
5668,10.0000000000
5669,-1.0000000000
5670,2.0000000000
5671,-1.0000000000
5672,2.0000000000
5673,0.0000000000
5674,5.0000000000
5675,1.0000000000
5676,-2.0000000000
5677,-3.0000000000
5678,2.0000000000
5679,7.0000000000
5680,-3.0000000000
5681,5.0000000000
5682,-4.0000000000
5683,-1.0000000000
5684,0.0000000000
5685,-2.0000000000
5686,4.0000000000
5687,0.0000000000
5688,4.0000000000
5689,3.0000000000
5690,-1.0000000000
5691,3.0000000000
5692,3.0000000000
5693,2.0000000000
5694,-1.0000000000
5695,0.0000000000
5696,3.0000000000
5697,-1.0000000000
5698,-2.0000000000
5699,-4.0000000000
5700,-1.0000000000
5701,3.0000000000
5702,-2.0000000000
5703,-2.0000000000
5704,4.0000000000
5705,5.0000000000
5706,0.0000000000
5707,2.0000000000
5708,2.0000000000
5709,-2.0000000000
5710,-1.0000000000
5711,2.0000000000
5712,-9.0000000000
5713,-5.0000000000
5714,0.0000000000
5715,-1.0000000000
5716,4.0000000000
5717,-2.0000000000
5718,-2.0000000000
5719,11.0000000000
5720,6.0000000000
5721,7.0000000000
5722,3.0000000000
5723,1.0000000000
5724,1.0000000000
5725,1.0000000000
5726,8.0000000000
5727,-4.0000000000
5728,-2.0000000000
5729,-4.0000000000
5730,-1.0000000000
5731,-4.0000000000
5732,4.0000000000
5733,1.0000000000
5734,3.0000000000
5735,-3.0000000000
5736,-3.0000000000
5737,-4.0000000000
5738,4.0000000000
5739,-4.0000000000
5740,0.0000000000
5741,2.0000000000
5742,-2.0000000000
5743,2.0000000000
5744,3.0000000000
5745,2.0000000000
5746,-1.0000000000
5747,0.0000000000
5748,2.0000000000
5749,2.0000000000
5750,-2.0000000000
5751,-2.0000000000
5752,-4.0000000000
5753,-2.0000000000
5754,-3.0000000000
5755,-3.0000000000
5756,0.0000000000
5757,-3.0000000000
5758,-1.0000000000
5759,-2.0000000000
5760,3.0000000000
5761,-3.0000000000
5762,-1.0000000000
5763,0.0000000000
5764,3.0000000000
5765,4.0000000000
5766,0.0000000000
5767,-2.0000000000
5768,0.0000000000
5769,2.0000000000
5770,0.0000000000
5771,5.0000000000
5772,0.0000000000
5773,-2.0000000000
5774,2.0000000000
5775,-1.0000000000
5776,2.0000000000
5777,-1.0000000000
5778,2.0000000000
5779,-10.0000000000
5780,6.0000000000
5781,-2.0000000000
5782,-1.0000000000
5783,-6.0000000000
5784,4.0000000000
5785,-8.0000000000
5786,-2.0000000000
5787,-1.0000000000
5788,-1.0000000000
5789,-4.0000000000
5790,2.0000000000
5791,-1.0000000000
5792,-5.0000000000
5793,0.0000000000
5794,-3.0000000000
5795,-2.0000000000
5796,3.0000000000
5797,6.0000000000
5798,1.0000000000
5799,-2.0000000000
5800,4.0000000000
5801,0.0000000000
5802,3.0000000000
5803,8.0000000000
5804,0.0000000000
5805,-2.0000000000
5806,-1.0000000000
5807,2.0000000000
5808,-4.0000000000
5809,-2.0000000000
5810,-2.0000000000
5811,5.0000000000
5812,1.0000000000
5813,-1.0000000000
5814,2.0000000000
5815,-6.0000000000
5816,-2.0000000000
5817,3.0000000000
5818,-1.0000000000
5819,4.0000000000
5820,3.0000000000
5821,0.0000000000
5822,11.0000000000
5823,2.0000000000
5824,-6.0000000000
5825,5.0000000000
5826,0.0000000000
5827,0.0000000000
5828,-3.0000000000
5829,1.0000000000
5830,3.0000000000
5831,-4.0000000000
5832,3.0000000000
5833,0.0000000000
5834,-5.0000000000
5835,5.0000000000
5836,2.0000000000
5837,-7.0000000000
5838,2.0000000000
5839,-1.0000000000
5840,-3.0000000000
5841,3.0000000000
5842,-3.0000000000
5843,2.0000000000
5844,-3.0000000000
5845,0.0000000000
5846,7.0000000000
5847,1.0000000000
5848,1.0000000000
5849,-7.0000000000
5850,-4.0000000000
5851,-2.0000000000
5852,-1.0000000000
5853,3.0000000000
5854,-5.0000000000
5855,-2.0000000000
5856,-4.0000000000
5857,-1.0000000000
5858,3.0000000000
5859,1.0000000000
5860,-1.0000000000
5861,2.0000000000
5862,1.0000000000
5863,-3.0000000000
5864,0.0000000000
5865,3.0000000000
5866,5.0000000000
5867,0.0000000000
5868,4.0000000000
5869,-1.0000000000
5870,5.0000000000
5871,1.0000000000
5872,5.0000000000
5873,4.0000000000
5874,-3.0000000000
5875,1.0000000000
5876,-4.0000000000
5877,-6.0000000000
5878,-6.0000000000
5879,2.0000000000
5880,1.0000000000
5881,1.0000000000
5882,1.0000000000
5883,-2.0000000000
5884,4.0000000000
5885,-3.0000000000
5886,-2.0000000000
5887,-1.0000000000
5888,2.0000000000
5889,-1.0000000000
5890,0.0000000000
5891,0.0000000000
5892,0.0000000000
5893,5.0000000000
5894,1.0000000000
5895,-2.0000000000
5896,-4.0000000000
5897,2.0000000000
5898,5.0000000000
5899,-4.0000000000
5900,-2.0000000000
5901,3.0000000000
5902,0.0000000000
5903,3.0000000000
5904,0.0000000000
5905,-1.0000000000
5906,-2.0000000000
5907,-1.0000000000
5908,-1.0000000000
5909,1.0000000000
5910,-1.0000000000
5911,1.0000000000
5912,-3.0000000000
5913,-4.0000000000
5914,2.0000000000
5915,3.0000000000
5916,-1.0000000000
5917,-1.0000000000
5918,-3.0000000000
5919,0.0000000000
5920,-2.0000000000
5921,-3.0000000000
5922,-5.0000000000
5923,2.0000000000
5924,-5.0000000000
5925,-2.0000000000
5926,-1.0000000000
5927,4.0000000000
5928,-3.0000000000
5929,-1.0000000000
5930,-7.0000000000
5931,2.0000000000
5932,-2.0000000000
5933,-1.0000000000
5934,-2.0000000000
5935,-4.0000000000
5936,-1.0000000000
5937,0.0000000000
5938,-4.0000000000
5939,4.0000000000
5940,-2.0000000000
5941,-6.0000000000
5942,0.0000000000
5943,2.0000000000
5944,-1.0000000000
5945,0.0000000000
5946,0.0000000000
5947,4.0000000000
5948,0.0000000000
5949,-3.0000000000
5950,0.0000000000
5951,2.0000000000
5952,-2.0000000000
5953,-4.0000000000
5954,-8.0000000000
5955,-5.0000000000
5956,-2.0000000000
5957,4.0000000000
5958,0.0000000000
5959,8.0000000000
5960,4.0000000000
5961,6.0000000000
5962,-3.0000000000
5963,-2.0000000000
5964,-7.0000000000
5965,1.0000000000
5966,4.0000000000
5967,8.0000000000
5968,0.0000000000
5969,1.0000000000
5970,-1.0000000000
5971,-2.0000000000
5972,0.0000000000
5973,-2.0000000000
5974,1.0000000000
5975,-3.0000000000
5976,-1.0000000000
5977,1.0000000000
5978,-1.0000000000
5979,-3.0000000000
5980,7.0000000000
5981,2.0000000000
5982,0.0000000000
5983,1.0000000000
5984,3.0000000000
5985,-1.0000000000
5986,-1.0000000000
5987,0.0000000000
5988,-5.0000000000
5989,0.0000000000
5990,-3.0000000000
5991,0.0000000000
5992,8.0000000000
5993,0.0000000000
5994,3.0000000000
5995,2.0000000000
5996,-1.0000000000
5997,3.0000000000
5998,3.0000000000
5999,0.0000000000
6000,3.0000000000
6001,-2.0000000000
6002,3.0000000000
6003,-2.0000000000
6004,5.0000000000
6005,0.0000000000
6006,-2.0000000000
6007,2.0000000000
6008,2.0000000000
6009,3.0000000000
6010,-2.0000000000
6011,-8.0000000000
6012,2.0000000000
6013,3.0000000000
6014,0.0000000000
6015,2.0000000000
6016,-2.0000000000
6017,9.0000000000
6018,0.0000000000
6019,0.0000000000
6020,-2.0000000000
6021,4.0000000000
6022,-3.0000000000
6023,9.0000000000
6024,2.0000000000
6025,0.0000000000
6026,-1.0000000000
6027,-5.0000000000
6028,0.0000000000
6029,0.0000000000
6030,5.0000000000
6031,-3.0000000000
6032,2.0000000000
6033,0.0000000000
6034,-3.0000000000
6035,4.0000000000
6036,-3.0000000000
6037,-2.0000000000
6038,-6.0000000000
6039,-3.0000000000
6040,-9.0000000000
6041,0.0000000000
6042,2.0000000000
6043,3.0000000000
6044,-4.0000000000
6045,-1.0000000000
6046,5.0000000000
6047,4.0000000000
6048,0.0000000000
6049,-1.0000000000
6050,-2.0000000000
6051,0.0000000000
6052,1.0000000000
6053,-4.0000000000
6054,-2.0000000000
6055,2.0000000000
6056,-2.0000000000
6057,-6.0000000000
6058,0.0000000000
6059,-4.0000000000
6060,-1.0000000000
6061,0.0000000000
6062,3.0000000000
6063,0.0000000000
6064,2.0000000000
6065,-2.0000000000
6066,-4.0000000000
6067,2.0000000000
6068,2.0000000000
6069,4.0000000000
6070,0.0000000000
6071,4.0000000000
6072,4.0000000000
6073,-3.0000000000
6074,7.0000000000
6075,-5.0000000000
6076,4.0000000000
6077,6.0000000000
6078,2.0000000000
6079,-1.0000000000
6080,-5.0000000000
6081,-4.0000000000
6082,3.0000000000
6083,4.0000000000
6084,0.0000000000
6085,7.0000000000
6086,-2.0000000000
6087,-8.0000000000
6088,4.0000000000
6089,2.0000000000
6090,-5.0000000000
6091,-4.0000000000
6092,-3.0000000000
6093,1.0000000000
6094,2.0000000000
6095,-5.0000000000
6096,-4.0000000000
6097,4.0000000000
6098,-3.0000000000
6099,-4.0000000000
6100,-6.0000000000
6101,-2.0000000000
6102,2.0000000000
6103,-4.0000000000
6104,-1.0000000000
6105,1.0000000000
6106,2.0000000000
6107,5.0000000000
6108,0.0000000000
6109,-4.0000000000
6110,0.0000000000
6111,5.0000000000
6112,-2.0000000000
6113,-5.0000000000
6114,4.0000000000
6115,-6.0000000000
6116,-3.0000000000
6117,6.0000000000
6118,-3.0000000000
6119,-5.0000000000
6120,3.0000000000
6121,-2.0000000000
6122,1.0000000000
6123,-1.0000000000
6124,4.0000000000
6125,-1.0000000000
6126,-1.0000000000
6127,-3.0000000000
6128,-4.0000000000
6129,-1.0000000000
6130,2.0000000000
6131,5.0000000000
6132,-4.0000000000
6133,7.0000000000
6134,-2.0000000000
6135,-1.0000000000
6136,3.0000000000
6137,-2.0000000000
6138,-2.0000000000
6139,-1.0000000000
6140,-1.0000000000
6141,-3.0000000000
6142,0.0000000000
6143,3.0000000000
6144,0.0000000000
6145,-2.0000000000
6146,2.0000000000
6147,2.0000000000
6148,0.0000000000
6149,-2.0000000000
6150,0.0000000000
6151,0.0000000000
6152,0.0000000000
6153,9.0000000000
6154,2.0000000000
6155,2.0000000000
6156,2.0000000000
6157,1.0000000000
6158,-1.0000000000
6159,-3.0000000000
6160,-2.0000000000
6161,-4.0000000000
6162,0.0000000000
6163,-1.0000000000
6164,4.0000000000
6165,0.0000000000
6166,0.0000000000
6167,-1.0000000000
6168,1.0000000000
6169,3.0000000000
6170,5.0000000000
6171,-1.0000000000
6172,2.0000000000
6173,1.0000000000
6174,-4.0000000000
6175,-1.0000000000
6176,-2.0000000000
6177,1.0000000000
6178,5.0000000000
6179,-1.0000000000
6180,2.0000000000
6181,0.0000000000
6182,1.0000000000
6183,2.0000000000
6184,1.0000000000
6185,3.0000000000
6186,-5.0000000000
6187,7.0000000000
6188,-5.0000000000
6189,-1.0000000000
6190,-1.0000000000
6191,0.0000000000
6192,7.0000000000
6193,2.0000000000
6194,1.0000000000
6195,3.0000000000
6196,1.0000000000
6197,-7.0000000000
6198,-2.0000000000
6199,2.0000000000
6200,-7.0000000000
6201,2.0000000000
6202,-1.0000000000
6203,-5.0000000000
6204,-4.0000000000
6205,-6.0000000000
6206,-4.0000000000
6207,0.0000000000
6208,0.0000000000
6209,1.0000000000
6210,-5.0000000000
6211,-3.0000000000
6212,2.0000000000
6213,-4.0000000000
6214,-1.0000000000
6215,3.0000000000
6216,0.0000000000
6217,2.0000000000
6218,-2.0000000000
6219,-5.0000000000
6220,-1.0000000000
6221,-1.0000000000
6222,-3.0000000000
6223,-7.0000000000
6224,0.0000000000
6225,-1.0000000000
6226,-3.0000000000
6227,2.0000000000
6228,-3.0000000000
6229,-3.0000000000
6230,3.0000000000
6231,-1.0000000000
6232,-2.0000000000
6233,2.0000000000
6234,3.0000000000
6235,4.0000000000
6236,-5.0000000000
6237,-3.0000000000
6238,-3.0000000000
6239,-2.0000000000
6240,-4.0000000000
6241,1.0000000000
6242,0.0000000000
6243,-1.0000000000
6244,-4.0000000000
6245,-1.0000000000
6246,1.0000000000
6247,-3.0000000000
6248,2.0000000000
6249,0.0000000000
6250,0.0000000000
6251,7.0000000000
6252,5.0000000000
6253,-1.0000000000
6254,3.0000000000
6255,-4.0000000000
6256,1.0000000000
6257,2.0000000000
6258,-4.0000000000
6259,-9.0000000000
6260,3.0000000000
6261,-1.0000000000
6262,3.0000000000
6263,-4.0000000000
6264,-5.0000000000
6265,7.0000000000
6266,-3.0000000000
6267,-4.0000000000
6268,5.0000000000
6269,-1.0000000000
6270,0.0000000000
6271,1.0000000000
6272,-2.0000000000
6273,3.0000000000
6274,1.0000000000
6275,2.0000000000
6276,-7.0000000000
6277,-4.0000000000
6278,-1.0000000000
6279,1.0000000000
6280,-2.0000000000
6281,3.0000000000
6282,-6.0000000000
6283,-4.0000000000
6284,-3.0000000000
6285,-5.0000000000
6286,5.0000000000
6287,-3.0000000000
6288,1.0000000000
6289,3.0000000000
6290,-3.0000000000
6291,3.0000000000
6292,-3.0000000000
6293,-3.0000000000
6294,-5.0000000000
6295,0.0000000000
6296,1.0000000000
6297,0.0000000000
6298,-2.0000000000
6299,-4.0000000000
6300,0.0000000000
6301,0.0000000000
6302,5.0000000000
6303,-1.0000000000
6304,2.0000000000
6305,0.0000000000
6306,6.0000000000
6307,2.0000000000
6308,-3.0000000000
6309,-1.0000000000
6310,2.0000000000
6311,-1.0000000000
6312,0.0000000000
6313,-3.0000000000
6314,1.0000000000
6315,-4.0000000000
6316,0.0000000000
6317,1.0000000000
6318,3.0000000000
6319,-2.0000000000
6320,-8.0000000000
6321,1.0000000000
6322,-5.0000000000
6323,-7.0000000000
6324,1.0000000000
6325,3.0000000000
6326,-3.0000000000
6327,-1.0000000000
6328,-2.0000000000
6329,1.0000000000
6330,-2.0000000000
6331,2.0000000000
6332,3.0000000000
6333,4.0000000000
6334,2.0000000000
6335,0.0000000000
6336,-1.0000000000
6337,3.0000000000
6338,5.0000000000
6339,1.0000000000
6340,1.0000000000
6341,3.0000000000
6342,5.0000000000
6343,-3.0000000000
6344,-1.0000000000
6345,-4.0000000000
6346,-3.0000000000
6347,3.0000000000
6348,1.0000000000
6349,-2.0000000000
6350,7.0000000000
6351,0.0000000000
6352,-3.0000000000
6353,1.0000000000
6354,-1.0000000000
6355,-3.0000000000
6356,-1.0000000000
6357,-3.0000000000
6358,7.0000000000
6359,0.0000000000
6360,-4.0000000000
6361,4.0000000000
6362,0.0000000000
6363,0.0000000000
6364,0.0000000000
6365,-3.0000000000
6366,-1.0000000000
6367,-3.0000000000
6368,0.0000000000
6369,-1.0000000000
6370,-2.0000000000
6371,-3.0000000000
6372,0.0000000000
6373,0.0000000000
6374,-3.0000000000
6375,0.0000000000
6376,4.0000000000
6377,2.0000000000
6378,-2.0000000000
6379,-2.0000000000
6380,-5.0000000000
6381,-2.0000000000
6382,-2.0000000000
6383,-1.0000000000
6384,2.0000000000
6385,-1.0000000000
6386,3.0000000000
6387,2.0000000000
6388,1.0000000000
6389,-6.0000000000
6390,-3.0000000000
6391,-4.0000000000
6392,-8.0000000000
6393,-2.0000000000
6394,1.0000000000
6395,-1.0000000000
6396,-1.0000000000
6397,2.0000000000
6398,1.0000000000
6399,1.0000000000
6400,-1.0000000000
6401,-3.0000000000
6402,4.0000000000
6403,0.0000000000
6404,3.0000000000
6405,-5.0000000000
6406,-1.0000000000
6407,2.0000000000
6408,4.0000000000
6409,1.0000000000
6410,7.0000000000
6411,8.0000000000
6412,-5.0000000000
6413,3.0000000000
6414,1.0000000000
6415,4.0000000000
6416,0.0000000000
6417,-5.0000000000
6418,-3.0000000000
6419,-2.0000000000
6420,-3.0000000000
6421,0.0000000000
6422,-1.0000000000
6423,-8.0000000000
6424,-8.0000000000
6425,0.0000000000
6426,-2.0000000000
6427,7.0000000000
6428,3.0000000000
6429,4.0000000000
6430,2.0000000000
6431,-2.0000000000
6432,4.0000000000
6433,-2.0000000000
6434,1.0000000000
6435,6.0000000000
6436,-2.0000000000
6437,4.0000000000
6438,1.0000000000
6439,-1.0000000000
6440,-1.0000000000
6441,-3.0000000000
6442,2.0000000000
6443,-3.0000000000
6444,-3.0000000000
6445,-6.0000000000
6446,1.0000000000
6447,-5.0000000000
6448,0.0000000000
6449,-4.0000000000
6450,-3.0000000000
6451,0.0000000000
6452,-3.0000000000
6453,-1.0000000000
6454,1.0000000000
6455,-3.0000000000
6456,1.0000000000
6457,3.0000000000
6458,0.0000000000
6459,0.0000000000
6460,2.0000000000
6461,3.0000000000
6462,2.0000000000
6463,0.0000000000
6464,1.0000000000
6465,-3.0000000000
6466,2.0000000000
6467,-1.0000000000
6468,-1.0000000000
6469,6.0000000000
6470,6.0000000000
6471,-2.0000000000
6472,-2.0000000000
6473,4.0000000000
6474,1.0000000000
6475,0.0000000000
6476,-2.0000000000
6477,0.0000000000
6478,-5.0000000000
6479,5.0000000000
6480,-3.0000000000
6481,2.0000000000
6482,5.0000000000
6483,2.0000000000
6484,3.0000000000
6485,0.0000000000
6486,1.0000000000
6487,-9.0000000000
6488,1.0000000000
6489,-1.0000000000
6490,4.0000000000
6491,-3.0000000000
6492,1.0000000000
6493,6.0000000000
6494,-3.0000000000
6495,2.0000000000
6496,3.0000000000
6497,0.0000000000
6498,3.0000000000
6499,3.0000000000
6500,2.0000000000
6501,-1.0000000000
6502,0.0000000000
6503,0.0000000000
6504,1.0000000000
6505,6.0000000000
6506,4.0000000000
6507,3.0000000000
6508,3.0000000000
6509,2.0000000000
6510,5.0000000000
6511,-5.0000000000
6512,1.0000000000
6513,-4.0000000000
6514,2.0000000000
6515,2.0000000000
6516,1.0000000000
6517,-5.0000000000
6518,4.0000000000
6519,-1.0000000000
6520,1.0000000000
6521,4.0000000000
6522,4.0000000000
6523,-4.0000000000
6524,-10.0000000000
6525,4.0000000000
6526,4.0000000000
6527,0.0000000000
6528,-2.0000000000
6529,-6.0000000000
6530,2.0000000000
6531,3.0000000000
6532,-4.0000000000
6533,0.0000000000
6534,0.0000000000
6535,-2.0000000000
6536,2.0000000000
6537,-1.0000000000
6538,1.0000000000
6539,-4.0000000000
6540,0.0000000000
6541,0.0000000000
6542,2.0000000000
6543,7.0000000000
6544,6.0000000000
6545,-1.0000000000
6546,2.0000000000
6547,4.0000000000
6548,-6.0000000000
6549,-1.0000000000
6550,-3.0000000000
6551,2.0000000000
6552,-2.0000000000
6553,-2.0000000000
6554,3.0000000000
6555,-1.0000000000
6556,-2.0000000000
6557,2.0000000000
6558,0.0000000000
6559,-2.0000000000
6560,0.0000000000
6561,9.0000000000
6562,-1.0000000000
6563,-2.0000000000
6564,-2.0000000000
6565,-5.0000000000
6566,3.0000000000
6567,3.0000000000
6568,2.0000000000
6569,-4.0000000000
6570,7.0000000000
6571,-4.0000000000
6572,0.0000000000
6573,-2.0000000000
6574,1.0000000000
6575,-1.0000000000
6576,-4.0000000000
6577,7.0000000000
6578,-1.0000000000
6579,-7.0000000000
6580,6.0000000000
6581,-4.0000000000
6582,-2.0000000000
6583,-2.0000000000
6584,2.0000000000
6585,2.0000000000
6586,0.0000000000
6587,-1.0000000000
6588,-5.0000000000
6589,3.0000000000
6590,0.0000000000
6591,1.0000000000
6592,-2.0000000000
6593,-7.0000000000
6594,2.0000000000
6595,3.0000000000
6596,-4.0000000000
6597,0.0000000000
6598,-1.0000000000
6599,0.0000000000
6600,1.0000000000
6601,-3.0000000000
6602,0.0000000000
6603,3.0000000000
6604,-2.0000000000
6605,-1.0000000000
6606,0.0000000000
6607,3.0000000000
6608,-1.0000000000
6609,-1.0000000000
6610,3.0000000000
6611,-3.0000000000
6612,2.0000000000
6613,-4.0000000000
6614,-4.0000000000
6615,0.0000000000
6616,-2.0000000000
6617,2.0000000000
6618,2.0000000000
6619,-6.0000000000
6620,-5.0000000000
6621,1.0000000000
6622,-1.0000000000
6623,-4.0000000000
6624,0.0000000000
6625,1.0000000000
6626,1.0000000000
6627,-5.0000000000
6628,4.0000000000
6629,-2.0000000000
6630,-7.0000000000
6631,0.0000000000
6632,-3.0000000000
6633,0.0000000000
6634,-6.0000000000
6635,-1.0000000000
6636,2.0000000000
6637,7.0000000000
6638,-2.0000000000
6639,-3.0000000000
6640,-1.0000000000
6641,1.0000000000
6642,-2.0000000000
6643,1.0000000000
6644,0.0000000000
6645,5.0000000000
6646,3.0000000000
6647,6.0000000000
6648,-2.0000000000
6649,-3.0000000000
6650,2.0000000000
6651,7.0000000000
6652,0.0000000000
6653,-6.0000000000
6654,0.0000000000
6655,2.0000000000
6656,3.0000000000
6657,1.0000000000
6658,1.0000000000
6659,3.0000000000
6660,-7.0000000000
6661,-2.0000000000
6662,2.0000000000
6663,1.0000000000
6664,-3.0000000000
6665,-1.0000000000
6666,4.0000000000
6667,-1.0000000000
6668,1.0000000000
6669,-4.0000000000
6670,-5.0000000000
6671,3.0000000000
6672,0.0000000000
6673,-2.0000000000
6674,-1.0000000000
6675,2.0000000000
6676,-3.0000000000
6677,-3.0000000000
6678,6.0000000000
6679,-1.0000000000
6680,1.0000000000
6681,0.0000000000
6682,0.0000000000
6683,-3.0000000000
6684,-3.0000000000
6685,-9.0000000000
6686,0.0000000000
6687,-1.0000000000
6688,-2.0000000000
6689,2.0000000000
6690,-2.0000000000
6691,-4.0000000000
6692,0.0000000000
6693,-2.0000000000
6694,-3.0000000000
6695,-2.0000000000
6696,-2.0000000000
6697,-1.0000000000
6698,2.0000000000
6699,-2.0000000000
6700,0.0000000000
6701,1.0000000000
6702,3.0000000000
6703,-2.0000000000
6704,3.0000000000
6705,-2.0000000000
6706,3.0000000000
6707,4.0000000000
6708,1.0000000000
6709,-2.0000000000
6710,-3.0000000000
6711,0.0000000000
6712,-2.0000000000
6713,2.0000000000
6714,-5.0000000000
6715,-4.0000000000
6716,0.0000000000
6717,1.0000000000
6718,-2.0000000000
6719,3.0000000000
6720,-3.0000000000
6721,0.0000000000
6722,2.0000000000
6723,-1.0000000000
6724,5.0000000000
6725,-2.0000000000
6726,0.0000000000
6727,7.0000000000
6728,2.0000000000
6729,2.0000000000
6730,4.0000000000
6731,-1.0000000000
6732,-3.0000000000
6733,-1.0000000000
6734,-1.0000000000
6735,2.0000000000
6736,1.0000000000
6737,2.0000000000
6738,-2.0000000000
6739,-3.0000000000
6740,-2.0000000000
6741,-4.0000000000
6742,-1.0000000000
6743,2.0000000000
6744,-1.0000000000
6745,0.0000000000
6746,2.0000000000
6747,0.0000000000
6748,2.0000000000
6749,-5.0000000000
6750,0.0000000000
6751,-2.0000000000
6752,-3.0000000000
6753,1.0000000000
6754,4.0000000000
6755,0.0000000000
6756,-4.0000000000
6757,4.0000000000
6758,-2.0000000000
6759,-4.0000000000
6760,0.0000000000
6761,1.0000000000
6762,0.0000000000
6763,0.0000000000
6764,3.0000000000
6765,-1.0000000000
6766,-1.0000000000
6767,5.0000000000
6768,-1.0000000000
6769,2.0000000000
6770,0.0000000000
6771,-2.0000000000
6772,6.0000000000
6773,-4.0000000000
6774,4.0000000000
6775,0.0000000000
6776,-3.0000000000
6777,-5.0000000000
6778,0.0000000000
6779,-6.0000000000
6780,0.0000000000
6781,1.0000000000
6782,-2.0000000000
6783,-3.0000000000
6784,3.0000000000
6785,-2.0000000000
6786,0.0000000000
6787,1.0000000000
6788,2.0000000000
6789,4.0000000000
6790,-1.0000000000
6791,-3.0000000000
6792,-5.0000000000
6793,1.0000000000
6794,-1.0000000000
6795,1.0000000000
6796,-1.0000000000
6797,-7.0000000000
6798,2.0000000000
6799,1.0000000000
6800,2.0000000000
6801,-3.0000000000
6802,1.0000000000
6803,4.0000000000
6804,0.0000000000
6805,6.0000000000
6806,1.0000000000
6807,-2.0000000000
6808,3.0000000000
6809,-2.0000000000
6810,1.0000000000
6811,-3.0000000000
6812,0.0000000000
6813,2.0000000000
6814,-3.0000000000
6815,-4.0000000000
6816,-4.0000000000
6817,0.0000000000
6818,5.0000000000
6819,1.0000000000
6820,7.0000000000
6821,3.0000000000
6822,-1.0000000000
6823,-2.0000000000
6824,0.0000000000
6825,-5.0000000000
6826,-1.0000000000
6827,4.0000000000
6828,0.0000000000
6829,-1.0000000000
6830,4.0000000000
6831,-5.0000000000
6832,3.0000000000
6833,-4.0000000000
6834,-4.0000000000
6835,0.0000000000
6836,0.0000000000
6837,1.0000000000
6838,3.0000000000
6839,-1.0000000000
6840,2.0000000000
6841,7.0000000000
6842,-3.0000000000
6843,-5.0000000000
6844,-1.0000000000
6845,-3.0000000000
6846,0.0000000000
6847,7.0000000000
6848,-1.0000000000
6849,-4.0000000000
6850,-4.0000000000
6851,1.0000000000
6852,-2.0000000000
6853,-1.0000000000
6854,-2.0000000000
6855,-1.0000000000
6856,2.0000000000
6857,0.0000000000
6858,-2.0000000000
6859,3.0000000000
6860,0.0000000000
6861,-2.0000000000
6862,-2.0000000000
6863,1.0000000000
6864,5.0000000000
6865,-2.0000000000
6866,-3.0000000000
6867,-3.0000000000
6868,2.0000000000
6869,3.0000000000
6870,-1.0000000000
6871,5.0000000000
6872,-2.0000000000
6873,6.0000000000
6874,-8.0000000000
6875,5.0000000000
6876,-3.0000000000
6877,2.0000000000
6878,-9.0000000000
6879,0.0000000000
6880,0.0000000000
6881,-4.0000000000
6882,0.0000000000
6883,6.0000000000
6884,1.0000000000
6885,2.0000000000
6886,-1.0000000000
6887,3.0000000000
6888,-4.0000000000
6889,-1.0000000000
6890,2.0000000000
6891,1.0000000000
6892,6.0000000000
6893,-3.0000000000
6894,5.0000000000
6895,2.0000000000
6896,0.0000000000
6897,-5.0000000000
6898,-1.0000000000
6899,-5.0000000000
6900,-1.0000000000
6901,-6.0000000000
6902,0.0000000000
6903,-3.0000000000
6904,2.0000000000
6905,-3.0000000000
6906,1.0000000000
6907,3.0000000000
6908,2.0000000000
6909,5.0000000000
6910,4.0000000000
6911,-4.0000000000
6912,2.0000000000
6913,1.0000000000
6914,4.0000000000
6915,-2.0000000000
6916,1.0000000000
6917,-1.0000000000
6918,-1.0000000000
6919,6.0000000000
6920,0.0000000000
6921,-3.0000000000
6922,8.0000000000
6923,0.0000000000
6924,0.0000000000
6925,2.0000000000
6926,-5.0000000000
6927,2.0000000000
6928,-1.0000000000
6929,2.0000000000
6930,1.0000000000
6931,1.0000000000
6932,-6.0000000000
6933,-1.0000000000
6934,-2.0000000000
6935,1.0000000000
6936,-1.0000000000
6937,-1.0000000000
6938,-6.0000000000
6939,-5.0000000000
6940,1.0000000000
6941,-2.0000000000
6942,-1.0000000000
6943,-2.0000000000
6944,0.0000000000
6945,2.0000000000
6946,0.0000000000
6947,-1.0000000000
6948,4.0000000000
6949,3.0000000000
6950,-1.0000000000
6951,0.0000000000
6952,1.0000000000
6953,-1.0000000000
6954,-1.0000000000
6955,-1.0000000000
6956,0.0000000000
6957,-1.0000000000
6958,-3.0000000000
6959,0.0000000000
6960,4.0000000000
6961,3.0000000000
6962,2.0000000000
6963,1.0000000000
6964,-3.0000000000
6965,2.0000000000
6966,2.0000000000
6967,-4.0000000000
6968,-3.0000000000
6969,-4.0000000000
6970,1.0000000000
6971,0.0000000000
6972,2.0000000000
6973,2.0000000000
6974,0.0000000000
6975,-1.0000000000
6976,2.0000000000
6977,-1.0000000000
6978,6.0000000000
6979,1.0000000000
6980,1.0000000000
6981,-2.0000000000
6982,-1.0000000000
6983,4.0000000000
6984,0.0000000000
6985,3.0000000000
6986,3.0000000000
6987,0.0000000000
6988,-5.0000000000
6989,0.0000000000
6990,-4.0000000000
6991,7.0000000000
6992,-6.0000000000
6993,-2.0000000000
6994,0.0000000000
6995,-4.0000000000
6996,-5.0000000000
6997,0.0000000000
6998,-7.0000000000
6999,4.0000000000
7000,8.0000000000
7001,-1.0000000000
7002,5.0000000000
7003,-3.0000000000
7004,-1.0000000000
7005,1.0000000000
7006,1.0000000000
7007,1.0000000000
7008,1.0000000000
7009,3.0000000000
7010,-1.0000000000
7011,-2.0000000000
7012,-1.0000000000
7013,0.0000000000
7014,0.0000000000
7015,3.0000000000
7016,6.0000000000
7017,0.0000000000
7018,1.0000000000
7019,-5.0000000000
7020,-8.0000000000
7021,-10.0000000000
7022,-2.0000000000
7023,0.0000000000
7024,-4.0000000000
7025,1.0000000000
7026,3.0000000000
7027,-3.0000000000
7028,3.0000000000
7029,3.0000000000
7030,-5.0000000000
7031,2.0000000000
7032,2.0000000000
7033,5.0000000000
7034,0.0000000000
7035,-1.0000000000
7036,-4.0000000000
7037,-2.0000000000
7038,-8.0000000000
7039,-4.0000000000
7040,2.0000000000
7041,-6.0000000000
7042,2.0000000000
7043,-4.0000000000
7044,7.0000000000
7045,4.0000000000
7046,-3.0000000000
7047,2.0000000000
7048,2.0000000000
7049,-1.0000000000
7050,4.0000000000
7051,2.0000000000
7052,-7.0000000000
7053,-4.0000000000
7054,3.0000000000
7055,3.0000000000
7056,2.0000000000
7057,-3.0000000000
7058,0.0000000000
7059,9.0000000000
7060,-4.0000000000
7061,-2.0000000000
7062,-1.0000000000
7063,1.0000000000
7064,1.0000000000
7065,2.0000000000
7066,3.0000000000
7067,0.0000000000
7068,5.0000000000
7069,2.0000000000
7070,5.0000000000
7071,-3.0000000000
7072,3.0000000000
7073,0.0000000000
7074,-3.0000000000
7075,-4.0000000000
7076,0.0000000000
7077,3.0000000000
7078,-5.0000000000
7079,-1.0000000000
7080,-4.0000000000
7081,-6.0000000000
7082,-4.0000000000
7083,-3.0000000000
7084,6.0000000000
7085,-1.0000000000
7086,-3.0000000000
7087,2.0000000000
7088,6.0000000000
7089,-1.0000000000
7090,-6.0000000000
7091,-3.0000000000
7092,4.0000000000
7093,-4.0000000000
7094,2.0000000000
7095,4.0000000000
7096,1.0000000000
7097,4.0000000000
7098,1.0000000000
7099,3.0000000000
7100,-2.0000000000
7101,3.0000000000
7102,1.0000000000
7103,-3.0000000000
7104,-2.0000000000
7105,-1.0000000000
7106,2.0000000000
7107,1.0000000000
7108,-4.0000000000
7109,3.0000000000
7110,-1.0000000000
7111,1.0000000000
7112,0.0000000000
7113,-1.0000000000
7114,4.0000000000
7115,-2.0000000000
7116,1.0000000000
7117,1.0000000000
7118,3.0000000000
7119,-2.0000000000
7120,1.0000000000
7121,3.0000000000
7122,-5.0000000000
7123,-2.0000000000
7124,-2.0000000000
7125,4.0000000000
7126,-2.0000000000
7127,2.0000000000
7128,3.0000000000
7129,2.0000000000
7130,-1.0000000000
7131,1.0000000000
7132,-7.0000000000
7133,0.0000000000
7134,0.0000000000
7135,0.0000000000
7136,2.0000000000
7137,-3.0000000000
7138,-2.0000000000
7139,3.0000000000
7140,8.0000000000
7141,-2.0000000000
7142,4.0000000000
7143,-1.0000000000
7144,2.0000000000
7145,0.0000000000
7146,-4.0000000000
7147,-2.0000000000
7148,-2.0000000000
7149,-3.0000000000
7150,-1.0000000000
7151,4.0000000000
7152,1.0000000000
7153,5.0000000000
7154,0.0000000000
7155,-5.0000000000
7156,5.0000000000
7157,-4.0000000000
7158,4.0000000000
7159,-2.0000000000
7160,-1.0000000000
7161,-2.0000000000
7162,2.0000000000
7163,3.0000000000
7164,-5.0000000000
7165,-2.0000000000
7166,0.0000000000
7167,-3.0000000000
7168,-1.0000000000
7169,-7.0000000000
7170,3.0000000000
7171,1.0000000000
7172,-1.0000000000
7173,0.0000000000
7174,-4.0000000000
7175,-5.0000000000
7176,2.0000000000
7177,-1.0000000000
7178,-1.0000000000
7179,0.0000000000
7180,2.0000000000
7181,1.0000000000
7182,2.0000000000
7183,-2.0000000000
7184,2.0000000000
7185,-5.0000000000
7186,4.0000000000
7187,-4.0000000000
7188,5.0000000000
7189,3.0000000000
7190,-1.0000000000
7191,3.0000000000
7192,-1.0000000000
7193,-9.0000000000
7194,-2.0000000000
7195,-2.0000000000
7196,-1.0000000000
7197,6.0000000000
7198,-5.0000000000
7199,1.0000000000
7200,-5.0000000000
7201,-7.0000000000
7202,0.0000000000
7203,1.0000000000
7204,-4.0000000000
7205,1.0000000000
7206,-4.0000000000
7207,-2.0000000000
7208,0.0000000000
7209,2.0000000000
7210,3.0000000000
7211,4.0000000000
7212,4.0000000000
7213,-1.0000000000
7214,4.0000000000
7215,2.0000000000
7216,5.0000000000
7217,1.0000000000
7218,-7.0000000000
7219,2.0000000000
7220,5.0000000000
7221,-2.0000000000
7222,-2.0000000000
7223,3.0000000000
7224,4.0000000000
7225,-3.0000000000
7226,-2.0000000000
7227,-8.0000000000
7228,0.0000000000
7229,2.0000000000
7230,-3.0000000000
7231,1.0000000000
7232,0.0000000000
7233,0.0000000000
7234,-7.0000000000
7235,0.0000000000
7236,-1.0000000000
7237,-1.0000000000
7238,0.0000000000
7239,0.0000000000
7240,0.0000000000
7241,-1.0000000000
7242,1.0000000000
7243,-1.0000000000
7244,1.0000000000
7245,-1.0000000000
7246,4.0000000000
7247,0.0000000000
7248,4.0000000000
7249,-1.0000000000
7250,4.0000000000
7251,2.0000000000
7252,2.0000000000
7253,2.0000000000
7254,-2.0000000000
7255,0.0000000000
7256,-4.0000000000
7257,-1.0000000000
7258,-4.0000000000
7259,1.0000000000
7260,1.0000000000
7261,-1.0000000000
7262,3.0000000000
7263,2.0000000000
7264,3.0000000000
7265,-2.0000000000
7266,-3.0000000000
7267,7.0000000000
7268,4.0000000000
7269,2.0000000000
7270,-1.0000000000
7271,5.0000000000
7272,-2.0000000000
7273,1.0000000000
7274,0.0000000000
7275,4.0000000000
7276,-2.0000000000
7277,4.0000000000
7278,1.0000000000
7279,2.0000000000
7280,1.0000000000
7281,4.0000000000
7282,5.0000000000
7283,-3.0000000000
7284,1.0000000000
7285,-3.0000000000
7286,-1.0000000000
7287,-7.0000000000
7288,-1.0000000000
7289,-3.0000000000
7290,-5.0000000000
7291,1.0000000000
7292,-1.0000000000
7293,-1.0000000000
7294,0.0000000000
7295,-2.0000000000
7296,2.0000000000
7297,4.0000000000
7298,-2.0000000000
7299,-1.0000000000
7300,5.0000000000
7301,1.0000000000
7302,4.0000000000
7303,0.0000000000
7304,5.0000000000
7305,2.0000000000
7306,11.0000000000
7307,1.0000000000
7308,3.0000000000
7309,-1.0000000000
7310,-1.0000000000
7311,-1.0000000000
7312,1.0000000000
7313,-1.0000000000
7314,-1.0000000000
7315,4.0000000000
7316,-3.0000000000
7317,0.0000000000
7318,-1.0000000000
7319,1.0000000000
7320,4.0000000000
7321,-1.0000000000
7322,2.0000000000
7323,-9.0000000000
7324,-3.0000000000
7325,4.0000000000
7326,1.0000000000
7327,-1.0000000000
7328,-7.0000000000
7329,6.0000000000
7330,-4.0000000000
7331,0.0000000000
7332,2.0000000000
7333,-2.0000000000
7334,-6.0000000000
7335,2.0000000000
7336,4.0000000000
7337,-2.0000000000
7338,-1.0000000000
7339,3.0000000000
7340,4.0000000000
7341,0.0000000000
7342,3.0000000000
7343,4.0000000000
7344,1.0000000000
7345,-3.0000000000
7346,2.0000000000
7347,-3.0000000000
7348,5.0000000000
7349,-1.0000000000
7350,-3.0000000000
7351,-2.0000000000
7352,1.0000000000
7353,0.0000000000
7354,4.0000000000
7355,0.0000000000
7356,3.0000000000
7357,3.0000000000
7358,1.0000000000
7359,0.0000000000
7360,-2.0000000000
7361,2.0000000000
7362,4.0000000000
7363,-2.0000000000
7364,0.0000000000
7365,4.0000000000
7366,-3.0000000000
7367,2.0000000000
7368,6.0000000000
7369,-3.0000000000
7370,2.0000000000
7371,4.0000000000
7372,-1.0000000000
7373,4.0000000000
7374,-1.0000000000
7375,-2.0000000000
7376,2.0000000000
7377,4.0000000000
7378,-3.0000000000
7379,2.0000000000
7380,0.0000000000
7381,6.0000000000
7382,-8.0000000000
7383,1.0000000000
7384,-3.0000000000
7385,5.0000000000
7386,1.0000000000
7387,1.0000000000
7388,-4.0000000000
7389,1.0000000000
7390,-1.0000000000
7391,2.0000000000
7392,-9.0000000000
7393,-3.0000000000
7394,1.0000000000
7395,-2.0000000000
7396,-7.0000000000
7397,-1.0000000000
7398,1.0000000000
7399,-1.0000000000
7400,-1.0000000000
7401,-11.0000000000
7402,-2.0000000000
7403,2.0000000000
7404,5.0000000000
7405,0.0000000000
7406,0.0000000000
7407,-6.0000000000
7408,-1.0000000000
7409,4.0000000000
7410,0.0000000000
7411,-1.0000000000
7412,-3.0000000000
7413,4.0000000000
7414,-2.0000000000
7415,3.0000000000
7416,-2.0000000000
7417,6.0000000000
7418,-3.0000000000
7419,-2.0000000000
7420,4.0000000000
7421,-2.0000000000
7422,-6.0000000000
7423,-2.0000000000
7424,3.0000000000
7425,-2.0000000000
7426,5.0000000000
7427,2.0000000000
7428,-2.0000000000
7429,3.0000000000
7430,-2.0000000000
7431,-2.0000000000
7432,-6.0000000000
7433,0.0000000000
7434,-3.0000000000
7435,5.0000000000
7436,-2.0000000000
7437,1.0000000000
7438,-5.0000000000
7439,-1.0000000000
7440,-1.0000000000
7441,0.0000000000
7442,0.0000000000
7443,-8.0000000000
7444,-1.0000000000
7445,2.0000000000
7446,5.0000000000
7447,-5.0000000000
7448,0.0000000000
7449,-2.0000000000
7450,0.0000000000
7451,-4.0000000000
7452,-8.0000000000
7453,2.0000000000
7454,0.0000000000
7455,1.0000000000
7456,0.0000000000
7457,4.0000000000
7458,0.0000000000
7459,5.0000000000
7460,-1.0000000000
7461,-1.0000000000
7462,5.0000000000
7463,-6.0000000000
7464,-6.0000000000
7465,-2.0000000000
7466,1.0000000000
7467,2.0000000000
7468,-2.0000000000
7469,3.0000000000
7470,0.0000000000
7471,2.0000000000
7472,0.0000000000
7473,-2.0000000000
7474,-2.0000000000
7475,3.0000000000
7476,-1.0000000000
7477,-4.0000000000
7478,4.0000000000
7479,-5.0000000000
7480,-2.0000000000
7481,5.0000000000
7482,2.0000000000
7483,0.0000000000
7484,5.0000000000
7485,3.0000000000
7486,-3.0000000000
7487,-4.0000000000
7488,5.0000000000
7489,3.0000000000
7490,4.0000000000
7491,0.0000000000
7492,-2.0000000000
7493,3.0000000000
7494,-3.0000000000
7495,5.0000000000
7496,-4.0000000000
7497,-2.0000000000
7498,-6.0000000000
7499,-3.0000000000
7500,-2.0000000000
7501,1.0000000000
7502,-4.0000000000
7503,4.0000000000
7504,3.0000000000
7505,5.0000000000
7506,0.0000000000
7507,3.0000000000
7508,-4.0000000000
7509,2.0000000000
7510,-2.0000000000
7511,-1.0000000000
7512,1.0000000000
7513,-3.0000000000
7514,-1.0000000000
7515,-2.0000000000
7516,1.0000000000
7517,1.0000000000
7518,1.0000000000
7519,-2.0000000000
7520,5.0000000000
7521,2.0000000000
7522,-4.0000000000
7523,-1.0000000000
7524,6.0000000000
7525,0.0000000000
7526,-3.0000000000
7527,-1.0000000000
7528,-2.0000000000
7529,5.0000000000
7530,-2.0000000000
7531,7.0000000000
7532,3.0000000000
7533,-2.0000000000
7534,1.0000000000
7535,1.0000000000
7536,4.0000000000
7537,3.0000000000
7538,-1.0000000000
7539,-3.0000000000
7540,3.0000000000
7541,5.0000000000
7542,3.0000000000
7543,1.0000000000
7544,1.0000000000
7545,1.0000000000
7546,-1.0000000000
7547,-1.0000000000
7548,2.0000000000
7549,1.0000000000
7550,-3.0000000000
7551,5.0000000000
7552,5.0000000000
7553,0.0000000000
7554,3.0000000000
7555,2.0000000000
7556,0.0000000000
7557,0.0000000000
7558,3.0000000000
7559,-5.0000000000
7560,-4.0000000000
7561,-1.0000000000
7562,2.0000000000
7563,10.0000000000
7564,0.0000000000
7565,-3.0000000000
7566,-4.0000000000
7567,5.0000000000
7568,2.0000000000
7569,-1.0000000000
7570,-2.0000000000
7571,-3.0000000000
7572,-3.0000000000
7573,1.0000000000
7574,-2.0000000000
7575,-1.0000000000
7576,0.0000000000
7577,-3.0000000000
7578,-2.0000000000
7579,1.0000000000
7580,-1.0000000000
7581,-2.0000000000
7582,-4.0000000000
7583,5.0000000000
7584,5.0000000000
7585,-2.0000000000
7586,3.0000000000
7587,3.0000000000
7588,1.0000000000
7589,-2.0000000000
7590,6.0000000000
7591,0.0000000000
7592,-1.0000000000
7593,-2.0000000000
7594,3.0000000000
7595,3.0000000000
7596,4.0000000000
7597,1.0000000000
7598,2.0000000000
7599,-3.0000000000
7600,5.0000000000
7601,-1.0000000000
7602,-4.0000000000
7603,-6.0000000000
7604,1.0000000000
7605,2.0000000000
7606,-4.0000000000
7607,-3.0000000000
7608,4.0000000000
7609,-2.0000000000
7610,-2.0000000000
7611,4.0000000000
7612,0.0000000000
7613,-1.0000000000
7614,-1.0000000000
7615,4.0000000000
7616,-3.0000000000
7617,-3.0000000000
7618,0.0000000000
7619,4.0000000000
7620,1.0000000000
7621,4.0000000000
7622,2.0000000000
7623,0.0000000000
7624,-1.0000000000
7625,3.0000000000
7626,-5.0000000000
7627,-7.0000000000
7628,3.0000000000
7629,0.0000000000
7630,-1.0000000000
7631,-3.0000000000
7632,-1.0000000000
7633,-5.0000000000
7634,-3.0000000000
7635,2.0000000000
7636,0.0000000000
7637,2.0000000000
7638,2.0000000000
7639,-3.0000000000
7640,3.0000000000
7641,2.0000000000
7642,-2.0000000000
7643,-3.0000000000
7644,3.0000000000
7645,-2.0000000000
7646,-3.0000000000
7647,0.0000000000
7648,-1.0000000000
7649,-1.0000000000
7650,0.0000000000
7651,-3.0000000000
7652,0.0000000000
7653,-5.0000000000
7654,6.0000000000
7655,0.0000000000
7656,-6.0000000000
7657,1.0000000000
7658,-1.0000000000
7659,-2.0000000000
7660,5.0000000000
7661,0.0000000000
7662,-4.0000000000
7663,3.0000000000
7664,6.0000000000
7665,-1.0000000000
7666,-1.0000000000
7667,-1.0000000000
7668,0.0000000000
7669,3.0000000000
7670,-2.0000000000
7671,5.0000000000
7672,7.0000000000
7673,0.0000000000
7674,-1.0000000000
7675,-1.0000000000
7676,-4.0000000000
7677,0.0000000000
7678,2.0000000000
7679,-2.0000000000
7680,-5.0000000000
7681,-1.0000000000
7682,-1.0000000000
7683,-6.0000000000
7684,-2.0000000000
7685,-4.0000000000
7686,4.0000000000
7687,2.0000000000
7688,-3.0000000000
7689,3.0000000000
7690,-3.0000000000
7691,2.0000000000
7692,-2.0000000000
7693,-4.0000000000
7694,-2.0000000000
7695,7.0000000000
7696,-1.0000000000
7697,-2.0000000000
7698,2.0000000000
7699,3.0000000000
7700,8.0000000000
7701,4.0000000000
7702,5.0000000000
7703,-1.0000000000
7704,6.0000000000
7705,7.0000000000
7706,-3.0000000000
7707,-6.0000000000
7708,4.0000000000
7709,2.0000000000
7710,6.0000000000
7711,-1.0000000000
7712,0.0000000000
7713,-1.0000000000
7714,4.0000000000
7715,-5.0000000000
7716,1.0000000000
7717,5.0000000000
7718,1.0000000000
7719,3.0000000000
7720,1.0000000000
7721,-2.0000000000
7722,3.0000000000
7723,3.0000000000
7724,-2.0000000000
7725,-3.0000000000
7726,1.0000000000
7727,-1.0000000000
7728,-6.0000000000
7729,1.0000000000
7730,-3.0000000000
7731,-2.0000000000
7732,-2.0000000000
7733,-2.0000000000
7734,2.0000000000
7735,2.0000000000
7736,-4.0000000000
7737,0.0000000000
7738,0.0000000000
7739,3.0000000000
7740,2.0000000000
7741,6.0000000000
7742,5.0000000000
7743,-3.0000000000
7744,2.0000000000
7745,-4.0000000000
7746,7.0000000000
7747,-5.0000000000
7748,0.0000000000
7749,-1.0000000000
7750,2.0000000000
7751,-2.0000000000
7752,-2.0000000000
7753,1.0000000000
7754,-6.0000000000
7755,-4.0000000000
7756,4.0000000000
7757,0.0000000000
7758,2.0000000000
7759,-1.0000000000
7760,4.0000000000
7761,2.0000000000
7762,1.0000000000
7763,-1.0000000000
7764,0.0000000000
7765,-5.0000000000
7766,-3.0000000000
7767,-2.0000000000
7768,2.0000000000
7769,1.0000000000
7770,-4.0000000000
7771,-2.0000000000
7772,-6.0000000000
7773,0.0000000000
7774,0.0000000000
7775,2.0000000000
7776,-3.0000000000
7777,7.0000000000
7778,-2.0000000000
7779,-2.0000000000
7780,-1.0000000000
7781,-1.0000000000
7782,-4.0000000000
7783,-1.0000000000
7784,3.0000000000
7785,-4.0000000000
7786,-3.0000000000
7787,-5.0000000000
7788,7.0000000000
7789,2.0000000000
7790,-2.0000000000
7791,0.0000000000
7792,2.0000000000
7793,7.0000000000
7794,0.0000000000
7795,0.0000000000
7796,8.0000000000
7797,1.0000000000
7798,-2.0000000000
7799,-2.0000000000
7800,4.0000000000
7801,-2.0000000000
7802,0.0000000000
7803,0.0000000000
7804,0.0000000000
7805,2.0000000000
7806,0.0000000000
7807,0.0000000000
7808,6.0000000000
7809,-1.0000000000
7810,-3.0000000000
7811,-3.0000000000
7812,-5.0000000000
7813,0.0000000000
7814,0.0000000000
7815,-2.0000000000
7816,4.0000000000
7817,0.0000000000
7818,3.0000000000
7819,2.0000000000
7820,0.0000000000
7821,-1.0000000000
7822,-2.0000000000
7823,-1.0000000000
7824,0.0000000000
7825,1.0000000000
7826,-6.0000000000
7827,-1.0000000000
7828,2.0000000000
7829,-7.0000000000
7830,-4.0000000000
7831,-3.0000000000
7832,-1.0000000000
7833,-6.0000000000
7834,5.0000000000
7835,-2.0000000000
7836,3.0000000000
7837,4.0000000000
7838,-2.0000000000
7839,0.0000000000
7840,2.0000000000
7841,-1.0000000000
7842,0.0000000000
7843,1.0000000000
7844,0.0000000000
7845,-5.0000000000
7846,1.0000000000
7847,1.0000000000
7848,1.0000000000
7849,-2.0000000000
7850,-1.0000000000
7851,-5.0000000000
7852,0.0000000000
7853,-6.0000000000
7854,0.0000000000
7855,3.0000000000
7856,4.0000000000
7857,1.0000000000
7858,-2.0000000000
7859,-3.0000000000
7860,2.0000000000
7861,6.0000000000
7862,4.0000000000
7863,-2.0000000000
7864,9.0000000000
7865,5.0000000000
7866,-1.0000000000
7867,0.0000000000
7868,-4.0000000000
7869,2.0000000000
7870,-2.0000000000
7871,-4.0000000000
7872,0.0000000000
7873,0.0000000000
7874,0.0000000000
7875,6.0000000000
7876,-6.0000000000
7877,0.0000000000
7878,6.0000000000
7879,0.0000000000
7880,-1.0000000000
7881,1.0000000000
7882,-4.0000000000
7883,-2.0000000000
7884,7.0000000000
7885,-6.0000000000
7886,5.0000000000
7887,1.0000000000
7888,-4.0000000000
7889,-3.0000000000
7890,2.0000000000
7891,-4.0000000000
7892,1.0000000000
7893,0.0000000000
7894,3.0000000000
7895,-4.0000000000
7896,2.0000000000
7897,0.0000000000
7898,5.0000000000
7899,0.0000000000
7900,5.0000000000
7901,2.0000000000
7902,0.0000000000
7903,-7.0000000000
7904,7.0000000000
7905,3.0000000000
7906,-2.0000000000
7907,-3.0000000000
7908,-2.0000000000
7909,-3.0000000000
7910,1.0000000000
7911,-3.0000000000
7912,-1.0000000000
7913,-2.0000000000
7914,-2.0000000000
7915,-1.0000000000
7916,-5.0000000000
7917,5.0000000000
7918,7.0000000000
7919,-1.0000000000
7920,0.0000000000
7921,0.0000000000
7922,-4.0000000000
7923,1.0000000000
7924,2.0000000000
7925,0.0000000000
7926,3.0000000000
7927,4.0000000000
7928,2.0000000000
7929,-3.0000000000
7930,-2.0000000000
7931,1.0000000000
7932,0.0000000000
7933,-9.0000000000
7934,0.0000000000
7935,-5.0000000000
7936,2.0000000000
7937,1.0000000000
7938,3.0000000000
7939,-2.0000000000
7940,0.0000000000
7941,0.0000000000
7942,2.0000000000
7943,-3.0000000000
7944,-3.0000000000
7945,-5.0000000000
7946,0.0000000000
7947,1.0000000000
7948,1.0000000000
7949,2.0000000000
7950,1.0000000000
7951,-2.0000000000
7952,-4.0000000000
7953,0.0000000000
7954,-3.0000000000
7955,6.0000000000
7956,-1.0000000000
7957,-2.0000000000
7958,-5.0000000000
7959,7.0000000000
7960,1.0000000000
7961,-1.0000000000
7962,-2.0000000000
7963,6.0000000000
7964,-2.0000000000
7965,1.0000000000
7966,-3.0000000000
7967,1.0000000000
7968,2.0000000000
7969,-2.0000000000
7970,3.0000000000
7971,-6.0000000000
7972,0.0000000000
7973,-3.0000000000
7974,6.0000000000
7975,0.0000000000
7976,4.0000000000
7977,-3.0000000000
7978,-5.0000000000
7979,2.0000000000
7980,-1.0000000000
7981,2.0000000000
7982,-1.0000000000
7983,2.0000000000
7984,-2.0000000000
7985,1.0000000000
7986,0.0000000000
7987,2.0000000000
7988,-4.0000000000
7989,5.0000000000
7990,6.0000000000
7991,2.0000000000
7992,-1.0000000000
7993,2.0000000000
7994,-5.0000000000
7995,2.0000000000
7996,-5.0000000000
7997,-4.0000000000
7998,-2.0000000000
7999,-2.0000000000
8000,0.0000000000
8001,-5.0000000000
8002,1.0000000000
8003,2.0000000000
8004,1.0000000000
8005,0.0000000000
8006,-1.0000000000
8007,2.0000000000
8008,-6.0000000000
8009,1.0000000000
8010,0.0000000000
8011,6.0000000000
8012,-3.0000000000
8013,-2.0000000000
8014,3.0000000000
8015,-4.0000000000
8016,7.0000000000
8017,0.0000000000
8018,0.0000000000
8019,2.0000000000
8020,-1.0000000000
8021,-1.0000000000
8022,2.0000000000
8023,-5.0000000000
8024,-3.0000000000
8025,9.0000000000
8026,0.0000000000
8027,1.0000000000
8028,-3.0000000000
8029,1.0000000000
8030,-6.0000000000
8031,-2.0000000000
8032,2.0000000000
8033,1.0000000000
8034,-1.0000000000
8035,7.0000000000
8036,2.0000000000
8037,-7.0000000000
8038,3.0000000000
8039,1.0000000000
8040,2.0000000000
8041,3.0000000000
8042,0.0000000000
8043,-3.0000000000
8044,-5.0000000000
8045,1.0000000000
8046,0.0000000000
8047,-2.0000000000
8048,5.0000000000
8049,-8.0000000000
8050,4.0000000000
8051,5.0000000000
8052,-2.0000000000
8053,2.0000000000
8054,3.0000000000
8055,1.0000000000
8056,-4.0000000000
8057,1.0000000000
8058,1.0000000000
8059,-4.0000000000
8060,-3.0000000000
8061,1.0000000000
8062,2.0000000000
8063,-2.0000000000
8064,2.0000000000
8065,-2.0000000000
8066,0.0000000000
8067,-4.0000000000
8068,-3.0000000000
8069,-1.0000000000
8070,-2.0000000000
8071,7.0000000000
8072,3.0000000000
8073,7.0000000000
8074,5.0000000000
8075,-2.0000000000
8076,5.0000000000
8077,-3.0000000000
8078,-1.0000000000
8079,1.0000000000
8080,-1.0000000000
8081,-1.0000000000
8082,-2.0000000000
8083,-1.0000000000
8084,8.0000000000
8085,-2.0000000000
8086,2.0000000000
8087,-1.0000000000
8088,6.0000000000
8089,9.0000000000
8090,-10.0000000000
8091,2.0000000000
8092,0.0000000000
8093,4.0000000000
8094,2.0000000000
8095,2.0000000000
8096,3.0000000000
8097,-1.0000000000
8098,2.0000000000
8099,0.0000000000
8100,1.0000000000
8101,-3.0000000000
8102,0.0000000000
8103,3.0000000000
8104,2.0000000000
8105,4.0000000000
8106,1.0000000000
8107,2.0000000000
8108,-3.0000000000
8109,-1.0000000000
8110,0.0000000000
8111,-2.0000000000
8112,-1.0000000000
8113,-1.0000000000
8114,2.0000000000
8115,-3.0000000000
8116,-5.0000000000
8117,4.0000000000
8118,3.0000000000
8119,3.0000000000
8120,0.0000000000
8121,-6.0000000000
8122,0.0000000000
8123,5.0000000000
8124,4.0000000000
8125,4.0000000000
8126,0.0000000000
8127,8.0000000000
8128,1.0000000000
8129,1.0000000000
8130,3.0000000000
8131,4.0000000000
8132,-2.0000000000
8133,1.0000000000
8134,-8.0000000000
8135,3.0000000000
8136,8.0000000000
8137,3.0000000000
8138,0.0000000000
8139,4.0000000000
8140,2.0000000000
8141,-2.0000000000
8142,1.0000000000
8143,2.0000000000
8144,1.0000000000
8145,-2.0000000000
8146,-4.0000000000
8147,0.0000000000
8148,-3.0000000000
8149,-6.0000000000
8150,-3.0000000000
8151,-2.0000000000
8152,9.0000000000
8153,-3.0000000000
8154,1.0000000000
8155,0.0000000000
8156,-2.0000000000
8157,4.0000000000
8158,-1.0000000000
8159,-3.0000000000
8160,-3.0000000000
8161,-6.0000000000
8162,-2.0000000000
8163,-4.0000000000
8164,-3.0000000000
8165,-1.0000000000
8166,-4.0000000000
8167,0.0000000000
8168,0.0000000000
8169,2.0000000000
8170,-1.0000000000
8171,-1.0000000000
8172,1.0000000000
8173,2.0000000000
8174,1.0000000000
8175,-2.0000000000
8176,-3.0000000000
8177,1.0000000000
8178,-5.0000000000
8179,-1.0000000000
8180,-1.0000000000
8181,0.0000000000
8182,-4.0000000000
8183,3.0000000000
8184,0.0000000000
8185,-1.0000000000
8186,-2.0000000000
8187,-5.0000000000
8188,0.0000000000
8189,-2.0000000000
8190,-5.0000000000
8191,-3.0000000000
8192,2.0000000000
8193,-1.0000000000
8194,-2.0000000000
8195,-1.0000000000
8196,2.0000000000
8197,3.0000000000
8198,-2.0000000000
8199,0.0000000000
8200,-7.0000000000
8201,-5.0000000000
8202,-2.0000000000
8203,2.0000000000
8204,7.0000000000
8205,-1.0000000000
8206,-2.0000000000
8207,-1.0000000000
8208,7.0000000000
8209,11.0000000000
8210,3.0000000000
8211,2.0000000000
8212,2.0000000000
8213,-4.0000000000
8214,6.0000000000
8215,0.0000000000
8216,0.0000000000
8217,-1.0000000000
8218,8.0000000000
8219,-3.0000000000
8220,5.0000000000
8221,-3.0000000000
8222,-2.0000000000
8223,2.0000000000
8224,0.0000000000
8225,-2.0000000000
8226,1.0000000000
8227,1.0000000000
8228,-2.0000000000
8229,-1.0000000000
8230,3.0000000000
8231,-2.0000000000
8232,-1.0000000000
8233,-3.0000000000
8234,-5.0000000000
8235,-5.0000000000
8236,-3.0000000000
8237,6.0000000000
8238,-1.0000000000
8239,-2.0000000000
8240,-1.0000000000
8241,4.0000000000
8242,6.0000000000
8243,1.0000000000
8244,-4.0000000000
8245,1.0000000000
8246,0.0000000000
8247,2.0000000000
8248,-3.0000000000
8249,2.0000000000
8250,-1.0000000000
8251,1.0000000000
8252,3.0000000000
8253,-1.0000000000
8254,1.0000000000
8255,-2.0000000000
8256,-1.0000000000
8257,2.0000000000
8258,0.0000000000
8259,-2.0000000000
8260,-5.0000000000
8261,2.0000000000
8262,3.0000000000
8263,-1.0000000000
8264,0.0000000000
8265,3.0000000000
8266,-2.0000000000
8267,-1.0000000000
8268,0.0000000000
8269,-7.0000000000
8270,-3.0000000000
8271,3.0000000000
8272,2.0000000000
8273,3.0000000000
8274,1.0000000000
8275,5.0000000000
8276,2.0000000000
8277,-3.0000000000
8278,-1.0000000000
8279,0.0000000000
8280,7.0000000000
8281,6.0000000000
8282,7.0000000000
8283,2.0000000000
8284,3.0000000000
8285,-1.0000000000
8286,-4.0000000000
8287,-1.0000000000
8288,-2.0000000000
8289,-4.0000000000
8290,2.0000000000
8291,5.0000000000
8292,0.0000000000
8293,0.0000000000
8294,-1.0000000000
8295,-1.0000000000
8296,8.0000000000
8297,1.0000000000
8298,6.0000000000
8299,-1.0000000000
8300,4.0000000000
8301,7.0000000000
8302,-2.0000000000
8303,-3.0000000000
8304,-3.0000000000
8305,-1.0000000000
8306,2.0000000000
8307,2.0000000000
8308,2.0000000000
8309,-1.0000000000
8310,2.0000000000
8311,6.0000000000
8312,-1.0000000000
8313,2.0000000000
8314,3.0000000000
8315,-2.0000000000
8316,2.0000000000
8317,2.0000000000
8318,-6.0000000000
8319,5.0000000000
8320,3.0000000000
8321,4.0000000000
8322,-1.0000000000
8323,-4.0000000000
8324,2.0000000000
8325,1.0000000000
8326,-2.0000000000
8327,-5.0000000000
8328,6.0000000000
8329,-3.0000000000
8330,6.0000000000
8331,-4.0000000000
8332,2.0000000000
8333,-1.0000000000
8334,-1.0000000000
8335,-6.0000000000
8336,0.0000000000
8337,-2.0000000000
8338,2.0000000000
8339,5.0000000000
8340,0.0000000000
8341,0.0000000000
8342,4.0000000000
8343,1.0000000000
8344,2.0000000000
8345,2.0000000000
8346,3.0000000000
8347,0.0000000000
8348,-3.0000000000
8349,-1.0000000000
8350,7.0000000000
8351,0.0000000000
8352,-3.0000000000
8353,4.0000000000
8354,2.0000000000
8355,-1.0000000000
8356,3.0000000000
8357,7.0000000000
8358,4.0000000000
8359,2.0000000000
8360,-2.0000000000
8361,0.0000000000
8362,-2.0000000000
8363,-1.0000000000
8364,2.0000000000
8365,5.0000000000
8366,4.0000000000
8367,-1.0000000000
8368,0.0000000000
8369,-3.0000000000
8370,1.0000000000
8371,5.0000000000
8372,5.0000000000
8373,3.0000000000
8374,-8.0000000000
8375,-3.0000000000
8376,0.0000000000
8377,3.0000000000
8378,-4.0000000000
8379,-6.0000000000
8380,2.0000000000
8381,-4.0000000000
8382,-6.0000000000
8383,0.0000000000
8384,1.0000000000
8385,-1.0000000000
8386,-2.0000000000
8387,1.0000000000
8388,2.0000000000
8389,-2.0000000000
8390,3.0000000000
8391,2.0000000000
8392,8.0000000000
8393,2.0000000000
8394,3.0000000000
8395,-1.0000000000
8396,0.0000000000
8397,0.0000000000
8398,7.0000000000
8399,-2.0000000000
8400,4.0000000000
8401,1.0000000000
8402,0.0000000000
8403,2.0000000000
8404,0.0000000000
8405,-6.0000000000
8406,6.0000000000
8407,-1.0000000000
8408,-3.0000000000
8409,3.0000000000
8410,2.0000000000
8411,1.0000000000
8412,-4.0000000000
8413,0.0000000000
8414,2.0000000000
8415,2.0000000000
8416,0.0000000000
8417,-3.0000000000
8418,0.0000000000
8419,2.0000000000
8420,1.0000000000
8421,3.0000000000
8422,-6.0000000000
8423,0.0000000000
8424,2.0000000000
8425,-2.0000000000
8426,-3.0000000000
8427,0.0000000000
8428,0.0000000000
8429,-1.0000000000
8430,3.0000000000
8431,0.0000000000
8432,3.0000000000
8433,-4.0000000000
8434,-8.0000000000
8435,-7.0000000000
8436,1.0000000000
8437,6.0000000000
8438,4.0000000000
8439,-3.0000000000
8440,-1.0000000000
8441,7.0000000000
8442,2.0000000000
8443,-2.0000000000
8444,-1.0000000000
8445,-6.0000000000
8446,5.0000000000
8447,3.0000000000
8448,-1.0000000000
8449,-3.0000000000
8450,-4.0000000000
8451,8.0000000000
8452,-3.0000000000
8453,2.0000000000
8454,-1.0000000000
8455,2.0000000000
8456,-3.0000000000
8457,-2.0000000000
8458,2.0000000000
8459,-1.0000000000
8460,5.0000000000
8461,6.0000000000
8462,5.0000000000
8463,-3.0000000000
8464,-4.0000000000
8465,0.0000000000
8466,3.0000000000
8467,-2.0000000000
8468,0.0000000000
8469,3.0000000000
8470,-2.0000000000
8471,-6.0000000000
8472,3.0000000000
8473,6.0000000000
8474,1.0000000000
8475,2.0000000000
8476,2.0000000000
8477,3.0000000000
8478,0.0000000000
8479,3.0000000000
8480,2.0000000000
8481,-2.0000000000
8482,1.0000000000
8483,0.0000000000
8484,-3.0000000000
8485,-5.0000000000
8486,-3.0000000000
8487,1.0000000000
8488,3.0000000000
8489,-1.0000000000
8490,1.0000000000
8491,0.0000000000
8492,1.0000000000
8493,-2.0000000000
8494,1.0000000000
8495,3.0000000000
8496,-4.0000000000
8497,-2.0000000000
8498,-2.0000000000
8499,3.0000000000
8500,1.0000000000
8501,-2.0000000000
8502,2.0000000000
8503,2.0000000000
8504,1.0000000000
8505,8.0000000000
8506,3.0000000000
8507,2.0000000000
8508,-2.0000000000
8509,-2.0000000000
8510,5.0000000000
8511,-1.0000000000
8512,2.0000000000
8513,2.0000000000
8514,0.0000000000
8515,3.0000000000
8516,0.0000000000
8517,2.0000000000
8518,-2.0000000000
8519,1.0000000000
8520,-1.0000000000
8521,-2.0000000000
8522,-2.0000000000
8523,0.0000000000
8524,1.0000000000
8525,5.0000000000
8526,-1.0000000000
8527,-3.0000000000
8528,-6.0000000000
8529,1.0000000000
8530,0.0000000000
8531,0.0000000000
8532,3.0000000000
8533,4.0000000000
8534,0.0000000000
8535,6.0000000000
8536,0.0000000000
8537,-2.0000000000
8538,-3.0000000000
8539,-3.0000000000
8540,-5.0000000000
8541,2.0000000000
8542,-1.0000000000
8543,4.0000000000
8544,0.0000000000
8545,3.0000000000
8546,-1.0000000000
8547,-1.0000000000
8548,0.0000000000
8549,0.0000000000
8550,-3.0000000000
8551,-5.0000000000
8552,-1.0000000000
8553,1.0000000000
8554,-5.0000000000
8555,0.0000000000
8556,0.0000000000
8557,0.0000000000
8558,0.0000000000
8559,-1.0000000000
8560,4.0000000000
8561,1.0000000000
8562,-5.0000000000
8563,-2.0000000000
8564,-6.0000000000
8565,1.0000000000
8566,-2.0000000000
8567,1.0000000000
8568,0.0000000000
8569,5.0000000000
8570,0.0000000000
8571,5.0000000000
8572,3.0000000000
8573,-1.0000000000
8574,0.0000000000
8575,1.0000000000
8576,3.0000000000
8577,2.0000000000
8578,-7.0000000000
8579,2.0000000000
8580,-3.0000000000
8581,5.0000000000
8582,-2.0000000000
8583,2.0000000000
8584,0.0000000000
8585,7.0000000000
8586,-4.0000000000
8587,3.0000000000
8588,-3.0000000000
8589,2.0000000000
8590,3.0000000000
8591,1.0000000000
8592,2.0000000000
8593,6.0000000000
8594,-5.0000000000
8595,3.0000000000
8596,5.0000000000
8597,-4.0000000000
8598,5.0000000000
8599,3.0000000000
8600,4.0000000000
8601,4.0000000000
8602,-1.0000000000
8603,4.0000000000
8604,0.0000000000
8605,1.0000000000
8606,-1.0000000000
8607,-3.0000000000
8608,-1.0000000000
8609,-1.0000000000
8610,-1.0000000000
8611,-1.0000000000
8612,-1.0000000000
8613,6.0000000000
8614,0.0000000000
8615,0.0000000000
8616,0.0000000000
8617,0.0000000000
8618,-2.0000000000
8619,-2.0000000000
8620,-4.0000000000
8621,5.0000000000
8622,-8.0000000000
8623,9.0000000000
8624,-3.0000000000
8625,0.0000000000
8626,-4.0000000000
8627,0.0000000000
8628,-4.0000000000
8629,5.0000000000
8630,1.0000000000
8631,7.0000000000
8632,4.0000000000
8633,2.0000000000
8634,-5.0000000000
8635,2.0000000000
8636,-3.0000000000
8637,2.0000000000
8638,-5.0000000000
8639,2.0000000000
8640,-2.0000000000
8641,6.0000000000
8642,3.0000000000
8643,0.0000000000
8644,1.0000000000
8645,-1.0000000000
8646,1.0000000000
8647,0.0000000000
8648,8.0000000000
8649,1.0000000000
8650,-6.0000000000
8651,-2.0000000000
8652,-3.0000000000
8653,-2.0000000000
8654,0.0000000000
8655,4.0000000000
8656,2.0000000000
8657,2.0000000000
8658,-3.0000000000
8659,2.0000000000
8660,2.0000000000
8661,-4.0000000000
8662,-1.0000000000
8663,-8.0000000000
8664,-5.0000000000
8665,0.0000000000
8666,-2.0000000000
8667,1.0000000000
8668,0.0000000000
8669,5.0000000000
8670,4.0000000000
8671,2.0000000000
8672,10.0000000000
8673,4.0000000000
8674,0.0000000000
8675,-1.0000000000
8676,1.0000000000
8677,2.0000000000
8678,-2.0000000000
8679,-2.0000000000
8680,-6.0000000000
8681,-3.0000000000
8682,1.0000000000
8683,6.0000000000
8684,-1.0000000000
8685,-6.0000000000
8686,-3.0000000000
8687,-2.0000000000
8688,-4.0000000000
8689,-9.0000000000
8690,0.0000000000
8691,0.0000000000
8692,0.0000000000
8693,-5.0000000000
8694,0.0000000000
8695,5.0000000000
8696,4.0000000000
8697,0.0000000000
8698,2.0000000000
8699,2.0000000000
8700,-4.0000000000
8701,2.0000000000
8702,-2.0000000000
8703,-2.0000000000
8704,6.0000000000
8705,-2.0000000000
8706,-1.0000000000
8707,4.0000000000
8708,-1.0000000000
8709,1.0000000000
8710,-2.0000000000
8711,2.0000000000
8712,-2.0000000000
8713,1.0000000000
8714,7.0000000000
8715,0.0000000000
8716,-3.0000000000
8717,-3.0000000000
8718,1.0000000000
8719,-1.0000000000
8720,-4.0000000000
8721,-4.0000000000
8722,-1.0000000000
8723,1.0000000000
8724,-1.0000000000
8725,-3.0000000000
8726,3.0000000000
8727,3.0000000000
8728,-2.0000000000
8729,0.0000000000
8730,7.0000000000
8731,3.0000000000
8732,5.0000000000
8733,0.0000000000
8734,-3.0000000000
8735,5.0000000000
8736,0.0000000000
8737,-3.0000000000
8738,-5.0000000000
8739,-1.0000000000
8740,-2.0000000000
8741,-5.0000000000
8742,-6.0000000000
8743,0.0000000000
8744,-1.0000000000
8745,5.0000000000
8746,1.0000000000
8747,-2.0000000000
8748,3.0000000000
8749,0.0000000000
8750,-1.0000000000
8751,5.0000000000
8752,-3.0000000000
8753,1.0000000000
8754,9.0000000000
8755,-8.0000000000
8756,0.0000000000
8757,3.0000000000
8758,-4.0000000000
8759,1.0000000000
8760,-2.0000000000
8761,1.0000000000
8762,-3.0000000000
8763,-2.0000000000
8764,0.0000000000
8765,3.0000000000
8766,6.0000000000
8767,1.0000000000
8768,-1.0000000000
8769,10.0000000000
8770,-5.0000000000
8771,7.0000000000
8772,-3.0000000000
8773,-4.0000000000
8774,5.0000000000
8775,0.0000000000
8776,-1.0000000000
8777,-1.0000000000
8778,-1.0000000000
8779,0.0000000000
8780,3.0000000000
8781,2.0000000000
8782,-1.0000000000
8783,-3.0000000000
8784,-1.0000000000
8785,-3.0000000000
8786,1.0000000000
8787,-4.0000000000
8788,3.0000000000
8789,-2.0000000000
8790,-1.0000000000
8791,4.0000000000
8792,0.0000000000
8793,-3.0000000000
8794,1.0000000000
8795,-1.0000000000
8796,2.0000000000
8797,3.0000000000
8798,-1.0000000000
8799,-2.0000000000
8800,7.0000000000
8801,1.0000000000
8802,-1.0000000000
8803,2.0000000000
8804,-1.0000000000
8805,4.0000000000
8806,-9.0000000000
8807,0.0000000000
8808,0.0000000000
8809,2.0000000000
8810,2.0000000000
8811,0.0000000000
8812,6.0000000000
8813,-2.0000000000
8814,5.0000000000
8815,2.0000000000
8816,-4.0000000000
8817,0.0000000000
8818,-1.0000000000
8819,-4.0000000000
8820,-6.0000000000
8821,8.0000000000
8822,-1.0000000000
8823,-1.0000000000
8824,-4.0000000000
8825,-2.0000000000
8826,-1.0000000000
8827,-3.0000000000
8828,-3.0000000000
8829,-1.0000000000
8830,-1.0000000000
8831,-2.0000000000
8832,3.0000000000
8833,-1.0000000000
8834,-9.0000000000
8835,-1.0000000000
8836,-4.0000000000
8837,1.0000000000
8838,2.0000000000
8839,0.0000000000
8840,0.0000000000
8841,1.0000000000
8842,-1.0000000000
8843,-6.0000000000
8844,-1.0000000000
8845,1.0000000000
8846,-4.0000000000
8847,-3.0000000000
8848,2.0000000000
8849,-1.0000000000
8850,0.0000000000
8851,3.0000000000
8852,-3.0000000000
8853,0.0000000000
8854,1.0000000000
8855,-1.0000000000
8856,-1.0000000000
8857,-2.0000000000
8858,-2.0000000000
8859,0.0000000000
8860,-1.0000000000
8861,2.0000000000
8862,3.0000000000
8863,6.0000000000
8864,1.0000000000
8865,6.0000000000
8866,3.0000000000
8867,-5.0000000000
8868,-3.0000000000
8869,2.0000000000
8870,-1.0000000000
8871,-2.0000000000
8872,1.0000000000
8873,-3.0000000000
8874,1.0000000000
8875,6.0000000000
8876,1.0000000000
8877,2.0000000000
8878,5.0000000000
8879,-3.0000000000
8880,0.0000000000
8881,-3.0000000000
8882,2.0000000000
8883,1.0000000000
8884,0.0000000000
8885,-3.0000000000
8886,-3.0000000000
8887,3.0000000000
8888,1.0000000000
8889,3.0000000000
8890,2.0000000000
8891,2.0000000000
8892,2.0000000000
8893,-6.0000000000
8894,-4.0000000000
8895,3.0000000000
8896,-3.0000000000
8897,-2.0000000000
8898,-3.0000000000
8899,-2.0000000000
8900,3.0000000000
8901,5.0000000000
8902,1.0000000000
8903,-2.0000000000
8904,2.0000000000
8905,-1.0000000000
8906,1.0000000000
8907,0.0000000000
8908,0.0000000000
8909,3.0000000000
8910,-1.0000000000
8911,0.0000000000
8912,-2.0000000000
8913,8.0000000000
8914,-2.0000000000
8915,3.0000000000
8916,-5.0000000000
8917,-2.0000000000
8918,7.0000000000
8919,-1.0000000000
8920,-3.0000000000
8921,-2.0000000000
8922,-1.0000000000
8923,4.0000000000
8924,-1.0000000000
8925,-9.0000000000
8926,1.0000000000
8927,-5.0000000000
8928,2.0000000000
8929,-3.0000000000
8930,9.0000000000
8931,3.0000000000
8932,-4.0000000000
8933,2.0000000000
8934,-1.0000000000
8935,-5.0000000000
8936,-1.0000000000
8937,0.0000000000
8938,-4.0000000000
8939,1.0000000000
8940,-5.0000000000
8941,-6.0000000000
8942,-2.0000000000
8943,-4.0000000000
8944,-3.0000000000
8945,3.0000000000
8946,6.0000000000
8947,2.0000000000
8948,-4.0000000000
8949,-1.0000000000
8950,-5.0000000000
8951,-2.0000000000
8952,4.0000000000
8953,1.0000000000
8954,-1.0000000000
8955,-3.0000000000
8956,-1.0000000000
8957,-1.0000000000
8958,-2.0000000000
8959,-7.0000000000
8960,-3.0000000000
8961,0.0000000000
8962,-2.0000000000
8963,-2.0000000000
8964,1.0000000000
8965,-1.0000000000
8966,0.0000000000
8967,4.0000000000
8968,-2.0000000000
8969,1.0000000000
8970,3.0000000000
8971,2.0000000000
8972,6.0000000000
8973,-1.0000000000
8974,4.0000000000
8975,3.0000000000
8976,-1.0000000000
8977,-1.0000000000
8978,-3.0000000000
8979,3.0000000000
8980,-1.0000000000
8981,-1.0000000000
8982,-2.0000000000
8983,4.0000000000
8984,0.0000000000
8985,0.0000000000
8986,-1.0000000000
8987,3.0000000000
8988,-6.0000000000
8989,1.0000000000
8990,-1.0000000000
8991,3.0000000000
8992,2.0000000000
8993,-9.0000000000
8994,-1.0000000000
8995,-3.0000000000
8996,0.0000000000
8997,0.0000000000
8998,-1.0000000000
8999,-5.0000000000
9000,0.0000000000
9001,0.0000000000
9002,-2.0000000000
9003,-2.0000000000
9004,-6.0000000000
9005,-1.0000000000
9006,1.0000000000
9007,6.0000000000
9008,0.0000000000
9009,-2.0000000000
9010,4.0000000000
9011,4.0000000000
9012,-4.0000000000
9013,4.0000000000
9014,0.0000000000
9015,-4.0000000000
9016,6.0000000000
9017,-5.0000000000
9018,4.0000000000
9019,-1.0000000000
9020,1.0000000000
9021,-4.0000000000
9022,-2.0000000000
9023,2.0000000000
9024,5.0000000000
9025,4.0000000000
9026,-4.0000000000
9027,1.0000000000
9028,1.0000000000
9029,-2.0000000000
9030,-2.0000000000
9031,-5.0000000000
9032,7.0000000000
9033,1.0000000000
9034,0.0000000000
9035,0.0000000000
9036,-4.0000000000
9037,2.0000000000
9038,-2.0000000000
9039,-6.0000000000
9040,-5.0000000000
9041,2.0000000000
9042,-1.0000000000
9043,-2.0000000000
9044,-2.0000000000
9045,1.0000000000
9046,-1.0000000000
9047,-4.0000000000
9048,1.0000000000
9049,1.0000000000
9050,2.0000000000
9051,0.0000000000
9052,0.0000000000
9053,2.0000000000
9054,-2.0000000000
9055,2.0000000000
9056,5.0000000000
9057,-2.0000000000
9058,3.0000000000
9059,3.0000000000
9060,-3.0000000000
9061,1.0000000000
9062,3.0000000000
9063,5.0000000000
9064,-5.0000000000
9065,-2.0000000000
9066,1.0000000000
9067,4.0000000000
9068,-5.0000000000
9069,0.0000000000
9070,5.0000000000
9071,-1.0000000000
9072,-6.0000000000
9073,5.0000000000
9074,4.0000000000
9075,1.0000000000
9076,3.0000000000
9077,7.0000000000
9078,5.0000000000
9079,0.0000000000
9080,-2.0000000000
9081,0.0000000000
9082,-2.0000000000
9083,0.0000000000
9084,5.0000000000
9085,1.0000000000
9086,2.0000000000
9087,8.0000000000
9088,0.0000000000
9089,4.0000000000
9090,-4.0000000000
9091,-3.0000000000
9092,5.0000000000
9093,-2.0000000000
9094,2.0000000000
9095,4.0000000000
9096,-6.0000000000
9097,-2.0000000000
9098,2.0000000000
9099,-1.0000000000
9100,2.0000000000
9101,11.0000000000
9102,0.0000000000
9103,-2.0000000000
9104,0.0000000000
9105,-4.0000000000
9106,-4.0000000000
9107,0.0000000000
9108,-5.0000000000
9109,-1.0000000000
9110,1.0000000000
9111,3.0000000000
9112,-3.0000000000
9113,6.0000000000
9114,5.0000000000
9115,2.0000000000
9116,-3.0000000000
9117,1.0000000000
9118,3.0000000000
9119,0.0000000000
9120,1.0000000000
9121,3.0000000000
9122,-1.0000000000
9123,3.0000000000
9124,4.0000000000
9125,7.0000000000
9126,2.0000000000
9127,-1.0000000000
9128,5.0000000000
9129,-2.0000000000
9130,-8.0000000000
9131,4.0000000000
9132,1.0000000000
9133,0.0000000000
9134,2.0000000000
9135,2.0000000000
9136,0.0000000000
9137,-4.0000000000
9138,-3.0000000000
9139,0.0000000000
9140,6.0000000000
9141,-7.0000000000
9142,-2.0000000000
9143,6.0000000000
9144,-2.0000000000
9145,5.0000000000
9146,1.0000000000
9147,2.0000000000
9148,7.0000000000
9149,6.0000000000
9150,3.0000000000
9151,-2.0000000000
9152,1.0000000000
9153,1.0000000000
9154,-1.0000000000
9155,0.0000000000
9156,-5.0000000000
9157,2.0000000000
9158,-8.0000000000
9159,-1.0000000000
9160,4.0000000000
9161,-1.0000000000
9162,-1.0000000000
9163,-1.0000000000
9164,3.0000000000
9165,-1.0000000000
9166,4.0000000000
9167,-6.0000000000
9168,-1.0000000000
9169,-8.0000000000
9170,-3.0000000000
9171,-2.0000000000
9172,0.0000000000
9173,1.0000000000
9174,2.0000000000
9175,0.0000000000
9176,0.0000000000
9177,-1.0000000000
9178,2.0000000000
9179,-1.0000000000
9180,1.0000000000
9181,0.0000000000
9182,0.0000000000
9183,-4.0000000000
9184,2.0000000000
9185,-2.0000000000
9186,-1.0000000000
9187,-7.0000000000
9188,-1.0000000000
9189,0.0000000000
9190,-6.0000000000
9191,1.0000000000
9192,-2.0000000000
9193,-1.0000000000
9194,-1.0000000000
9195,-3.0000000000
9196,0.0000000000
9197,-5.0000000000
9198,1.0000000000
9199,6.0000000000
9200,2.0000000000
9201,-4.0000000000
9202,4.0000000000
9203,0.0000000000
9204,0.0000000000
9205,4.0000000000
9206,8.0000000000
9207,-2.0000000000
9208,-2.0000000000
9209,-3.0000000000
9210,5.0000000000
9211,6.0000000000
9212,-1.0000000000
9213,-2.0000000000
9214,0.0000000000
9215,4.0000000000
9216,-2.0000000000
9217,-2.0000000000
9218,2.0000000000
9219,3.0000000000
9220,-4.0000000000
9221,0.0000000000
9222,1.0000000000
9223,4.0000000000
9224,-1.0000000000
9225,0.0000000000
9226,-1.0000000000
9227,-1.0000000000
9228,-6.0000000000
9229,2.0000000000
9230,8.0000000000
9231,0.0000000000
9232,3.0000000000
9233,0.0000000000
9234,1.0000000000
9235,4.0000000000
9236,0.0000000000
9237,1.0000000000
9238,-4.0000000000
9239,-2.0000000000
9240,1.0000000000
9241,3.0000000000
9242,5.0000000000
9243,1.0000000000
9244,-2.0000000000
9245,8.0000000000
9246,3.0000000000
9247,3.0000000000
9248,1.0000000000
9249,4.0000000000
9250,-5.0000000000
9251,2.0000000000
9252,-1.0000000000
9253,3.0000000000
9254,0.0000000000
9255,3.0000000000
9256,4.0000000000
9257,0.0000000000
9258,-4.0000000000
9259,7.0000000000
9260,3.0000000000
9261,-1.0000000000
9262,-4.0000000000
9263,5.0000000000
9264,-2.0000000000
9265,-6.0000000000
9266,-3.0000000000
9267,-2.0000000000
9268,6.0000000000
9269,0.0000000000
9270,2.0000000000
9271,-5.0000000000
9272,0.0000000000
9273,0.0000000000
9274,-1.0000000000
9275,1.0000000000
9276,1.0000000000
9277,-1.0000000000
9278,0.0000000000
9279,2.0000000000
9280,-1.0000000000
9281,-1.0000000000
9282,1.0000000000
9283,-2.0000000000
9284,3.0000000000
9285,-5.0000000000
9286,5.0000000000
9287,-1.0000000000
9288,-2.0000000000
9289,-1.0000000000
9290,-1.0000000000
9291,-5.0000000000
9292,3.0000000000
9293,0.0000000000
9294,2.0000000000
9295,2.0000000000
9296,-3.0000000000
9297,-2.0000000000
9298,4.0000000000
9299,2.0000000000
9300,4.0000000000
9301,1.0000000000
9302,3.0000000000
9303,0.0000000000
9304,-2.0000000000
9305,0.0000000000
9306,1.0000000000
9307,2.0000000000
9308,-1.0000000000
9309,-6.0000000000
9310,-1.0000000000
9311,-2.0000000000
9312,2.0000000000
9313,-1.0000000000
9314,0.0000000000
9315,1.0000000000
9316,2.0000000000
9317,-1.0000000000
9318,-4.0000000000
9319,-1.0000000000
9320,-10.0000000000
9321,2.0000000000
9322,0.0000000000
9323,1.0000000000
9324,-4.0000000000
9325,-2.0000000000
9326,2.0000000000
9327,4.0000000000
9328,-6.0000000000
9329,4.0000000000
9330,1.0000000000
9331,1.0000000000
9332,-1.0000000000
9333,0.0000000000
9334,7.0000000000
9335,-3.0000000000
9336,4.0000000000
9337,4.0000000000
9338,-1.0000000000
9339,-6.0000000000
9340,8.0000000000
9341,-4.0000000000
9342,-3.0000000000
9343,3.0000000000
9344,3.0000000000
9345,-2.0000000000
9346,-4.0000000000
9347,-1.0000000000
9348,0.0000000000
9349,4.0000000000
9350,-3.0000000000
9351,-2.0000000000
9352,-2.0000000000
9353,2.0000000000
9354,1.0000000000
9355,-1.0000000000
9356,2.0000000000
9357,0.0000000000
9358,-2.0000000000
9359,3.0000000000
9360,-1.0000000000
9361,2.0000000000
9362,3.0000000000
9363,-3.0000000000
9364,-4.0000000000
9365,1.0000000000
9366,7.0000000000
9367,4.0000000000
9368,1.0000000000
9369,0.0000000000
9370,2.0000000000
9371,-6.0000000000
9372,0.0000000000
9373,-4.0000000000
9374,1.0000000000
9375,-3.0000000000
9376,-1.0000000000
9377,-4.0000000000
9378,-2.0000000000
9379,-1.0000000000
9380,-4.0000000000
9381,1.0000000000
9382,-4.0000000000
9383,-2.0000000000
9384,-1.0000000000
9385,5.0000000000
9386,-2.0000000000
9387,3.0000000000
9388,5.0000000000
9389,6.0000000000
9390,1.0000000000
9391,1.0000000000
9392,0.0000000000
9393,1.0000000000
9394,-1.0000000000
9395,1.0000000000
9396,2.0000000000
9397,-1.0000000000
9398,2.0000000000
9399,-4.0000000000
9400,-9.0000000000
9401,-2.0000000000
9402,-2.0000000000
9403,-1.0000000000
9404,-6.0000000000
9405,2.0000000000
9406,-1.0000000000
9407,2.0000000000
9408,-6.0000000000
9409,1.0000000000
9410,-2.0000000000
9411,0.0000000000
9412,3.0000000000
9413,-1.0000000000
9414,-3.0000000000
9415,0.0000000000
9416,-3.0000000000
9417,-4.0000000000
9418,1.0000000000
9419,-3.0000000000
9420,1.0000000000
9421,-1.0000000000
9422,6.0000000000
9423,4.0000000000
9424,-1.0000000000
9425,0.0000000000
9426,0.0000000000
9427,-3.0000000000
9428,1.0000000000
9429,0.0000000000
9430,3.0000000000
9431,-3.0000000000
9432,-1.0000000000
9433,-1.0000000000
9434,-1.0000000000
9435,0.0000000000
9436,1.0000000000
9437,-5.0000000000
9438,4.0000000000
9439,5.0000000000
9440,1.0000000000
9441,-2.0000000000
9442,0.0000000000
9443,0.0000000000
9444,-3.0000000000
9445,-2.0000000000
9446,-2.0000000000
9447,2.0000000000
9448,1.0000000000
9449,-2.0000000000
9450,-2.0000000000
9451,-6.0000000000
9452,-3.0000000000
9453,-2.0000000000
9454,1.0000000000
9455,4.0000000000
9456,-5.0000000000
9457,-3.0000000000
9458,-3.0000000000
9459,-3.0000000000
9460,0.0000000000
9461,2.0000000000
9462,-4.0000000000
9463,1.0000000000
9464,0.0000000000
9465,-1.0000000000
9466,-2.0000000000
9467,1.0000000000
9468,-3.0000000000
9469,4.0000000000
9470,-3.0000000000
9471,2.0000000000
9472,1.0000000000
9473,2.0000000000
9474,-5.0000000000
9475,-1.0000000000
9476,3.0000000000
9477,3.0000000000
9478,-1.0000000000
9479,2.0000000000
9480,-7.0000000000
9481,2.0000000000
9482,5.0000000000
9483,6.0000000000
9484,3.0000000000
9485,-3.0000000000
9486,-5.0000000000
9487,-5.0000000000
9488,1.0000000000
9489,2.0000000000
9490,-4.0000000000
9491,5.0000000000
9492,-1.0000000000
9493,0.0000000000
9494,-4.0000000000
9495,-3.0000000000
9496,1.0000000000
9497,2.0000000000
9498,-2.0000000000
9499,1.0000000000
9500,7.0000000000
9501,4.0000000000
9502,-3.0000000000
9503,1.0000000000
9504,-1.0000000000
9505,0.0000000000
9506,-1.0000000000
9507,-2.0000000000
9508,-2.0000000000
9509,-3.0000000000
9510,-1.0000000000
9511,4.0000000000
9512,0.0000000000
9513,-6.0000000000
9514,1.0000000000
9515,2.0000000000
9516,-2.0000000000
9517,1.0000000000
9518,-5.0000000000
9519,-4.0000000000
9520,0.0000000000
9521,4.0000000000
9522,1.0000000000
9523,-2.0000000000
9524,9.0000000000
9525,0.0000000000
9526,-1.0000000000
9527,-1.0000000000
9528,0.0000000000
9529,2.0000000000
9530,-1.0000000000
9531,-4.0000000000
9532,1.0000000000
9533,1.0000000000
9534,-4.0000000000
9535,-3.0000000000
9536,0.0000000000
9537,-1.0000000000
9538,6.0000000000
9539,0.0000000000
9540,5.0000000000
9541,-4.0000000000
9542,-5.0000000000
9543,-1.0000000000
9544,-3.0000000000
9545,2.0000000000
9546,0.0000000000
9547,2.0000000000
9548,-3.0000000000
9549,-2.0000000000
9550,-4.0000000000
9551,-3.0000000000
9552,-3.0000000000
9553,-3.0000000000
9554,-3.0000000000
9555,-1.0000000000
9556,-5.0000000000
9557,-4.0000000000
9558,0.0000000000
9559,5.0000000000
9560,1.0000000000
9561,0.0000000000
9562,5.0000000000
9563,3.0000000000
9564,0.0000000000
9565,4.0000000000
9566,-1.0000000000
9567,2.0000000000
9568,-2.0000000000
9569,2.0000000000
9570,-1.0000000000
9571,-7.0000000000
9572,2.0000000000
9573,-1.0000000000
9574,0.0000000000
9575,5.0000000000
9576,-1.0000000000
9577,-3.0000000000
9578,2.0000000000
9579,7.0000000000
9580,-1.0000000000
9581,-3.0000000000
9582,-4.0000000000
9583,2.0000000000
9584,-1.0000000000
9585,0.0000000000
9586,0.0000000000
9587,3.0000000000
9588,-4.0000000000
9589,1.0000000000
9590,-3.0000000000
9591,0.0000000000
9592,5.0000000000
9593,-4.0000000000
9594,2.0000000000
9595,0.0000000000
9596,5.0000000000
9597,6.0000000000
9598,-2.0000000000
9599,-1.0000000000
9600,10.0000000000
9601,-2.0000000000
9602,2.0000000000
9603,0.0000000000
9604,-4.0000000000
9605,5.0000000000
9606,-7.0000000000
9607,0.0000000000
9608,-3.0000000000
9609,-4.0000000000
9610,-2.0000000000
9611,3.0000000000
9612,0.0000000000
9613,-1.0000000000
9614,-1.0000000000
9615,-1.0000000000
9616,1.0000000000
9617,4.0000000000
9618,2.0000000000
9619,-3.0000000000
9620,-3.0000000000
9621,1.0000000000
9622,-2.0000000000
9623,1.0000000000
9624,1.0000000000
9625,-4.0000000000
9626,-4.0000000000
9627,5.0000000000
9628,2.0000000000
9629,1.0000000000
9630,-2.0000000000
9631,2.0000000000
9632,-3.0000000000
9633,3.0000000000
9634,-2.0000000000
9635,-3.0000000000
9636,-1.0000000000
9637,2.0000000000
9638,2.0000000000
9639,-2.0000000000
9640,0.0000000000
9641,-3.0000000000
9642,0.0000000000
9643,-1.0000000000
9644,0.0000000000
9645,-1.0000000000
9646,-6.0000000000
9647,1.0000000000
9648,-1.0000000000
9649,2.0000000000
9650,-3.0000000000
9651,1.0000000000
9652,-2.0000000000
9653,1.0000000000
9654,4.0000000000
9655,0.0000000000
9656,4.0000000000
9657,0.0000000000
9658,1.0000000000
9659,0.0000000000
9660,6.0000000000
9661,-2.0000000000
9662,-3.0000000000
9663,0.0000000000
9664,-5.0000000000
9665,0.0000000000
9666,3.0000000000
9667,1.0000000000
9668,4.0000000000
9669,-1.0000000000
9670,3.0000000000
9671,-3.0000000000
9672,0.0000000000
9673,3.0000000000
9674,2.0000000000
9675,4.0000000000
9676,5.0000000000
9677,-3.0000000000
9678,-3.0000000000
9679,-5.0000000000
9680,0.0000000000
9681,6.0000000000
9682,-1.0000000000
9683,-3.0000000000
9684,2.0000000000
9685,-1.0000000000
9686,-1.0000000000
9687,-3.0000000000
9688,5.0000000000
9689,8.0000000000
9690,-3.0000000000
9691,2.0000000000
9692,2.0000000000
9693,3.0000000000
9694,6.0000000000
9695,4.0000000000
9696,-2.0000000000
9697,-2.0000000000
9698,2.0000000000
9699,-1.0000000000
9700,-2.0000000000
9701,-3.0000000000
9702,-2.0000000000
9703,1.0000000000
9704,-2.0000000000
9705,0.0000000000
9706,-5.0000000000
9707,1.0000000000
9708,-2.0000000000
9709,-2.0000000000
9710,1.0000000000
9711,-5.0000000000
9712,-1.0000000000
9713,-2.0000000000
9714,4.0000000000
9715,0.0000000000
9716,-3.0000000000
9717,-4.0000000000
9718,-6.0000000000
9719,2.0000000000
9720,0.0000000000
9721,3.0000000000
9722,5.0000000000
9723,0.0000000000
9724,4.0000000000
9725,-5.0000000000
9726,3.0000000000
9727,7.0000000000
9728,-1.0000000000
9729,4.0000000000
9730,-1.0000000000
9731,-1.0000000000
9732,-5.0000000000
9733,-5.0000000000
9734,2.0000000000
9735,4.0000000000
9736,2.0000000000
9737,-1.0000000000
9738,-2.0000000000
9739,-4.0000000000
9740,4.0000000000
9741,5.0000000000
9742,2.0000000000
9743,-4.0000000000
9744,-4.0000000000
9745,1.0000000000
9746,-7.0000000000
9747,-3.0000000000
9748,-3.0000000000
9749,0.0000000000
9750,2.0000000000
9751,-1.0000000000
9752,1.0000000000
9753,2.0000000000
9754,4.0000000000
9755,-6.0000000000
9756,0.0000000000
9757,-1.0000000000
9758,-4.0000000000
9759,-1.0000000000
9760,3.0000000000
9761,5.0000000000
9762,-6.0000000000
9763,1.0000000000
9764,-1.0000000000
9765,-4.0000000000
9766,5.0000000000
9767,-1.0000000000
9768,-2.0000000000
9769,-5.0000000000
9770,-2.0000000000
9771,2.0000000000
9772,3.0000000000
9773,6.0000000000
9774,1.0000000000
9775,-4.0000000000
9776,1.0000000000
9777,1.0000000000
9778,-3.0000000000
9779,-3.0000000000
9780,-2.0000000000
9781,4.0000000000
9782,-2.0000000000
9783,-6.0000000000
9784,6.0000000000
9785,-3.0000000000
9786,3.0000000000
9787,5.0000000000
9788,2.0000000000
9789,1.0000000000
9790,-3.0000000000
9791,1.0000000000
9792,-3.0000000000
9793,2.0000000000
9794,-3.0000000000
9795,4.0000000000
9796,-1.0000000000
9797,3.0000000000
9798,-2.0000000000
9799,3.0000000000
9800,5.0000000000
9801,0.0000000000
9802,1.0000000000
9803,-1.0000000000
9804,0.0000000000
9805,-5.0000000000
9806,0.0000000000
9807,5.0000000000
9808,2.0000000000
9809,0.0000000000
9810,4.0000000000
9811,-3.0000000000
9812,0.0000000000
9813,-2.0000000000
9814,-1.0000000000
9815,-1.0000000000
9816,3.0000000000
9817,-2.0000000000
9818,1.0000000000
9819,3.0000000000
9820,7.0000000000
9821,-1.0000000000
9822,-1.0000000000
9823,-2.0000000000
9824,-4.0000000000
9825,-1.0000000000
9826,1.0000000000
9827,-1.0000000000
9828,-1.0000000000
9829,-2.0000000000
9830,-2.0000000000
9831,1.0000000000
9832,-1.0000000000
9833,-1.0000000000
9834,-2.0000000000
9835,1.0000000000
9836,1.0000000000
9837,0.0000000000
9838,0.0000000000
9839,7.0000000000
9840,-2.0000000000
9841,1.0000000000
9842,4.0000000000
9843,6.0000000000
9844,2.0000000000
9845,4.0000000000
9846,-2.0000000000
9847,1.0000000000
9848,-1.0000000000
9849,1.0000000000
9850,-3.0000000000
9851,3.0000000000
9852,-1.0000000000
9853,3.0000000000
9854,-2.0000000000
9855,1.0000000000
9856,-1.0000000000
9857,-2.0000000000
9858,-3.0000000000
9859,-3.0000000000
9860,1.0000000000
9861,-2.0000000000
9862,-1.0000000000
9863,3.0000000000
9864,1.0000000000
9865,-6.0000000000
9866,-3.0000000000
9867,-5.0000000000
9868,1.0000000000
9869,-5.0000000000
9870,-3.0000000000
9871,-2.0000000000
9872,-4.0000000000
9873,5.0000000000
9874,-5.0000000000
9875,-1.0000000000
9876,4.0000000000
9877,-3.0000000000
9878,1.0000000000
9879,8.0000000000
9880,1.0000000000
9881,-1.0000000000
9882,0.0000000000
9883,0.0000000000
9884,3.0000000000
9885,1.0000000000
9886,6.0000000000
9887,2.0000000000
9888,-2.0000000000
9889,0.0000000000
9890,1.0000000000
9891,1.0000000000
9892,-2.0000000000
9893,0.0000000000
9894,0.0000000000
9895,4.0000000000
9896,-2.0000000000
9897,4.0000000000
9898,4.0000000000
9899,-3.0000000000
9900,-1.0000000000
9901,1.0000000000
9902,-4.0000000000
9903,-5.0000000000
9904,0.0000000000
9905,-2.0000000000
9906,-1.0000000000
9907,-7.0000000000
9908,6.0000000000
9909,5.0000000000
9910,0.0000000000
9911,2.0000000000
9912,0.0000000000
9913,0.0000000000
9914,2.0000000000
9915,9.0000000000
9916,1.0000000000
9917,-1.0000000000
9918,2.0000000000
9919,-4.0000000000
9920,2.0000000000
9921,-4.0000000000
9922,1.0000000000
9923,5.0000000000
9924,-1.0000000000
9925,3.0000000000
9926,-1.0000000000
9927,2.0000000000
9928,4.0000000000
9929,1.0000000000
9930,1.0000000000
9931,-3.0000000000
9932,2.0000000000
9933,0.0000000000
9934,-1.0000000000
9935,0.0000000000
9936,0.0000000000
9937,-9.0000000000
9938,-1.0000000000
9939,4.0000000000
9940,1.0000000000
9941,1.0000000000
9942,2.0000000000
9943,5.0000000000
9944,-6.0000000000
9945,-3.0000000000
9946,-4.0000000000
9947,0.0000000000
9948,-4.0000000000
9949,0.0000000000
9950,2.0000000000
9951,-2.0000000000
9952,-5.0000000000
9953,-2.0000000000
9954,2.0000000000
9955,6.0000000000
9956,0.0000000000
9957,-1.0000000000
9958,-1.0000000000
9959,2.0000000000
9960,3.0000000000
9961,4.0000000000
9962,-4.0000000000
9963,-2.0000000000
9964,-6.0000000000
9965,-2.0000000000
9966,-2.0000000000
9967,-4.0000000000
9968,-8.0000000000
9969,-1.0000000000
9970,4.0000000000
9971,2.0000000000
9972,-4.0000000000
9973,-5.0000000000
9974,0.0000000000
9975,-5.0000000000
9976,6.0000000000
9977,-3.0000000000
9978,3.0000000000
9979,3.0000000000
9980,-2.0000000000
9981,6.0000000000
9982,-1.0000000000
9983,-10.0000000000
9984,-2.0000000000
9985,1.0000000000
9986,-1.0000000000
9987,-7.0000000000
9988,-1.0000000000
9989,-1.0000000000
9990,10.0000000000
9991,-2.0000000000
9992,5.0000000000
9993,2.0000000000
9994,0.0000000000
9995,-6.0000000000
9996,4.0000000000
9997,0.0000000000
9998,-2.0000000000
9999,3.0000000000
